date,Housing Inventory: Median Home Size in Square Feet,state,msa,city,title,id,frequency,seasonal_adjustment
2016-07-01,2558.0,GA,"Atlanta-Sandy Springs-Alpharetta, GA",Atlanta,"Housing Inventory: Median Home Size in Square Feet in Atlanta-Sandy Springs-Roswell, GA (CBSA)",MEDSQUFEE12060,Monthly,Not Seasonally Adjusted
2016-08-01,2540.5,GA,"Atlanta-Sandy Springs-Alpharetta, GA",Atlanta,"Housing Inventory: Median Home Size in Square Feet in Atlanta-Sandy Springs-Roswell, GA (CBSA)",MEDSQUFEE12060,Monthly,Not Seasonally Adjusted
2016-09-01,2534.0,GA,"Atlanta-Sandy Springs-Alpharetta, GA",Atlanta,"Housing Inventory: Median Home Size in Square Feet in Atlanta-Sandy Springs-Roswell, GA (CBSA)",MEDSQUFEE12060,Monthly,Not Seasonally Adjusted
2016-10-01,2528.0,GA,"Atlanta-Sandy Springs-Alpharetta, GA",Atlanta,"Housing Inventory: Median Home Size in Square Feet in Atlanta-Sandy Springs-Roswell, GA (CBSA)",MEDSQUFEE12060,Monthly,Not Seasonally Adjusted
2016-11-01,2526.0,GA,"Atlanta-Sandy Springs-Alpharetta, GA",Atlanta,"Housing Inventory: Median Home Size in Square Feet in Atlanta-Sandy Springs-Roswell, GA (CBSA)",MEDSQUFEE12060,Monthly,Not Seasonally Adjusted
2016-12-01,2508.0,GA,"Atlanta-Sandy Springs-Alpharetta, GA",Atlanta,"Housing Inventory: Median Home Size in Square Feet in Atlanta-Sandy Springs-Roswell, GA (CBSA)",MEDSQUFEE12060,Monthly,Not Seasonally Adjusted
2017-01-01,2504.0,GA,"Atlanta-Sandy Springs-Alpharetta, GA",Atlanta,"Housing Inventory: Median Home Size in Square Feet in Atlanta-Sandy Springs-Roswell, GA (CBSA)",MEDSQUFEE12060,Monthly,Not Seasonally Adjusted
2017-02-01,2512.5,GA,"Atlanta-Sandy Springs-Alpharetta, GA",Atlanta,"Housing Inventory: Median Home Size in Square Feet in Atlanta-Sandy Springs-Roswell, GA (CBSA)",MEDSQUFEE12060,Monthly,Not Seasonally Adjusted
2017-03-01,2552.5,GA,"Atlanta-Sandy Springs-Alpharetta, GA",Atlanta,"Housing Inventory: Median Home Size in Square Feet in Atlanta-Sandy Springs-Roswell, GA (CBSA)",MEDSQUFEE12060,Monthly,Not Seasonally Adjusted
2017-04-01,2623.0,GA,"Atlanta-Sandy Springs-Alpharetta, GA",Atlanta,"Housing Inventory: Median Home Size in Square Feet in Atlanta-Sandy Springs-Roswell, GA (CBSA)",MEDSQUFEE12060,Monthly,Not Seasonally Adjusted
2017-05-01,2653.5,GA,"Atlanta-Sandy Springs-Alpharetta, GA",Atlanta,"Housing Inventory: Median Home Size in Square Feet in Atlanta-Sandy Springs-Roswell, GA (CBSA)",MEDSQUFEE12060,Monthly,Not Seasonally Adjusted
2017-06-01,2666.0,GA,"Atlanta-Sandy Springs-Alpharetta, GA",Atlanta,"Housing Inventory: Median Home Size in Square Feet in Atlanta-Sandy Springs-Roswell, GA (CBSA)",MEDSQUFEE12060,Monthly,Not Seasonally Adjusted
2017-07-01,2624.0,GA,"Atlanta-Sandy Springs-Alpharetta, GA",Atlanta,"Housing Inventory: Median Home Size in Square Feet in Atlanta-Sandy Springs-Roswell, GA (CBSA)",MEDSQUFEE12060,Monthly,Not Seasonally Adjusted
2017-08-01,2623.5,GA,"Atlanta-Sandy Springs-Alpharetta, GA",Atlanta,"Housing Inventory: Median Home Size in Square Feet in Atlanta-Sandy Springs-Roswell, GA (CBSA)",MEDSQUFEE12060,Monthly,Not Seasonally Adjusted
2017-09-01,2610.0,GA,"Atlanta-Sandy Springs-Alpharetta, GA",Atlanta,"Housing Inventory: Median Home Size in Square Feet in Atlanta-Sandy Springs-Roswell, GA (CBSA)",MEDSQUFEE12060,Monthly,Not Seasonally Adjusted
2017-10-01,2600.0,GA,"Atlanta-Sandy Springs-Alpharetta, GA",Atlanta,"Housing Inventory: Median Home Size in Square Feet in Atlanta-Sandy Springs-Roswell, GA (CBSA)",MEDSQUFEE12060,Monthly,Not Seasonally Adjusted
2017-11-01,2596.5,GA,"Atlanta-Sandy Springs-Alpharetta, GA",Atlanta,"Housing Inventory: Median Home Size in Square Feet in Atlanta-Sandy Springs-Roswell, GA (CBSA)",MEDSQUFEE12060,Monthly,Not Seasonally Adjusted
2017-12-01,2582.0,GA,"Atlanta-Sandy Springs-Alpharetta, GA",Atlanta,"Housing Inventory: Median Home Size in Square Feet in Atlanta-Sandy Springs-Roswell, GA (CBSA)",MEDSQUFEE12060,Monthly,Not Seasonally Adjusted
2018-01-01,2587.0,GA,"Atlanta-Sandy Springs-Alpharetta, GA",Atlanta,"Housing Inventory: Median Home Size in Square Feet in Atlanta-Sandy Springs-Roswell, GA (CBSA)",MEDSQUFEE12060,Monthly,Not Seasonally Adjusted
2018-02-01,2608.5,GA,"Atlanta-Sandy Springs-Alpharetta, GA",Atlanta,"Housing Inventory: Median Home Size in Square Feet in Atlanta-Sandy Springs-Roswell, GA (CBSA)",MEDSQUFEE12060,Monthly,Not Seasonally Adjusted
2018-03-01,2650.0,GA,"Atlanta-Sandy Springs-Alpharetta, GA",Atlanta,"Housing Inventory: Median Home Size in Square Feet in Atlanta-Sandy Springs-Roswell, GA (CBSA)",MEDSQUFEE12060,Monthly,Not Seasonally Adjusted
2018-04-01,2710.0,GA,"Atlanta-Sandy Springs-Alpharetta, GA",Atlanta,"Housing Inventory: Median Home Size in Square Feet in Atlanta-Sandy Springs-Roswell, GA (CBSA)",MEDSQUFEE12060,Monthly,Not Seasonally Adjusted
2018-05-01,2701.5,GA,"Atlanta-Sandy Springs-Alpharetta, GA",Atlanta,"Housing Inventory: Median Home Size in Square Feet in Atlanta-Sandy Springs-Roswell, GA (CBSA)",MEDSQUFEE12060,Monthly,Not Seasonally Adjusted
2018-06-01,2678.0,GA,"Atlanta-Sandy Springs-Alpharetta, GA",Atlanta,"Housing Inventory: Median Home Size in Square Feet in Atlanta-Sandy Springs-Roswell, GA (CBSA)",MEDSQUFEE12060,Monthly,Not Seasonally Adjusted
2018-07-01,2635.0,GA,"Atlanta-Sandy Springs-Alpharetta, GA",Atlanta,"Housing Inventory: Median Home Size in Square Feet in Atlanta-Sandy Springs-Roswell, GA (CBSA)",MEDSQUFEE12060,Monthly,Not Seasonally Adjusted
2018-08-01,2604.0,GA,"Atlanta-Sandy Springs-Alpharetta, GA",Atlanta,"Housing Inventory: Median Home Size in Square Feet in Atlanta-Sandy Springs-Roswell, GA (CBSA)",MEDSQUFEE12060,Monthly,Not Seasonally Adjusted
2018-09-01,2580.0,GA,"Atlanta-Sandy Springs-Alpharetta, GA",Atlanta,"Housing Inventory: Median Home Size in Square Feet in Atlanta-Sandy Springs-Roswell, GA (CBSA)",MEDSQUFEE12060,Monthly,Not Seasonally Adjusted
2018-10-01,2550.0,GA,"Atlanta-Sandy Springs-Alpharetta, GA",Atlanta,"Housing Inventory: Median Home Size in Square Feet in Atlanta-Sandy Springs-Roswell, GA (CBSA)",MEDSQUFEE12060,Monthly,Not Seasonally Adjusted
2018-11-01,2545.0,GA,"Atlanta-Sandy Springs-Alpharetta, GA",Atlanta,"Housing Inventory: Median Home Size in Square Feet in Atlanta-Sandy Springs-Roswell, GA (CBSA)",MEDSQUFEE12060,Monthly,Not Seasonally Adjusted
2018-12-01,2529.0,GA,"Atlanta-Sandy Springs-Alpharetta, GA",Atlanta,"Housing Inventory: Median Home Size in Square Feet in Atlanta-Sandy Springs-Roswell, GA (CBSA)",MEDSQUFEE12060,Monthly,Not Seasonally Adjusted
2019-01-01,2493.5,GA,"Atlanta-Sandy Springs-Alpharetta, GA",Atlanta,"Housing Inventory: Median Home Size in Square Feet in Atlanta-Sandy Springs-Roswell, GA (CBSA)",MEDSQUFEE12060,Monthly,Not Seasonally Adjusted
2019-02-01,2483.0,GA,"Atlanta-Sandy Springs-Alpharetta, GA",Atlanta,"Housing Inventory: Median Home Size in Square Feet in Atlanta-Sandy Springs-Roswell, GA (CBSA)",MEDSQUFEE12060,Monthly,Not Seasonally Adjusted
2019-03-01,2531.0,GA,"Atlanta-Sandy Springs-Alpharetta, GA",Atlanta,"Housing Inventory: Median Home Size in Square Feet in Atlanta-Sandy Springs-Roswell, GA (CBSA)",MEDSQUFEE12060,Monthly,Not Seasonally Adjusted
2019-04-01,2571.5,GA,"Atlanta-Sandy Springs-Alpharetta, GA",Atlanta,"Housing Inventory: Median Home Size in Square Feet in Atlanta-Sandy Springs-Roswell, GA (CBSA)",MEDSQUFEE12060,Monthly,Not Seasonally Adjusted
2019-05-01,2599.5,GA,"Atlanta-Sandy Springs-Alpharetta, GA",Atlanta,"Housing Inventory: Median Home Size in Square Feet in Atlanta-Sandy Springs-Roswell, GA (CBSA)",MEDSQUFEE12060,Monthly,Not Seasonally Adjusted
2019-06-01,2588.0,GA,"Atlanta-Sandy Springs-Alpharetta, GA",Atlanta,"Housing Inventory: Median Home Size in Square Feet in Atlanta-Sandy Springs-Roswell, GA (CBSA)",MEDSQUFEE12060,Monthly,Not Seasonally Adjusted
2019-07-01,2559.0,GA,"Atlanta-Sandy Springs-Alpharetta, GA",Atlanta,"Housing Inventory: Median Home Size in Square Feet in Atlanta-Sandy Springs-Roswell, GA (CBSA)",MEDSQUFEE12060,Monthly,Not Seasonally Adjusted
2019-08-01,2525.142857,GA,"Atlanta-Sandy Springs-Alpharetta, GA",Atlanta,"Housing Inventory: Median Home Size in Square Feet in Atlanta-Sandy Springs-Roswell, GA (CBSA)",MEDSQUFEE12060,Monthly,Not Seasonally Adjusted
2019-09-01,2497.5,GA,"Atlanta-Sandy Springs-Alpharetta, GA",Atlanta,"Housing Inventory: Median Home Size in Square Feet in Atlanta-Sandy Springs-Roswell, GA (CBSA)",MEDSQUFEE12060,Monthly,Not Seasonally Adjusted
2019-10-01,2498.0,GA,"Atlanta-Sandy Springs-Alpharetta, GA",Atlanta,"Housing Inventory: Median Home Size in Square Feet in Atlanta-Sandy Springs-Roswell, GA (CBSA)",MEDSQUFEE12060,Monthly,Not Seasonally Adjusted
2019-11-01,2489.0,GA,"Atlanta-Sandy Springs-Alpharetta, GA",Atlanta,"Housing Inventory: Median Home Size in Square Feet in Atlanta-Sandy Springs-Roswell, GA (CBSA)",MEDSQUFEE12060,Monthly,Not Seasonally Adjusted
2019-12-01,2456.5,GA,"Atlanta-Sandy Springs-Alpharetta, GA",Atlanta,"Housing Inventory: Median Home Size in Square Feet in Atlanta-Sandy Springs-Roswell, GA (CBSA)",MEDSQUFEE12060,Monthly,Not Seasonally Adjusted
2020-01-01,2445.0,GA,"Atlanta-Sandy Springs-Alpharetta, GA",Atlanta,"Housing Inventory: Median Home Size in Square Feet in Atlanta-Sandy Springs-Roswell, GA (CBSA)",MEDSQUFEE12060,Monthly,Not Seasonally Adjusted
2020-02-01,2459.0,GA,"Atlanta-Sandy Springs-Alpharetta, GA",Atlanta,"Housing Inventory: Median Home Size in Square Feet in Atlanta-Sandy Springs-Roswell, GA (CBSA)",MEDSQUFEE12060,Monthly,Not Seasonally Adjusted
2020-03-01,2478.0,GA,"Atlanta-Sandy Springs-Alpharetta, GA",Atlanta,"Housing Inventory: Median Home Size in Square Feet in Atlanta-Sandy Springs-Roswell, GA (CBSA)",MEDSQUFEE12060,Monthly,Not Seasonally Adjusted
2020-04-01,2424.0,GA,"Atlanta-Sandy Springs-Alpharetta, GA",Atlanta,"Housing Inventory: Median Home Size in Square Feet in Atlanta-Sandy Springs-Roswell, GA (CBSA)",MEDSQUFEE12060,Monthly,Not Seasonally Adjusted
2020-05-01,2437.0,GA,"Atlanta-Sandy Springs-Alpharetta, GA",Atlanta,"Housing Inventory: Median Home Size in Square Feet in Atlanta-Sandy Springs-Roswell, GA (CBSA)",MEDSQUFEE12060,Monthly,Not Seasonally Adjusted
2020-06-01,2457.5,GA,"Atlanta-Sandy Springs-Alpharetta, GA",Atlanta,"Housing Inventory: Median Home Size in Square Feet in Atlanta-Sandy Springs-Roswell, GA (CBSA)",MEDSQUFEE12060,Monthly,Not Seasonally Adjusted
2020-07-01,2475.5,GA,"Atlanta-Sandy Springs-Alpharetta, GA",Atlanta,"Housing Inventory: Median Home Size in Square Feet in Atlanta-Sandy Springs-Roswell, GA (CBSA)",MEDSQUFEE12060,Monthly,Not Seasonally Adjusted
2020-08-01,2448.0,GA,"Atlanta-Sandy Springs-Alpharetta, GA",Atlanta,"Housing Inventory: Median Home Size in Square Feet in Atlanta-Sandy Springs-Roswell, GA (CBSA)",MEDSQUFEE12060,Monthly,Not Seasonally Adjusted
2020-09-01,2396.5,GA,"Atlanta-Sandy Springs-Alpharetta, GA",Atlanta,"Housing Inventory: Median Home Size in Square Feet in Atlanta-Sandy Springs-Roswell, GA (CBSA)",MEDSQUFEE12060,Monthly,Not Seasonally Adjusted
2020-10-01,2361.0,GA,"Atlanta-Sandy Springs-Alpharetta, GA",Atlanta,"Housing Inventory: Median Home Size in Square Feet in Atlanta-Sandy Springs-Roswell, GA (CBSA)",MEDSQUFEE12060,Monthly,Not Seasonally Adjusted
2020-11-01,2295.0,GA,"Atlanta-Sandy Springs-Alpharetta, GA",Atlanta,"Housing Inventory: Median Home Size in Square Feet in Atlanta-Sandy Springs-Roswell, GA (CBSA)",MEDSQUFEE12060,Monthly,Not Seasonally Adjusted
2020-12-01,2250.0,GA,"Atlanta-Sandy Springs-Alpharetta, GA",Atlanta,"Housing Inventory: Median Home Size in Square Feet in Atlanta-Sandy Springs-Roswell, GA (CBSA)",MEDSQUFEE12060,Monthly,Not Seasonally Adjusted
2021-01-01,2227.0,GA,"Atlanta-Sandy Springs-Alpharetta, GA",Atlanta,"Housing Inventory: Median Home Size in Square Feet in Atlanta-Sandy Springs-Roswell, GA (CBSA)",MEDSQUFEE12060,Monthly,Not Seasonally Adjusted
2021-02-01,2198.0,GA,"Atlanta-Sandy Springs-Alpharetta, GA",Atlanta,"Housing Inventory: Median Home Size in Square Feet in Atlanta-Sandy Springs-Roswell, GA (CBSA)",MEDSQUFEE12060,Monthly,Not Seasonally Adjusted
2021-03-01,2206.0,GA,"Atlanta-Sandy Springs-Alpharetta, GA",Atlanta,"Housing Inventory: Median Home Size in Square Feet in Atlanta-Sandy Springs-Roswell, GA (CBSA)",MEDSQUFEE12060,Monthly,Not Seasonally Adjusted
2021-04-01,2250.0,GA,"Atlanta-Sandy Springs-Alpharetta, GA",Atlanta,"Housing Inventory: Median Home Size in Square Feet in Atlanta-Sandy Springs-Roswell, GA (CBSA)",MEDSQUFEE12060,Monthly,Not Seasonally Adjusted
2021-05-01,2247.0,GA,"Atlanta-Sandy Springs-Alpharetta, GA",Atlanta,"Housing Inventory: Median Home Size in Square Feet in Atlanta-Sandy Springs-Roswell, GA (CBSA)",MEDSQUFEE12060,Monthly,Not Seasonally Adjusted
2021-06-01,2270.5,GA,"Atlanta-Sandy Springs-Alpharetta, GA",Atlanta,"Housing Inventory: Median Home Size in Square Feet in Atlanta-Sandy Springs-Roswell, GA (CBSA)",MEDSQUFEE12060,Monthly,Not Seasonally Adjusted
2021-07-01,2272.0,GA,"Atlanta-Sandy Springs-Alpharetta, GA",Atlanta,"Housing Inventory: Median Home Size in Square Feet in Atlanta-Sandy Springs-Roswell, GA (CBSA)",MEDSQUFEE12060,Monthly,Not Seasonally Adjusted
2021-08-01,2233.0,GA,"Atlanta-Sandy Springs-Alpharetta, GA",Atlanta,"Housing Inventory: Median Home Size in Square Feet in Atlanta-Sandy Springs-Roswell, GA (CBSA)",MEDSQUFEE12060,Monthly,Not Seasonally Adjusted
2021-09-01,2216.0,GA,"Atlanta-Sandy Springs-Alpharetta, GA",Atlanta,"Housing Inventory: Median Home Size in Square Feet in Atlanta-Sandy Springs-Roswell, GA (CBSA)",MEDSQUFEE12060,Monthly,Not Seasonally Adjusted
2021-10-01,2181.0,GA,"Atlanta-Sandy Springs-Alpharetta, GA",Atlanta,"Housing Inventory: Median Home Size in Square Feet in Atlanta-Sandy Springs-Roswell, GA (CBSA)",MEDSQUFEE12060,Monthly,Not Seasonally Adjusted
2021-11-01,2173.5,GA,"Atlanta-Sandy Springs-Alpharetta, GA",Atlanta,"Housing Inventory: Median Home Size in Square Feet in Atlanta-Sandy Springs-Roswell, GA (CBSA)",MEDSQUFEE12060,Monthly,Not Seasonally Adjusted
2016-07-01,1940.0,NY,"New York-Newark-Jersey City, NY-NJ-PA",New York,"Housing Inventory: Median Home Size in Square Feet in New York-Newark-Jersey City, NY-NJ-PA (CBSA)",MEDSQUFEE35620,Monthly,Not Seasonally Adjusted
2016-08-01,1935.5,NY,"New York-Newark-Jersey City, NY-NJ-PA",New York,"Housing Inventory: Median Home Size in Square Feet in New York-Newark-Jersey City, NY-NJ-PA (CBSA)",MEDSQUFEE35620,Monthly,Not Seasonally Adjusted
2016-09-01,1927.0,NY,"New York-Newark-Jersey City, NY-NJ-PA",New York,"Housing Inventory: Median Home Size in Square Feet in New York-Newark-Jersey City, NY-NJ-PA (CBSA)",MEDSQUFEE35620,Monthly,Not Seasonally Adjusted
2016-10-01,1920.0,NY,"New York-Newark-Jersey City, NY-NJ-PA",New York,"Housing Inventory: Median Home Size in Square Feet in New York-Newark-Jersey City, NY-NJ-PA (CBSA)",MEDSQUFEE35620,Monthly,Not Seasonally Adjusted
2016-11-01,1900.5,NY,"New York-Newark-Jersey City, NY-NJ-PA",New York,"Housing Inventory: Median Home Size in Square Feet in New York-Newark-Jersey City, NY-NJ-PA (CBSA)",MEDSQUFEE35620,Monthly,Not Seasonally Adjusted
2016-12-01,1888.0,NY,"New York-Newark-Jersey City, NY-NJ-PA",New York,"Housing Inventory: Median Home Size in Square Feet in New York-Newark-Jersey City, NY-NJ-PA (CBSA)",MEDSQUFEE35620,Monthly,Not Seasonally Adjusted
2017-01-01,1878.0,NY,"New York-Newark-Jersey City, NY-NJ-PA",New York,"Housing Inventory: Median Home Size in Square Feet in New York-Newark-Jersey City, NY-NJ-PA (CBSA)",MEDSQUFEE35620,Monthly,Not Seasonally Adjusted
2017-02-01,1909.0,NY,"New York-Newark-Jersey City, NY-NJ-PA",New York,"Housing Inventory: Median Home Size in Square Feet in New York-Newark-Jersey City, NY-NJ-PA (CBSA)",MEDSQUFEE35620,Monthly,Not Seasonally Adjusted
2017-03-01,1925.0,NY,"New York-Newark-Jersey City, NY-NJ-PA",New York,"Housing Inventory: Median Home Size in Square Feet in New York-Newark-Jersey City, NY-NJ-PA (CBSA)",MEDSQUFEE35620,Monthly,Not Seasonally Adjusted
2017-04-01,1938.0,NY,"New York-Newark-Jersey City, NY-NJ-PA",New York,"Housing Inventory: Median Home Size in Square Feet in New York-Newark-Jersey City, NY-NJ-PA (CBSA)",MEDSQUFEE35620,Monthly,Not Seasonally Adjusted
2017-05-01,1956.5,NY,"New York-Newark-Jersey City, NY-NJ-PA",New York,"Housing Inventory: Median Home Size in Square Feet in New York-Newark-Jersey City, NY-NJ-PA (CBSA)",MEDSQUFEE35620,Monthly,Not Seasonally Adjusted
2017-06-01,1974.0,NY,"New York-Newark-Jersey City, NY-NJ-PA",New York,"Housing Inventory: Median Home Size in Square Feet in New York-Newark-Jersey City, NY-NJ-PA (CBSA)",MEDSQUFEE35620,Monthly,Not Seasonally Adjusted
2017-07-01,1988.0,NY,"New York-Newark-Jersey City, NY-NJ-PA",New York,"Housing Inventory: Median Home Size in Square Feet in New York-Newark-Jersey City, NY-NJ-PA (CBSA)",MEDSQUFEE35620,Monthly,Not Seasonally Adjusted
2017-08-01,1979.5,NY,"New York-Newark-Jersey City, NY-NJ-PA",New York,"Housing Inventory: Median Home Size in Square Feet in New York-Newark-Jersey City, NY-NJ-PA (CBSA)",MEDSQUFEE35620,Monthly,Not Seasonally Adjusted
2017-09-01,1978.0,NY,"New York-Newark-Jersey City, NY-NJ-PA",New York,"Housing Inventory: Median Home Size in Square Feet in New York-Newark-Jersey City, NY-NJ-PA (CBSA)",MEDSQUFEE35620,Monthly,Not Seasonally Adjusted
2017-10-01,1964.0,NY,"New York-Newark-Jersey City, NY-NJ-PA",New York,"Housing Inventory: Median Home Size in Square Feet in New York-Newark-Jersey City, NY-NJ-PA (CBSA)",MEDSQUFEE35620,Monthly,Not Seasonally Adjusted
2017-11-01,1938.0,NY,"New York-Newark-Jersey City, NY-NJ-PA",New York,"Housing Inventory: Median Home Size in Square Feet in New York-Newark-Jersey City, NY-NJ-PA (CBSA)",MEDSQUFEE35620,Monthly,Not Seasonally Adjusted
2017-12-01,1932.0,NY,"New York-Newark-Jersey City, NY-NJ-PA",New York,"Housing Inventory: Median Home Size in Square Feet in New York-Newark-Jersey City, NY-NJ-PA (CBSA)",MEDSQUFEE35620,Monthly,Not Seasonally Adjusted
2018-01-01,1926.0,NY,"New York-Newark-Jersey City, NY-NJ-PA",New York,"Housing Inventory: Median Home Size in Square Feet in New York-Newark-Jersey City, NY-NJ-PA (CBSA)",MEDSQUFEE35620,Monthly,Not Seasonally Adjusted
2018-02-01,1910.0,NY,"New York-Newark-Jersey City, NY-NJ-PA",New York,"Housing Inventory: Median Home Size in Square Feet in New York-Newark-Jersey City, NY-NJ-PA (CBSA)",MEDSQUFEE35620,Monthly,Not Seasonally Adjusted
2018-03-01,1900.0,NY,"New York-Newark-Jersey City, NY-NJ-PA",New York,"Housing Inventory: Median Home Size in Square Feet in New York-Newark-Jersey City, NY-NJ-PA (CBSA)",MEDSQUFEE35620,Monthly,Not Seasonally Adjusted
2018-04-01,1917.5,NY,"New York-Newark-Jersey City, NY-NJ-PA",New York,"Housing Inventory: Median Home Size in Square Feet in New York-Newark-Jersey City, NY-NJ-PA (CBSA)",MEDSQUFEE35620,Monthly,Not Seasonally Adjusted
2018-05-01,1923.0,NY,"New York-Newark-Jersey City, NY-NJ-PA",New York,"Housing Inventory: Median Home Size in Square Feet in New York-Newark-Jersey City, NY-NJ-PA (CBSA)",MEDSQUFEE35620,Monthly,Not Seasonally Adjusted
2018-06-01,1944.0,NY,"New York-Newark-Jersey City, NY-NJ-PA",New York,"Housing Inventory: Median Home Size in Square Feet in New York-Newark-Jersey City, NY-NJ-PA (CBSA)",MEDSQUFEE35620,Monthly,Not Seasonally Adjusted
2018-07-01,1959.0,NY,"New York-Newark-Jersey City, NY-NJ-PA",New York,"Housing Inventory: Median Home Size in Square Feet in New York-Newark-Jersey City, NY-NJ-PA (CBSA)",MEDSQUFEE35620,Monthly,Not Seasonally Adjusted
2018-08-01,1949.5,NY,"New York-Newark-Jersey City, NY-NJ-PA",New York,"Housing Inventory: Median Home Size in Square Feet in New York-Newark-Jersey City, NY-NJ-PA (CBSA)",MEDSQUFEE35620,Monthly,Not Seasonally Adjusted
2018-09-01,1932.0,NY,"New York-Newark-Jersey City, NY-NJ-PA",New York,"Housing Inventory: Median Home Size in Square Feet in New York-Newark-Jersey City, NY-NJ-PA (CBSA)",MEDSQUFEE35620,Monthly,Not Seasonally Adjusted
2018-10-01,1911.5,NY,"New York-Newark-Jersey City, NY-NJ-PA",New York,"Housing Inventory: Median Home Size in Square Feet in New York-Newark-Jersey City, NY-NJ-PA (CBSA)",MEDSQUFEE35620,Monthly,Not Seasonally Adjusted
2018-11-01,1888.0,NY,"New York-Newark-Jersey City, NY-NJ-PA",New York,"Housing Inventory: Median Home Size in Square Feet in New York-Newark-Jersey City, NY-NJ-PA (CBSA)",MEDSQUFEE35620,Monthly,Not Seasonally Adjusted
2018-12-01,1872.0,NY,"New York-Newark-Jersey City, NY-NJ-PA",New York,"Housing Inventory: Median Home Size in Square Feet in New York-Newark-Jersey City, NY-NJ-PA (CBSA)",MEDSQUFEE35620,Monthly,Not Seasonally Adjusted
2019-01-01,1847.0,NY,"New York-Newark-Jersey City, NY-NJ-PA",New York,"Housing Inventory: Median Home Size in Square Feet in New York-Newark-Jersey City, NY-NJ-PA (CBSA)",MEDSQUFEE35620,Monthly,Not Seasonally Adjusted
2019-02-01,1850.0,NY,"New York-Newark-Jersey City, NY-NJ-PA",New York,"Housing Inventory: Median Home Size in Square Feet in New York-Newark-Jersey City, NY-NJ-PA (CBSA)",MEDSQUFEE35620,Monthly,Not Seasonally Adjusted
2019-03-01,1886.714286,NY,"New York-Newark-Jersey City, NY-NJ-PA",New York,"Housing Inventory: Median Home Size in Square Feet in New York-Newark-Jersey City, NY-NJ-PA (CBSA)",MEDSQUFEE35620,Monthly,Not Seasonally Adjusted
2019-04-01,1930.5,NY,"New York-Newark-Jersey City, NY-NJ-PA",New York,"Housing Inventory: Median Home Size in Square Feet in New York-Newark-Jersey City, NY-NJ-PA (CBSA)",MEDSQUFEE35620,Monthly,Not Seasonally Adjusted
2019-05-01,1934.5,NY,"New York-Newark-Jersey City, NY-NJ-PA",New York,"Housing Inventory: Median Home Size in Square Feet in New York-Newark-Jersey City, NY-NJ-PA (CBSA)",MEDSQUFEE35620,Monthly,Not Seasonally Adjusted
2019-06-01,1964.0,NY,"New York-Newark-Jersey City, NY-NJ-PA",New York,"Housing Inventory: Median Home Size in Square Feet in New York-Newark-Jersey City, NY-NJ-PA (CBSA)",MEDSQUFEE35620,Monthly,Not Seasonally Adjusted
2019-07-01,1960.0,NY,"New York-Newark-Jersey City, NY-NJ-PA",New York,"Housing Inventory: Median Home Size in Square Feet in New York-Newark-Jersey City, NY-NJ-PA (CBSA)",MEDSQUFEE35620,Monthly,Not Seasonally Adjusted
2019-08-01,1951.857143,NY,"New York-Newark-Jersey City, NY-NJ-PA",New York,"Housing Inventory: Median Home Size in Square Feet in New York-Newark-Jersey City, NY-NJ-PA (CBSA)",MEDSQUFEE35620,Monthly,Not Seasonally Adjusted
2019-09-01,1932.0,NY,"New York-Newark-Jersey City, NY-NJ-PA",New York,"Housing Inventory: Median Home Size in Square Feet in New York-Newark-Jersey City, NY-NJ-PA (CBSA)",MEDSQUFEE35620,Monthly,Not Seasonally Adjusted
2019-10-01,1924.0,NY,"New York-Newark-Jersey City, NY-NJ-PA",New York,"Housing Inventory: Median Home Size in Square Feet in New York-Newark-Jersey City, NY-NJ-PA (CBSA)",MEDSQUFEE35620,Monthly,Not Seasonally Adjusted
2019-11-01,1872.0,NY,"New York-Newark-Jersey City, NY-NJ-PA",New York,"Housing Inventory: Median Home Size in Square Feet in New York-Newark-Jersey City, NY-NJ-PA (CBSA)",MEDSQUFEE35620,Monthly,Not Seasonally Adjusted
2019-12-01,1854.0,NY,"New York-Newark-Jersey City, NY-NJ-PA",New York,"Housing Inventory: Median Home Size in Square Feet in New York-Newark-Jersey City, NY-NJ-PA (CBSA)",MEDSQUFEE35620,Monthly,Not Seasonally Adjusted
2020-01-01,1845.0,NY,"New York-Newark-Jersey City, NY-NJ-PA",New York,"Housing Inventory: Median Home Size in Square Feet in New York-Newark-Jersey City, NY-NJ-PA (CBSA)",MEDSQUFEE35620,Monthly,Not Seasonally Adjusted
2020-02-01,1860.0,NY,"New York-Newark-Jersey City, NY-NJ-PA",New York,"Housing Inventory: Median Home Size in Square Feet in New York-Newark-Jersey City, NY-NJ-PA (CBSA)",MEDSQUFEE35620,Monthly,Not Seasonally Adjusted
2020-03-01,1881.0,NY,"New York-Newark-Jersey City, NY-NJ-PA",New York,"Housing Inventory: Median Home Size in Square Feet in New York-Newark-Jersey City, NY-NJ-PA (CBSA)",MEDSQUFEE35620,Monthly,Not Seasonally Adjusted
2020-04-01,1871.5,NY,"New York-Newark-Jersey City, NY-NJ-PA",New York,"Housing Inventory: Median Home Size in Square Feet in New York-Newark-Jersey City, NY-NJ-PA (CBSA)",MEDSQUFEE35620,Monthly,Not Seasonally Adjusted
2020-05-01,1860.0,NY,"New York-Newark-Jersey City, NY-NJ-PA",New York,"Housing Inventory: Median Home Size in Square Feet in New York-Newark-Jersey City, NY-NJ-PA (CBSA)",MEDSQUFEE35620,Monthly,Not Seasonally Adjusted
2020-06-01,1888.0,NY,"New York-Newark-Jersey City, NY-NJ-PA",New York,"Housing Inventory: Median Home Size in Square Feet in New York-Newark-Jersey City, NY-NJ-PA (CBSA)",MEDSQUFEE35620,Monthly,Not Seasonally Adjusted
2020-07-01,1812.0,NY,"New York-Newark-Jersey City, NY-NJ-PA",New York,"Housing Inventory: Median Home Size in Square Feet in New York-Newark-Jersey City, NY-NJ-PA (CBSA)",MEDSQUFEE35620,Monthly,Not Seasonally Adjusted
2020-08-01,1734.0,NY,"New York-Newark-Jersey City, NY-NJ-PA",New York,"Housing Inventory: Median Home Size in Square Feet in New York-Newark-Jersey City, NY-NJ-PA (CBSA)",MEDSQUFEE35620,Monthly,Not Seasonally Adjusted
2020-09-01,1690.0,NY,"New York-Newark-Jersey City, NY-NJ-PA",New York,"Housing Inventory: Median Home Size in Square Feet in New York-Newark-Jersey City, NY-NJ-PA (CBSA)",MEDSQUFEE35620,Monthly,Not Seasonally Adjusted
2020-10-01,1645.0,NY,"New York-Newark-Jersey City, NY-NJ-PA",New York,"Housing Inventory: Median Home Size in Square Feet in New York-Newark-Jersey City, NY-NJ-PA (CBSA)",MEDSQUFEE35620,Monthly,Not Seasonally Adjusted
2020-11-01,1635.0,NY,"New York-Newark-Jersey City, NY-NJ-PA",New York,"Housing Inventory: Median Home Size in Square Feet in New York-Newark-Jersey City, NY-NJ-PA (CBSA)",MEDSQUFEE35620,Monthly,Not Seasonally Adjusted
2020-12-01,1587.5,NY,"New York-Newark-Jersey City, NY-NJ-PA",New York,"Housing Inventory: Median Home Size in Square Feet in New York-Newark-Jersey City, NY-NJ-PA (CBSA)",MEDSQUFEE35620,Monthly,Not Seasonally Adjusted
2021-01-01,1536.0,NY,"New York-Newark-Jersey City, NY-NJ-PA",New York,"Housing Inventory: Median Home Size in Square Feet in New York-Newark-Jersey City, NY-NJ-PA (CBSA)",MEDSQUFEE35620,Monthly,Not Seasonally Adjusted
2021-02-01,1514.5,NY,"New York-Newark-Jersey City, NY-NJ-PA",New York,"Housing Inventory: Median Home Size in Square Feet in New York-Newark-Jersey City, NY-NJ-PA (CBSA)",MEDSQUFEE35620,Monthly,Not Seasonally Adjusted
2021-03-01,1510.0,NY,"New York-Newark-Jersey City, NY-NJ-PA",New York,"Housing Inventory: Median Home Size in Square Feet in New York-Newark-Jersey City, NY-NJ-PA (CBSA)",MEDSQUFEE35620,Monthly,Not Seasonally Adjusted
2021-04-01,1514.0,NY,"New York-Newark-Jersey City, NY-NJ-PA",New York,"Housing Inventory: Median Home Size in Square Feet in New York-Newark-Jersey City, NY-NJ-PA (CBSA)",MEDSQUFEE35620,Monthly,Not Seasonally Adjusted
2021-05-01,1532.0,NY,"New York-Newark-Jersey City, NY-NJ-PA",New York,"Housing Inventory: Median Home Size in Square Feet in New York-Newark-Jersey City, NY-NJ-PA (CBSA)",MEDSQUFEE35620,Monthly,Not Seasonally Adjusted
2021-06-01,1549.5,NY,"New York-Newark-Jersey City, NY-NJ-PA",New York,"Housing Inventory: Median Home Size in Square Feet in New York-Newark-Jersey City, NY-NJ-PA (CBSA)",MEDSQUFEE35620,Monthly,Not Seasonally Adjusted
2021-07-01,1568.0,NY,"New York-Newark-Jersey City, NY-NJ-PA",New York,"Housing Inventory: Median Home Size in Square Feet in New York-Newark-Jersey City, NY-NJ-PA (CBSA)",MEDSQUFEE35620,Monthly,Not Seasonally Adjusted
2021-08-01,1547.0,NY,"New York-Newark-Jersey City, NY-NJ-PA",New York,"Housing Inventory: Median Home Size in Square Feet in New York-Newark-Jersey City, NY-NJ-PA (CBSA)",MEDSQUFEE35620,Monthly,Not Seasonally Adjusted
2021-09-01,1528.0,NY,"New York-Newark-Jersey City, NY-NJ-PA",New York,"Housing Inventory: Median Home Size in Square Feet in New York-Newark-Jersey City, NY-NJ-PA (CBSA)",MEDSQUFEE35620,Monthly,Not Seasonally Adjusted
2021-10-01,1504.0,NY,"New York-Newark-Jersey City, NY-NJ-PA",New York,"Housing Inventory: Median Home Size in Square Feet in New York-Newark-Jersey City, NY-NJ-PA (CBSA)",MEDSQUFEE35620,Monthly,Not Seasonally Adjusted
2021-11-01,1493.5,NY,"New York-Newark-Jersey City, NY-NJ-PA",New York,"Housing Inventory: Median Home Size in Square Feet in New York-Newark-Jersey City, NY-NJ-PA (CBSA)",MEDSQUFEE35620,Monthly,Not Seasonally Adjusted
2016-07-01,1680.0,KS,"Topeka, KS",Topeka,"Housing Inventory: Median Home Size in Square Feet in Topeka, KS (CBSA)",MEDSQUFEE45820,Monthly,Not Seasonally Adjusted
2016-08-01,1680.0,KS,"Topeka, KS",Topeka,"Housing Inventory: Median Home Size in Square Feet in Topeka, KS (CBSA)",MEDSQUFEE45820,Monthly,Not Seasonally Adjusted
2016-09-01,1666.0,KS,"Topeka, KS",Topeka,"Housing Inventory: Median Home Size in Square Feet in Topeka, KS (CBSA)",MEDSQUFEE45820,Monthly,Not Seasonally Adjusted
2016-10-01,1680.0,KS,"Topeka, KS",Topeka,"Housing Inventory: Median Home Size in Square Feet in Topeka, KS (CBSA)",MEDSQUFEE45820,Monthly,Not Seasonally Adjusted
2016-11-01,1677.5,KS,"Topeka, KS",Topeka,"Housing Inventory: Median Home Size in Square Feet in Topeka, KS (CBSA)",MEDSQUFEE45820,Monthly,Not Seasonally Adjusted
2016-12-01,1660.0,KS,"Topeka, KS",Topeka,"Housing Inventory: Median Home Size in Square Feet in Topeka, KS (CBSA)",MEDSQUFEE45820,Monthly,Not Seasonally Adjusted
2017-01-01,1657.0,KS,"Topeka, KS",Topeka,"Housing Inventory: Median Home Size in Square Feet in Topeka, KS (CBSA)",MEDSQUFEE45820,Monthly,Not Seasonally Adjusted
2017-02-01,1693.0,KS,"Topeka, KS",Topeka,"Housing Inventory: Median Home Size in Square Feet in Topeka, KS (CBSA)",MEDSQUFEE45820,Monthly,Not Seasonally Adjusted
2017-03-01,1716.0,KS,"Topeka, KS",Topeka,"Housing Inventory: Median Home Size in Square Feet in Topeka, KS (CBSA)",MEDSQUFEE45820,Monthly,Not Seasonally Adjusted
2017-04-01,1750.0,KS,"Topeka, KS",Topeka,"Housing Inventory: Median Home Size in Square Feet in Topeka, KS (CBSA)",MEDSQUFEE45820,Monthly,Not Seasonally Adjusted
2017-05-01,1764.0,KS,"Topeka, KS",Topeka,"Housing Inventory: Median Home Size in Square Feet in Topeka, KS (CBSA)",MEDSQUFEE45820,Monthly,Not Seasonally Adjusted
2017-06-01,1784.0,KS,"Topeka, KS",Topeka,"Housing Inventory: Median Home Size in Square Feet in Topeka, KS (CBSA)",MEDSQUFEE45820,Monthly,Not Seasonally Adjusted
2017-07-01,1776.0,KS,"Topeka, KS",Topeka,"Housing Inventory: Median Home Size in Square Feet in Topeka, KS (CBSA)",MEDSQUFEE45820,Monthly,Not Seasonally Adjusted
2017-08-01,1730.5,KS,"Topeka, KS",Topeka,"Housing Inventory: Median Home Size in Square Feet in Topeka, KS (CBSA)",MEDSQUFEE45820,Monthly,Not Seasonally Adjusted
2017-09-01,1695.0,KS,"Topeka, KS",Topeka,"Housing Inventory: Median Home Size in Square Feet in Topeka, KS (CBSA)",MEDSQUFEE45820,Monthly,Not Seasonally Adjusted
2017-10-01,1707.5,KS,"Topeka, KS",Topeka,"Housing Inventory: Median Home Size in Square Feet in Topeka, KS (CBSA)",MEDSQUFEE45820,Monthly,Not Seasonally Adjusted
2017-11-01,1686.0,KS,"Topeka, KS",Topeka,"Housing Inventory: Median Home Size in Square Feet in Topeka, KS (CBSA)",MEDSQUFEE45820,Monthly,Not Seasonally Adjusted
2017-12-01,1648.0,KS,"Topeka, KS",Topeka,"Housing Inventory: Median Home Size in Square Feet in Topeka, KS (CBSA)",MEDSQUFEE45820,Monthly,Not Seasonally Adjusted
2018-01-01,1600.5,KS,"Topeka, KS",Topeka,"Housing Inventory: Median Home Size in Square Feet in Topeka, KS (CBSA)",MEDSQUFEE45820,Monthly,Not Seasonally Adjusted
2018-02-01,1647.5,KS,"Topeka, KS",Topeka,"Housing Inventory: Median Home Size in Square Feet in Topeka, KS (CBSA)",MEDSQUFEE45820,Monthly,Not Seasonally Adjusted
2018-03-01,1694.0,KS,"Topeka, KS",Topeka,"Housing Inventory: Median Home Size in Square Feet in Topeka, KS (CBSA)",MEDSQUFEE45820,Monthly,Not Seasonally Adjusted
2018-04-01,1725.0,KS,"Topeka, KS",Topeka,"Housing Inventory: Median Home Size in Square Feet in Topeka, KS (CBSA)",MEDSQUFEE45820,Monthly,Not Seasonally Adjusted
2018-05-01,1725.5,KS,"Topeka, KS",Topeka,"Housing Inventory: Median Home Size in Square Feet in Topeka, KS (CBSA)",MEDSQUFEE45820,Monthly,Not Seasonally Adjusted
2018-06-01,1746.0,KS,"Topeka, KS",Topeka,"Housing Inventory: Median Home Size in Square Feet in Topeka, KS (CBSA)",MEDSQUFEE45820,Monthly,Not Seasonally Adjusted
2018-07-01,1764.0,KS,"Topeka, KS",Topeka,"Housing Inventory: Median Home Size in Square Feet in Topeka, KS (CBSA)",MEDSQUFEE45820,Monthly,Not Seasonally Adjusted
2018-08-01,1687.0,KS,"Topeka, KS",Topeka,"Housing Inventory: Median Home Size in Square Feet in Topeka, KS (CBSA)",MEDSQUFEE45820,Monthly,Not Seasonally Adjusted
2018-09-01,1602.0,KS,"Topeka, KS",Topeka,"Housing Inventory: Median Home Size in Square Feet in Topeka, KS (CBSA)",MEDSQUFEE45820,Monthly,Not Seasonally Adjusted
2018-10-01,1611.0,KS,"Topeka, KS",Topeka,"Housing Inventory: Median Home Size in Square Feet in Topeka, KS (CBSA)",MEDSQUFEE45820,Monthly,Not Seasonally Adjusted
2018-11-01,1597.0,KS,"Topeka, KS",Topeka,"Housing Inventory: Median Home Size in Square Feet in Topeka, KS (CBSA)",MEDSQUFEE45820,Monthly,Not Seasonally Adjusted
2018-12-01,1584.0,KS,"Topeka, KS",Topeka,"Housing Inventory: Median Home Size in Square Feet in Topeka, KS (CBSA)",MEDSQUFEE45820,Monthly,Not Seasonally Adjusted
2019-01-01,1589.5,KS,"Topeka, KS",Topeka,"Housing Inventory: Median Home Size in Square Feet in Topeka, KS (CBSA)",MEDSQUFEE45820,Monthly,Not Seasonally Adjusted
2019-02-01,1600.0,KS,"Topeka, KS",Topeka,"Housing Inventory: Median Home Size in Square Feet in Topeka, KS (CBSA)",MEDSQUFEE45820,Monthly,Not Seasonally Adjusted
2019-03-01,1661.142857,KS,"Topeka, KS",Topeka,"Housing Inventory: Median Home Size in Square Feet in Topeka, KS (CBSA)",MEDSQUFEE45820,Monthly,Not Seasonally Adjusted
2019-04-01,1695.5,KS,"Topeka, KS",Topeka,"Housing Inventory: Median Home Size in Square Feet in Topeka, KS (CBSA)",MEDSQUFEE45820,Monthly,Not Seasonally Adjusted
2019-05-01,1800.0,KS,"Topeka, KS",Topeka,"Housing Inventory: Median Home Size in Square Feet in Topeka, KS (CBSA)",MEDSQUFEE45820,Monthly,Not Seasonally Adjusted
2019-06-01,1800.0,KS,"Topeka, KS",Topeka,"Housing Inventory: Median Home Size in Square Feet in Topeka, KS (CBSA)",MEDSQUFEE45820,Monthly,Not Seasonally Adjusted
2019-07-01,1785.5,KS,"Topeka, KS",Topeka,"Housing Inventory: Median Home Size in Square Feet in Topeka, KS (CBSA)",MEDSQUFEE45820,Monthly,Not Seasonally Adjusted
2019-08-01,1746.0,KS,"Topeka, KS",Topeka,"Housing Inventory: Median Home Size in Square Feet in Topeka, KS (CBSA)",MEDSQUFEE45820,Monthly,Not Seasonally Adjusted
2019-09-01,1737.0,KS,"Topeka, KS",Topeka,"Housing Inventory: Median Home Size in Square Feet in Topeka, KS (CBSA)",MEDSQUFEE45820,Monthly,Not Seasonally Adjusted
2019-10-01,1749.0,KS,"Topeka, KS",Topeka,"Housing Inventory: Median Home Size in Square Feet in Topeka, KS (CBSA)",MEDSQUFEE45820,Monthly,Not Seasonally Adjusted
2019-11-01,1726.0,KS,"Topeka, KS",Topeka,"Housing Inventory: Median Home Size in Square Feet in Topeka, KS (CBSA)",MEDSQUFEE45820,Monthly,Not Seasonally Adjusted
2019-12-01,1682.5,KS,"Topeka, KS",Topeka,"Housing Inventory: Median Home Size in Square Feet in Topeka, KS (CBSA)",MEDSQUFEE45820,Monthly,Not Seasonally Adjusted
2020-01-01,1650.5,KS,"Topeka, KS",Topeka,"Housing Inventory: Median Home Size in Square Feet in Topeka, KS (CBSA)",MEDSQUFEE45820,Monthly,Not Seasonally Adjusted
2020-02-01,1673.0,KS,"Topeka, KS",Topeka,"Housing Inventory: Median Home Size in Square Feet in Topeka, KS (CBSA)",MEDSQUFEE45820,Monthly,Not Seasonally Adjusted
2020-03-01,1682.0,KS,"Topeka, KS",Topeka,"Housing Inventory: Median Home Size in Square Feet in Topeka, KS (CBSA)",MEDSQUFEE45820,Monthly,Not Seasonally Adjusted
2020-04-01,1790.5,KS,"Topeka, KS",Topeka,"Housing Inventory: Median Home Size in Square Feet in Topeka, KS (CBSA)",MEDSQUFEE45820,Monthly,Not Seasonally Adjusted
2020-05-01,1818.0,KS,"Topeka, KS",Topeka,"Housing Inventory: Median Home Size in Square Feet in Topeka, KS (CBSA)",MEDSQUFEE45820,Monthly,Not Seasonally Adjusted
2020-06-01,1731.0,KS,"Topeka, KS",Topeka,"Housing Inventory: Median Home Size in Square Feet in Topeka, KS (CBSA)",MEDSQUFEE45820,Monthly,Not Seasonally Adjusted
2020-07-01,1632.5,KS,"Topeka, KS",Topeka,"Housing Inventory: Median Home Size in Square Feet in Topeka, KS (CBSA)",MEDSQUFEE45820,Monthly,Not Seasonally Adjusted
2020-08-01,1660.0,KS,"Topeka, KS",Topeka,"Housing Inventory: Median Home Size in Square Feet in Topeka, KS (CBSA)",MEDSQUFEE45820,Monthly,Not Seasonally Adjusted
2020-09-01,1622.0,KS,"Topeka, KS",Topeka,"Housing Inventory: Median Home Size in Square Feet in Topeka, KS (CBSA)",MEDSQUFEE45820,Monthly,Not Seasonally Adjusted
2020-10-01,1659.0,KS,"Topeka, KS",Topeka,"Housing Inventory: Median Home Size in Square Feet in Topeka, KS (CBSA)",MEDSQUFEE45820,Monthly,Not Seasonally Adjusted
2020-11-01,1626.0,KS,"Topeka, KS",Topeka,"Housing Inventory: Median Home Size in Square Feet in Topeka, KS (CBSA)",MEDSQUFEE45820,Monthly,Not Seasonally Adjusted
2020-12-01,1569.0,KS,"Topeka, KS",Topeka,"Housing Inventory: Median Home Size in Square Feet in Topeka, KS (CBSA)",MEDSQUFEE45820,Monthly,Not Seasonally Adjusted
2021-01-01,1632.0,KS,"Topeka, KS",Topeka,"Housing Inventory: Median Home Size in Square Feet in Topeka, KS (CBSA)",MEDSQUFEE45820,Monthly,Not Seasonally Adjusted
2021-02-01,1624.0,KS,"Topeka, KS",Topeka,"Housing Inventory: Median Home Size in Square Feet in Topeka, KS (CBSA)",MEDSQUFEE45820,Monthly,Not Seasonally Adjusted
2021-03-01,1650.5,KS,"Topeka, KS",Topeka,"Housing Inventory: Median Home Size in Square Feet in Topeka, KS (CBSA)",MEDSQUFEE45820,Monthly,Not Seasonally Adjusted
2021-04-01,1546.0,KS,"Topeka, KS",Topeka,"Housing Inventory: Median Home Size in Square Feet in Topeka, KS (CBSA)",MEDSQUFEE45820,Monthly,Not Seasonally Adjusted
2021-05-01,1650.0,KS,"Topeka, KS",Topeka,"Housing Inventory: Median Home Size in Square Feet in Topeka, KS (CBSA)",MEDSQUFEE45820,Monthly,Not Seasonally Adjusted
2021-06-01,1691.5,KS,"Topeka, KS",Topeka,"Housing Inventory: Median Home Size in Square Feet in Topeka, KS (CBSA)",MEDSQUFEE45820,Monthly,Not Seasonally Adjusted
2021-07-01,1765.5,KS,"Topeka, KS",Topeka,"Housing Inventory: Median Home Size in Square Feet in Topeka, KS (CBSA)",MEDSQUFEE45820,Monthly,Not Seasonally Adjusted
2021-08-01,1769.0,KS,"Topeka, KS",Topeka,"Housing Inventory: Median Home Size in Square Feet in Topeka, KS (CBSA)",MEDSQUFEE45820,Monthly,Not Seasonally Adjusted
2021-09-01,1810.0,KS,"Topeka, KS",Topeka,"Housing Inventory: Median Home Size in Square Feet in Topeka, KS (CBSA)",MEDSQUFEE45820,Monthly,Not Seasonally Adjusted
2021-10-01,1724.0,KS,"Topeka, KS",Topeka,"Housing Inventory: Median Home Size in Square Feet in Topeka, KS (CBSA)",MEDSQUFEE45820,Monthly,Not Seasonally Adjusted
2021-11-01,1714.0,KS,"Topeka, KS",Topeka,"Housing Inventory: Median Home Size in Square Feet in Topeka, KS (CBSA)",MEDSQUFEE45820,Monthly,Not Seasonally Adjusted
2016-07-01,2195.0,OK,"Tulsa, OK",Tulsa,"Housing Inventory: Median Home Size in Square Feet in Tulsa, OK (CBSA)",MEDSQUFEE46140,Monthly,Not Seasonally Adjusted
2016-08-01,2196.5,OK,"Tulsa, OK",Tulsa,"Housing Inventory: Median Home Size in Square Feet in Tulsa, OK (CBSA)",MEDSQUFEE46140,Monthly,Not Seasonally Adjusted
2016-09-01,2159.5,OK,"Tulsa, OK",Tulsa,"Housing Inventory: Median Home Size in Square Feet in Tulsa, OK (CBSA)",MEDSQUFEE46140,Monthly,Not Seasonally Adjusted
2016-10-01,2111.0,OK,"Tulsa, OK",Tulsa,"Housing Inventory: Median Home Size in Square Feet in Tulsa, OK (CBSA)",MEDSQUFEE46140,Monthly,Not Seasonally Adjusted
2016-11-01,2099.5,OK,"Tulsa, OK",Tulsa,"Housing Inventory: Median Home Size in Square Feet in Tulsa, OK (CBSA)",MEDSQUFEE46140,Monthly,Not Seasonally Adjusted
2016-12-01,2068.0,OK,"Tulsa, OK",Tulsa,"Housing Inventory: Median Home Size in Square Feet in Tulsa, OK (CBSA)",MEDSQUFEE46140,Monthly,Not Seasonally Adjusted
2017-01-01,2090.0,OK,"Tulsa, OK",Tulsa,"Housing Inventory: Median Home Size in Square Feet in Tulsa, OK (CBSA)",MEDSQUFEE46140,Monthly,Not Seasonally Adjusted
2017-02-01,2134.0,OK,"Tulsa, OK",Tulsa,"Housing Inventory: Median Home Size in Square Feet in Tulsa, OK (CBSA)",MEDSQUFEE46140,Monthly,Not Seasonally Adjusted
2017-03-01,2138.0,OK,"Tulsa, OK",Tulsa,"Housing Inventory: Median Home Size in Square Feet in Tulsa, OK (CBSA)",MEDSQUFEE46140,Monthly,Not Seasonally Adjusted
2017-04-01,2200.0,OK,"Tulsa, OK",Tulsa,"Housing Inventory: Median Home Size in Square Feet in Tulsa, OK (CBSA)",MEDSQUFEE46140,Monthly,Not Seasonally Adjusted
2017-05-01,2201.0,OK,"Tulsa, OK",Tulsa,"Housing Inventory: Median Home Size in Square Feet in Tulsa, OK (CBSA)",MEDSQUFEE46140,Monthly,Not Seasonally Adjusted
2017-06-01,2228.0,OK,"Tulsa, OK",Tulsa,"Housing Inventory: Median Home Size in Square Feet in Tulsa, OK (CBSA)",MEDSQUFEE46140,Monthly,Not Seasonally Adjusted
2017-07-01,2189.0,OK,"Tulsa, OK",Tulsa,"Housing Inventory: Median Home Size in Square Feet in Tulsa, OK (CBSA)",MEDSQUFEE46140,Monthly,Not Seasonally Adjusted
2017-08-01,2210.0,OK,"Tulsa, OK",Tulsa,"Housing Inventory: Median Home Size in Square Feet in Tulsa, OK (CBSA)",MEDSQUFEE46140,Monthly,Not Seasonally Adjusted
2017-09-01,2187.0,OK,"Tulsa, OK",Tulsa,"Housing Inventory: Median Home Size in Square Feet in Tulsa, OK (CBSA)",MEDSQUFEE46140,Monthly,Not Seasonally Adjusted
2017-10-01,2178.5,OK,"Tulsa, OK",Tulsa,"Housing Inventory: Median Home Size in Square Feet in Tulsa, OK (CBSA)",MEDSQUFEE46140,Monthly,Not Seasonally Adjusted
2017-11-01,2157.0,OK,"Tulsa, OK",Tulsa,"Housing Inventory: Median Home Size in Square Feet in Tulsa, OK (CBSA)",MEDSQUFEE46140,Monthly,Not Seasonally Adjusted
2017-12-01,2114.0,OK,"Tulsa, OK",Tulsa,"Housing Inventory: Median Home Size in Square Feet in Tulsa, OK (CBSA)",MEDSQUFEE46140,Monthly,Not Seasonally Adjusted
2018-01-01,2093.5,OK,"Tulsa, OK",Tulsa,"Housing Inventory: Median Home Size in Square Feet in Tulsa, OK (CBSA)",MEDSQUFEE46140,Monthly,Not Seasonally Adjusted
2018-02-01,2098.0,OK,"Tulsa, OK",Tulsa,"Housing Inventory: Median Home Size in Square Feet in Tulsa, OK (CBSA)",MEDSQUFEE46140,Monthly,Not Seasonally Adjusted
2018-03-01,2182.0,OK,"Tulsa, OK",Tulsa,"Housing Inventory: Median Home Size in Square Feet in Tulsa, OK (CBSA)",MEDSQUFEE46140,Monthly,Not Seasonally Adjusted
2018-04-01,2207.5,OK,"Tulsa, OK",Tulsa,"Housing Inventory: Median Home Size in Square Feet in Tulsa, OK (CBSA)",MEDSQUFEE46140,Monthly,Not Seasonally Adjusted
2018-05-01,2199.0,OK,"Tulsa, OK",Tulsa,"Housing Inventory: Median Home Size in Square Feet in Tulsa, OK (CBSA)",MEDSQUFEE46140,Monthly,Not Seasonally Adjusted
2018-06-01,2176.0,OK,"Tulsa, OK",Tulsa,"Housing Inventory: Median Home Size in Square Feet in Tulsa, OK (CBSA)",MEDSQUFEE46140,Monthly,Not Seasonally Adjusted
2018-07-01,2177.0,OK,"Tulsa, OK",Tulsa,"Housing Inventory: Median Home Size in Square Feet in Tulsa, OK (CBSA)",MEDSQUFEE46140,Monthly,Not Seasonally Adjusted
2018-08-01,2155.0,OK,"Tulsa, OK",Tulsa,"Housing Inventory: Median Home Size in Square Feet in Tulsa, OK (CBSA)",MEDSQUFEE46140,Monthly,Not Seasonally Adjusted
2018-09-01,2136.0,OK,"Tulsa, OK",Tulsa,"Housing Inventory: Median Home Size in Square Feet in Tulsa, OK (CBSA)",MEDSQUFEE46140,Monthly,Not Seasonally Adjusted
2018-10-01,2125.0,OK,"Tulsa, OK",Tulsa,"Housing Inventory: Median Home Size in Square Feet in Tulsa, OK (CBSA)",MEDSQUFEE46140,Monthly,Not Seasonally Adjusted
2018-11-01,2148.0,OK,"Tulsa, OK",Tulsa,"Housing Inventory: Median Home Size in Square Feet in Tulsa, OK (CBSA)",MEDSQUFEE46140,Monthly,Not Seasonally Adjusted
2018-12-01,2128.0,OK,"Tulsa, OK",Tulsa,"Housing Inventory: Median Home Size in Square Feet in Tulsa, OK (CBSA)",MEDSQUFEE46140,Monthly,Not Seasonally Adjusted
2019-01-01,2117.5,OK,"Tulsa, OK",Tulsa,"Housing Inventory: Median Home Size in Square Feet in Tulsa, OK (CBSA)",MEDSQUFEE46140,Monthly,Not Seasonally Adjusted
2019-02-01,2160.0,OK,"Tulsa, OK",Tulsa,"Housing Inventory: Median Home Size in Square Feet in Tulsa, OK (CBSA)",MEDSQUFEE46140,Monthly,Not Seasonally Adjusted
2019-03-01,2218.714286,OK,"Tulsa, OK",Tulsa,"Housing Inventory: Median Home Size in Square Feet in Tulsa, OK (CBSA)",MEDSQUFEE46140,Monthly,Not Seasonally Adjusted
2019-04-01,2250.214286,OK,"Tulsa, OK",Tulsa,"Housing Inventory: Median Home Size in Square Feet in Tulsa, OK (CBSA)",MEDSQUFEE46140,Monthly,Not Seasonally Adjusted
2019-05-01,2296.0,OK,"Tulsa, OK",Tulsa,"Housing Inventory: Median Home Size in Square Feet in Tulsa, OK (CBSA)",MEDSQUFEE46140,Monthly,Not Seasonally Adjusted
2019-06-01,2261.0,OK,"Tulsa, OK",Tulsa,"Housing Inventory: Median Home Size in Square Feet in Tulsa, OK (CBSA)",MEDSQUFEE46140,Monthly,Not Seasonally Adjusted
2019-07-01,2275.5,OK,"Tulsa, OK",Tulsa,"Housing Inventory: Median Home Size in Square Feet in Tulsa, OK (CBSA)",MEDSQUFEE46140,Monthly,Not Seasonally Adjusted
2019-08-01,2277.142857,OK,"Tulsa, OK",Tulsa,"Housing Inventory: Median Home Size in Square Feet in Tulsa, OK (CBSA)",MEDSQUFEE46140,Monthly,Not Seasonally Adjusted
2019-09-01,2279.642857,OK,"Tulsa, OK",Tulsa,"Housing Inventory: Median Home Size in Square Feet in Tulsa, OK (CBSA)",MEDSQUFEE46140,Monthly,Not Seasonally Adjusted
2019-10-01,2325.5,OK,"Tulsa, OK",Tulsa,"Housing Inventory: Median Home Size in Square Feet in Tulsa, OK (CBSA)",MEDSQUFEE46140,Monthly,Not Seasonally Adjusted
2019-11-01,2295.0,OK,"Tulsa, OK",Tulsa,"Housing Inventory: Median Home Size in Square Feet in Tulsa, OK (CBSA)",MEDSQUFEE46140,Monthly,Not Seasonally Adjusted
2019-12-01,2279.5,OK,"Tulsa, OK",Tulsa,"Housing Inventory: Median Home Size in Square Feet in Tulsa, OK (CBSA)",MEDSQUFEE46140,Monthly,Not Seasonally Adjusted
2020-01-01,2231.0,OK,"Tulsa, OK",Tulsa,"Housing Inventory: Median Home Size in Square Feet in Tulsa, OK (CBSA)",MEDSQUFEE46140,Monthly,Not Seasonally Adjusted
2020-02-01,2214.0,OK,"Tulsa, OK",Tulsa,"Housing Inventory: Median Home Size in Square Feet in Tulsa, OK (CBSA)",MEDSQUFEE46140,Monthly,Not Seasonally Adjusted
2020-03-01,2264.5,OK,"Tulsa, OK",Tulsa,"Housing Inventory: Median Home Size in Square Feet in Tulsa, OK (CBSA)",MEDSQUFEE46140,Monthly,Not Seasonally Adjusted
2020-04-01,2274.0,OK,"Tulsa, OK",Tulsa,"Housing Inventory: Median Home Size in Square Feet in Tulsa, OK (CBSA)",MEDSQUFEE46140,Monthly,Not Seasonally Adjusted
2020-05-01,2296.0,OK,"Tulsa, OK",Tulsa,"Housing Inventory: Median Home Size in Square Feet in Tulsa, OK (CBSA)",MEDSQUFEE46140,Monthly,Not Seasonally Adjusted
2020-06-01,2340.5,OK,"Tulsa, OK",Tulsa,"Housing Inventory: Median Home Size in Square Feet in Tulsa, OK (CBSA)",MEDSQUFEE46140,Monthly,Not Seasonally Adjusted
2020-07-01,2423.5,OK,"Tulsa, OK",Tulsa,"Housing Inventory: Median Home Size in Square Feet in Tulsa, OK (CBSA)",MEDSQUFEE46140,Monthly,Not Seasonally Adjusted
2020-08-01,2364.0,OK,"Tulsa, OK",Tulsa,"Housing Inventory: Median Home Size in Square Feet in Tulsa, OK (CBSA)",MEDSQUFEE46140,Monthly,Not Seasonally Adjusted
2020-09-01,2356.0,OK,"Tulsa, OK",Tulsa,"Housing Inventory: Median Home Size in Square Feet in Tulsa, OK (CBSA)",MEDSQUFEE46140,Monthly,Not Seasonally Adjusted
2020-10-01,2290.0,OK,"Tulsa, OK",Tulsa,"Housing Inventory: Median Home Size in Square Feet in Tulsa, OK (CBSA)",MEDSQUFEE46140,Monthly,Not Seasonally Adjusted
2020-11-01,2232.5,OK,"Tulsa, OK",Tulsa,"Housing Inventory: Median Home Size in Square Feet in Tulsa, OK (CBSA)",MEDSQUFEE46140,Monthly,Not Seasonally Adjusted
2020-12-01,2260.0,OK,"Tulsa, OK",Tulsa,"Housing Inventory: Median Home Size in Square Feet in Tulsa, OK (CBSA)",MEDSQUFEE46140,Monthly,Not Seasonally Adjusted
2021-01-01,2212.0,OK,"Tulsa, OK",Tulsa,"Housing Inventory: Median Home Size in Square Feet in Tulsa, OK (CBSA)",MEDSQUFEE46140,Monthly,Not Seasonally Adjusted
2021-02-01,2092.0,OK,"Tulsa, OK",Tulsa,"Housing Inventory: Median Home Size in Square Feet in Tulsa, OK (CBSA)",MEDSQUFEE46140,Monthly,Not Seasonally Adjusted
2021-03-01,2266.5,OK,"Tulsa, OK",Tulsa,"Housing Inventory: Median Home Size in Square Feet in Tulsa, OK (CBSA)",MEDSQUFEE46140,Monthly,Not Seasonally Adjusted
2021-04-01,2138.5,OK,"Tulsa, OK",Tulsa,"Housing Inventory: Median Home Size in Square Feet in Tulsa, OK (CBSA)",MEDSQUFEE46140,Monthly,Not Seasonally Adjusted
2021-05-01,2171.0,OK,"Tulsa, OK",Tulsa,"Housing Inventory: Median Home Size in Square Feet in Tulsa, OK (CBSA)",MEDSQUFEE46140,Monthly,Not Seasonally Adjusted
2021-06-01,2029.0,OK,"Tulsa, OK",Tulsa,"Housing Inventory: Median Home Size in Square Feet in Tulsa, OK (CBSA)",MEDSQUFEE46140,Monthly,Not Seasonally Adjusted
2021-07-01,2022.0,OK,"Tulsa, OK",Tulsa,"Housing Inventory: Median Home Size in Square Feet in Tulsa, OK (CBSA)",MEDSQUFEE46140,Monthly,Not Seasonally Adjusted
2021-08-01,2020.0,OK,"Tulsa, OK",Tulsa,"Housing Inventory: Median Home Size in Square Feet in Tulsa, OK (CBSA)",MEDSQUFEE46140,Monthly,Not Seasonally Adjusted
2021-09-01,1986.0,OK,"Tulsa, OK",Tulsa,"Housing Inventory: Median Home Size in Square Feet in Tulsa, OK (CBSA)",MEDSQUFEE46140,Monthly,Not Seasonally Adjusted
2021-10-01,1991.0,OK,"Tulsa, OK",Tulsa,"Housing Inventory: Median Home Size in Square Feet in Tulsa, OK (CBSA)",MEDSQUFEE46140,Monthly,Not Seasonally Adjusted
2021-11-01,1935.0,OK,"Tulsa, OK",Tulsa,"Housing Inventory: Median Home Size in Square Feet in Tulsa, OK (CBSA)",MEDSQUFEE46140,Monthly,Not Seasonally Adjusted
