date,Housing Inventory: Active Listing Count Year-Over-Year,state,msa,city
2017-07-01,-8.11,NY,"New York-Newark-Jersey City, NY-NJ-PA",New York
2017-08-01,-5.33,NY,"New York-Newark-Jersey City, NY-NJ-PA",New York
2017-09-01,-5.2,NY,"New York-Newark-Jersey City, NY-NJ-PA",New York
2017-10-01,-4.45,NY,"New York-Newark-Jersey City, NY-NJ-PA",New York
2017-11-01,-5.23,NY,"New York-Newark-Jersey City, NY-NJ-PA",New York
2017-12-01,-5.33,NY,"New York-Newark-Jersey City, NY-NJ-PA",New York
2018-01-01,-5.91,NY,"New York-Newark-Jersey City, NY-NJ-PA",New York
2018-02-01,-3.57,NY,"New York-Newark-Jersey City, NY-NJ-PA",New York
2018-03-01,-3.04,NY,"New York-Newark-Jersey City, NY-NJ-PA",New York
2018-04-01,0.9,NY,"New York-Newark-Jersey City, NY-NJ-PA",New York
2018-05-01,0.91,NY,"New York-Newark-Jersey City, NY-NJ-PA",New York
2018-06-01,3.89,NY,"New York-Newark-Jersey City, NY-NJ-PA",New York
2018-07-01,5.39,NY,"New York-Newark-Jersey City, NY-NJ-PA",New York
2018-08-01,3.92,NY,"New York-Newark-Jersey City, NY-NJ-PA",New York
2018-09-01,7.55,NY,"New York-Newark-Jersey City, NY-NJ-PA",New York
2018-10-01,9.62,NY,"New York-Newark-Jersey City, NY-NJ-PA",New York
2018-11-01,12.46,NY,"New York-Newark-Jersey City, NY-NJ-PA",New York
2018-12-01,13.24,NY,"New York-Newark-Jersey City, NY-NJ-PA",New York
2019-01-01,14.02,NY,"New York-Newark-Jersey City, NY-NJ-PA",New York
2019-02-01,10.63,NY,"New York-Newark-Jersey City, NY-NJ-PA",New York
2019-03-01,11.28,NY,"New York-Newark-Jersey City, NY-NJ-PA",New York
2019-04-01,9.65,NY,"New York-Newark-Jersey City, NY-NJ-PA",New York
2019-05-01,8.91,NY,"New York-Newark-Jersey City, NY-NJ-PA",New York
2019-06-01,7.58,NY,"New York-Newark-Jersey City, NY-NJ-PA",New York
2019-07-01,5.24,NY,"New York-Newark-Jersey City, NY-NJ-PA",New York
2019-08-01,3.92,NY,"New York-Newark-Jersey City, NY-NJ-PA",New York
2019-09-01,0.19,NY,"New York-Newark-Jersey City, NY-NJ-PA",New York
2019-10-01,-0.83,NY,"New York-Newark-Jersey City, NY-NJ-PA",New York
2019-11-01,-3.32,NY,"New York-Newark-Jersey City, NY-NJ-PA",New York
2019-12-01,-7.22,NY,"New York-Newark-Jersey City, NY-NJ-PA",New York
2020-01-01,-8.07,NY,"New York-Newark-Jersey City, NY-NJ-PA",New York
2020-02-01,-8.91,NY,"New York-Newark-Jersey City, NY-NJ-PA",New York
2020-03-01,-11.41,NY,"New York-Newark-Jersey City, NY-NJ-PA",New York
2020-04-01,-19.91,NY,"New York-Newark-Jersey City, NY-NJ-PA",New York
2020-05-01,-29.45,NY,"New York-Newark-Jersey City, NY-NJ-PA",New York
2020-06-01,-28.63,NY,"New York-Newark-Jersey City, NY-NJ-PA",New York
2020-07-01,-23.87,NY,"New York-Newark-Jersey City, NY-NJ-PA",New York
2020-08-01,-19.27,NY,"New York-Newark-Jersey City, NY-NJ-PA",New York
2020-09-01,-16.59,NY,"New York-Newark-Jersey City, NY-NJ-PA",New York
2020-10-01,-14.47,NY,"New York-Newark-Jersey City, NY-NJ-PA",New York
2020-11-01,-13.02,NY,"New York-Newark-Jersey City, NY-NJ-PA",New York
2020-12-01,-12.84,NY,"New York-Newark-Jersey City, NY-NJ-PA",New York
2021-01-01,-17.2,NY,"New York-Newark-Jersey City, NY-NJ-PA",New York
2021-02-01,-23.95,NY,"New York-Newark-Jersey City, NY-NJ-PA",New York
2021-03-01,-26.48,NY,"New York-Newark-Jersey City, NY-NJ-PA",New York
2021-04-01,-20.54,NY,"New York-Newark-Jersey City, NY-NJ-PA",New York
2021-05-01,-11.95,NY,"New York-Newark-Jersey City, NY-NJ-PA",New York
2021-06-01,-10.64,NY,"New York-Newark-Jersey City, NY-NJ-PA",New York
2021-07-01,-14.54,NY,"New York-Newark-Jersey City, NY-NJ-PA",New York
2021-08-01,-14.44,NY,"New York-Newark-Jersey City, NY-NJ-PA",New York
2021-09-01,-15.21,NY,"New York-Newark-Jersey City, NY-NJ-PA",New York
2021-10-01,-16.57,NY,"New York-Newark-Jersey City, NY-NJ-PA",New York
2021-11-01,-17.38,NY,"New York-Newark-Jersey City, NY-NJ-PA",New York
2017-07-01,-11.57,IL,"Chicago-Naperville-Elgin, IL-IN-WI",Chicago
2017-08-01,-8.91,IL,"Chicago-Naperville-Elgin, IL-IN-WI",Chicago
2017-09-01,-10.05,IL,"Chicago-Naperville-Elgin, IL-IN-WI",Chicago
2017-10-01,-8.33,IL,"Chicago-Naperville-Elgin, IL-IN-WI",Chicago
2017-11-01,-8.56,IL,"Chicago-Naperville-Elgin, IL-IN-WI",Chicago
2017-12-01,-8.83,IL,"Chicago-Naperville-Elgin, IL-IN-WI",Chicago
2018-01-01,-9.95,IL,"Chicago-Naperville-Elgin, IL-IN-WI",Chicago
2018-02-01,-10.99,IL,"Chicago-Naperville-Elgin, IL-IN-WI",Chicago
2018-03-01,-10.38,IL,"Chicago-Naperville-Elgin, IL-IN-WI",Chicago
2018-04-01,-4.95,IL,"Chicago-Naperville-Elgin, IL-IN-WI",Chicago
2018-05-01,-4.03,IL,"Chicago-Naperville-Elgin, IL-IN-WI",Chicago
2018-06-01,-0.42,IL,"Chicago-Naperville-Elgin, IL-IN-WI",Chicago
2018-07-01,1.48,IL,"Chicago-Naperville-Elgin, IL-IN-WI",Chicago
2018-08-01,2.03,IL,"Chicago-Naperville-Elgin, IL-IN-WI",Chicago
2018-09-01,5.13,IL,"Chicago-Naperville-Elgin, IL-IN-WI",Chicago
2018-10-01,4.77,IL,"Chicago-Naperville-Elgin, IL-IN-WI",Chicago
2018-11-01,7.29,IL,"Chicago-Naperville-Elgin, IL-IN-WI",Chicago
2018-12-01,8.11,IL,"Chicago-Naperville-Elgin, IL-IN-WI",Chicago
2019-01-01,9.6,IL,"Chicago-Naperville-Elgin, IL-IN-WI",Chicago
2019-02-01,8.92,IL,"Chicago-Naperville-Elgin, IL-IN-WI",Chicago
2019-03-01,9.05,IL,"Chicago-Naperville-Elgin, IL-IN-WI",Chicago
2019-04-01,8.34,IL,"Chicago-Naperville-Elgin, IL-IN-WI",Chicago
2019-05-01,8.23,IL,"Chicago-Naperville-Elgin, IL-IN-WI",Chicago
2019-06-01,5.97,IL,"Chicago-Naperville-Elgin, IL-IN-WI",Chicago
2019-07-01,3.97,IL,"Chicago-Naperville-Elgin, IL-IN-WI",Chicago
2019-08-01,2.06,IL,"Chicago-Naperville-Elgin, IL-IN-WI",Chicago
2019-09-01,0.72,IL,"Chicago-Naperville-Elgin, IL-IN-WI",Chicago
2019-10-01,0.53,IL,"Chicago-Naperville-Elgin, IL-IN-WI",Chicago
2019-11-01,-1.83,IL,"Chicago-Naperville-Elgin, IL-IN-WI",Chicago
2019-12-01,-3.82,IL,"Chicago-Naperville-Elgin, IL-IN-WI",Chicago
2020-01-01,-4.37,IL,"Chicago-Naperville-Elgin, IL-IN-WI",Chicago
2020-02-01,-3.86,IL,"Chicago-Naperville-Elgin, IL-IN-WI",Chicago
2020-03-01,-7.69,IL,"Chicago-Naperville-Elgin, IL-IN-WI",Chicago
2020-04-01,-16.94,IL,"Chicago-Naperville-Elgin, IL-IN-WI",Chicago
2020-05-01,-22.54,IL,"Chicago-Naperville-Elgin, IL-IN-WI",Chicago
2020-06-01,-27.0,IL,"Chicago-Naperville-Elgin, IL-IN-WI",Chicago
2020-07-01,-32.12,IL,"Chicago-Naperville-Elgin, IL-IN-WI",Chicago
2020-08-01,-33.81,IL,"Chicago-Naperville-Elgin, IL-IN-WI",Chicago
2020-09-01,-33.38,IL,"Chicago-Naperville-Elgin, IL-IN-WI",Chicago
2020-10-01,-32.71,IL,"Chicago-Naperville-Elgin, IL-IN-WI",Chicago
2020-11-01,-33.19,IL,"Chicago-Naperville-Elgin, IL-IN-WI",Chicago
2020-12-01,-33.81,IL,"Chicago-Naperville-Elgin, IL-IN-WI",Chicago
2021-01-01,-37.47,IL,"Chicago-Naperville-Elgin, IL-IN-WI",Chicago
2021-02-01,-45.57,IL,"Chicago-Naperville-Elgin, IL-IN-WI",Chicago
2021-03-01,-48.11,IL,"Chicago-Naperville-Elgin, IL-IN-WI",Chicago
2021-04-01,-43.33,IL,"Chicago-Naperville-Elgin, IL-IN-WI",Chicago
2021-05-01,-40.12,IL,"Chicago-Naperville-Elgin, IL-IN-WI",Chicago
2021-06-01,-31.9,IL,"Chicago-Naperville-Elgin, IL-IN-WI",Chicago
2021-07-01,-22.36,IL,"Chicago-Naperville-Elgin, IL-IN-WI",Chicago
2021-08-01,-16.96,IL,"Chicago-Naperville-Elgin, IL-IN-WI",Chicago
2021-09-01,-17.77,IL,"Chicago-Naperville-Elgin, IL-IN-WI",Chicago
2021-10-01,-20.3,IL,"Chicago-Naperville-Elgin, IL-IN-WI",Chicago
2021-11-01,-23.9,IL,"Chicago-Naperville-Elgin, IL-IN-WI",Chicago
2017-07-01,13.19,TX,"Dallas-Fort Worth-Arlington, TX",Dallas
2017-08-01,13.72,TX,"Dallas-Fort Worth-Arlington, TX",Dallas
2017-09-01,15.56,TX,"Dallas-Fort Worth-Arlington, TX",Dallas
2017-10-01,14.73,TX,"Dallas-Fort Worth-Arlington, TX",Dallas
2017-11-01,14.94,TX,"Dallas-Fort Worth-Arlington, TX",Dallas
2017-12-01,11.55,TX,"Dallas-Fort Worth-Arlington, TX",Dallas
2018-01-01,8.8,TX,"Dallas-Fort Worth-Arlington, TX",Dallas
2018-02-01,6.95,TX,"Dallas-Fort Worth-Arlington, TX",Dallas
2018-03-01,10.38,TX,"Dallas-Fort Worth-Arlington, TX",Dallas
2018-04-01,15.92,TX,"Dallas-Fort Worth-Arlington, TX",Dallas
2018-05-01,16.35,TX,"Dallas-Fort Worth-Arlington, TX",Dallas
2018-06-01,19.08,TX,"Dallas-Fort Worth-Arlington, TX",Dallas
2018-07-01,20.79,TX,"Dallas-Fort Worth-Arlington, TX",Dallas
2018-08-01,16.81,TX,"Dallas-Fort Worth-Arlington, TX",Dallas
2018-09-01,17.27,TX,"Dallas-Fort Worth-Arlington, TX",Dallas
2018-10-01,19.44,TX,"Dallas-Fort Worth-Arlington, TX",Dallas
2018-11-01,21.24,TX,"Dallas-Fort Worth-Arlington, TX",Dallas
2018-12-01,28.42,TX,"Dallas-Fort Worth-Arlington, TX",Dallas
2019-01-01,31.7,TX,"Dallas-Fort Worth-Arlington, TX",Dallas
2019-02-01,33.22,TX,"Dallas-Fort Worth-Arlington, TX",Dallas
2019-03-01,29.37,TX,"Dallas-Fort Worth-Arlington, TX",Dallas
2019-04-01,24.33,TX,"Dallas-Fort Worth-Arlington, TX",Dallas
2019-05-01,20.36,TX,"Dallas-Fort Worth-Arlington, TX",Dallas
2019-06-01,16.4,TX,"Dallas-Fort Worth-Arlington, TX",Dallas
2019-07-01,10.37,TX,"Dallas-Fort Worth-Arlington, TX",Dallas
2019-08-01,6.3,TX,"Dallas-Fort Worth-Arlington, TX",Dallas
2019-09-01,3.4,TX,"Dallas-Fort Worth-Arlington, TX",Dallas
2019-10-01,3.97,TX,"Dallas-Fort Worth-Arlington, TX",Dallas
2019-11-01,-0.82,TX,"Dallas-Fort Worth-Arlington, TX",Dallas
2019-12-01,-4.09,TX,"Dallas-Fort Worth-Arlington, TX",Dallas
2020-01-01,-6.37,TX,"Dallas-Fort Worth-Arlington, TX",Dallas
2020-02-01,-9.11,TX,"Dallas-Fort Worth-Arlington, TX",Dallas
2020-03-01,-8.8,TX,"Dallas-Fort Worth-Arlington, TX",Dallas
2020-04-01,-10.66,TX,"Dallas-Fort Worth-Arlington, TX",Dallas
2020-05-01,-15.47,TX,"Dallas-Fort Worth-Arlington, TX",Dallas
2020-06-01,-28.82,TX,"Dallas-Fort Worth-Arlington, TX",Dallas
2020-07-01,-35.71,TX,"Dallas-Fort Worth-Arlington, TX",Dallas
2020-08-01,-39.02,TX,"Dallas-Fort Worth-Arlington, TX",Dallas
2020-09-01,-41.92,TX,"Dallas-Fort Worth-Arlington, TX",Dallas
2020-10-01,-46.77,TX,"Dallas-Fort Worth-Arlington, TX",Dallas
2020-11-01,-49.29,TX,"Dallas-Fort Worth-Arlington, TX",Dallas
2020-12-01,-51.88,TX,"Dallas-Fort Worth-Arlington, TX",Dallas
2021-01-01,-54.74,TX,"Dallas-Fort Worth-Arlington, TX",Dallas
2021-02-01,-64.35,TX,"Dallas-Fort Worth-Arlington, TX",Dallas
2021-03-01,-68.32,TX,"Dallas-Fort Worth-Arlington, TX",Dallas
2021-04-01,-69.67,TX,"Dallas-Fort Worth-Arlington, TX",Dallas
2021-05-01,-68.05,TX,"Dallas-Fort Worth-Arlington, TX",Dallas
2021-06-01,-58.98,TX,"Dallas-Fort Worth-Arlington, TX",Dallas
2021-07-01,-48.45,TX,"Dallas-Fort Worth-Arlington, TX",Dallas
2021-08-01,-37.31,TX,"Dallas-Fort Worth-Arlington, TX",Dallas
2021-09-01,-34.09,TX,"Dallas-Fort Worth-Arlington, TX",Dallas
2021-10-01,-33.8,TX,"Dallas-Fort Worth-Arlington, TX",Dallas
2021-11-01,-33.92,TX,"Dallas-Fort Worth-Arlington, TX",Dallas
2017-07-01,12.61,TX,"Houston-The Woodlands-Sugar Land, TX",Houston
2017-08-01,14.68,TX,"Houston-The Woodlands-Sugar Land, TX",Houston
2017-09-01,5.37,TX,"Houston-The Woodlands-Sugar Land, TX",Houston
2017-10-01,2.46,TX,"Houston-The Woodlands-Sugar Land, TX",Houston
2017-11-01,1.06,TX,"Houston-The Woodlands-Sugar Land, TX",Houston
2017-12-01,1.96,TX,"Houston-The Woodlands-Sugar Land, TX",Houston
2018-01-01,-2.34,TX,"Houston-The Woodlands-Sugar Land, TX",Houston
2018-02-01,-4.35,TX,"Houston-The Woodlands-Sugar Land, TX",Houston
2018-03-01,-4.47,TX,"Houston-The Woodlands-Sugar Land, TX",Houston
2018-04-01,-1.92,TX,"Houston-The Woodlands-Sugar Land, TX",Houston
2018-05-01,-3.36,TX,"Houston-The Woodlands-Sugar Land, TX",Houston
2018-06-01,-3.13,TX,"Houston-The Woodlands-Sugar Land, TX",Houston
2018-07-01,-2.74,TX,"Houston-The Woodlands-Sugar Land, TX",Houston
2018-08-01,-3.24,TX,"Houston-The Woodlands-Sugar Land, TX",Houston
2018-09-01,4.64,TX,"Houston-The Woodlands-Sugar Land, TX",Houston
2018-10-01,8.75,TX,"Houston-The Woodlands-Sugar Land, TX",Houston
2018-11-01,10.48,TX,"Houston-The Woodlands-Sugar Land, TX",Houston
2018-12-01,12.17,TX,"Houston-The Woodlands-Sugar Land, TX",Houston
2019-01-01,17.07,TX,"Houston-The Woodlands-Sugar Land, TX",Houston
2019-02-01,18.15,TX,"Houston-The Woodlands-Sugar Land, TX",Houston
2019-03-01,16.38,TX,"Houston-The Woodlands-Sugar Land, TX",Houston
2019-04-01,11.34,TX,"Houston-The Woodlands-Sugar Land, TX",Houston
2019-05-01,9.34,TX,"Houston-The Woodlands-Sugar Land, TX",Houston
2019-06-01,8.38,TX,"Houston-The Woodlands-Sugar Land, TX",Houston
2019-07-01,6.56,TX,"Houston-The Woodlands-Sugar Land, TX",Houston
2019-08-01,1.78,TX,"Houston-The Woodlands-Sugar Land, TX",Houston
2019-09-01,-0.3,TX,"Houston-The Woodlands-Sugar Land, TX",Houston
2019-10-01,0.44,TX,"Houston-The Woodlands-Sugar Land, TX",Houston
2019-11-01,-0.86,TX,"Houston-The Woodlands-Sugar Land, TX",Houston
2019-12-01,-2.96,TX,"Houston-The Woodlands-Sugar Land, TX",Houston
2020-01-01,-4.2,TX,"Houston-The Woodlands-Sugar Land, TX",Houston
2020-02-01,-4.78,TX,"Houston-The Woodlands-Sugar Land, TX",Houston
2020-03-01,-3.85,TX,"Houston-The Woodlands-Sugar Land, TX",Houston
2020-04-01,-4.91,TX,"Houston-The Woodlands-Sugar Land, TX",Houston
2020-05-01,-11.4,TX,"Houston-The Woodlands-Sugar Land, TX",Houston
2020-06-01,-21.63,TX,"Houston-The Woodlands-Sugar Land, TX",Houston
2020-07-01,-27.41,TX,"Houston-The Woodlands-Sugar Land, TX",Houston
2020-08-01,-28.08,TX,"Houston-The Woodlands-Sugar Land, TX",Houston
2020-09-01,-30.26,TX,"Houston-The Woodlands-Sugar Land, TX",Houston
2020-10-01,-32.68,TX,"Houston-The Woodlands-Sugar Land, TX",Houston
2020-11-01,-32.91,TX,"Houston-The Woodlands-Sugar Land, TX",Houston
2020-12-01,-33.68,TX,"Houston-The Woodlands-Sugar Land, TX",Houston
2021-01-01,-36.96,TX,"Houston-The Woodlands-Sugar Land, TX",Houston
2021-02-01,-44.17,TX,"Houston-The Woodlands-Sugar Land, TX",Houston
2021-03-01,-51.08,TX,"Houston-The Woodlands-Sugar Land, TX",Houston
2021-04-01,-54.74,TX,"Houston-The Woodlands-Sugar Land, TX",Houston
2021-05-01,-53.46,TX,"Houston-The Woodlands-Sugar Land, TX",Houston
2021-06-01,-43.81,TX,"Houston-The Woodlands-Sugar Land, TX",Houston
2021-07-01,-35.37,TX,"Houston-The Woodlands-Sugar Land, TX",Houston
2021-08-01,-25.41,TX,"Houston-The Woodlands-Sugar Land, TX",Houston
2021-09-01,-20.39,TX,"Houston-The Woodlands-Sugar Land, TX",Houston
2021-10-01,-20.24,TX,"Houston-The Woodlands-Sugar Land, TX",Houston
2021-11-01,-22.56,TX,"Houston-The Woodlands-Sugar Land, TX",Houston
2017-07-01,-18.28,MI,"Detroit-Warren-Dearborn, MI",Detroit
2017-08-01,-12.9,MI,"Detroit-Warren-Dearborn, MI",Detroit
2017-09-01,-11.03,MI,"Detroit-Warren-Dearborn, MI",Detroit
2017-10-01,-8.91,MI,"Detroit-Warren-Dearborn, MI",Detroit
2017-11-01,-8.94,MI,"Detroit-Warren-Dearborn, MI",Detroit
2017-12-01,-7.66,MI,"Detroit-Warren-Dearborn, MI",Detroit
2018-01-01,-8.61,MI,"Detroit-Warren-Dearborn, MI",Detroit
2018-02-01,-10.58,MI,"Detroit-Warren-Dearborn, MI",Detroit
2018-03-01,-8.94,MI,"Detroit-Warren-Dearborn, MI",Detroit
2018-04-01,-4.5,MI,"Detroit-Warren-Dearborn, MI",Detroit
2018-05-01,-2.13,MI,"Detroit-Warren-Dearborn, MI",Detroit
2018-06-01,0.1,MI,"Detroit-Warren-Dearborn, MI",Detroit
2018-07-01,2.19,MI,"Detroit-Warren-Dearborn, MI",Detroit
2018-08-01,1.68,MI,"Detroit-Warren-Dearborn, MI",Detroit
2018-09-01,5.93,MI,"Detroit-Warren-Dearborn, MI",Detroit
2018-10-01,8.89,MI,"Detroit-Warren-Dearborn, MI",Detroit
2018-11-01,14.04,MI,"Detroit-Warren-Dearborn, MI",Detroit
2018-12-01,16.88,MI,"Detroit-Warren-Dearborn, MI",Detroit
2019-01-01,21.29,MI,"Detroit-Warren-Dearborn, MI",Detroit
2019-02-01,22.47,MI,"Detroit-Warren-Dearborn, MI",Detroit
2019-03-01,22.16,MI,"Detroit-Warren-Dearborn, MI",Detroit
2019-04-01,16.9,MI,"Detroit-Warren-Dearborn, MI",Detroit
2019-05-01,15.79,MI,"Detroit-Warren-Dearborn, MI",Detroit
2019-06-01,15.14,MI,"Detroit-Warren-Dearborn, MI",Detroit
2019-07-01,13.99,MI,"Detroit-Warren-Dearborn, MI",Detroit
2019-08-01,7.9,MI,"Detroit-Warren-Dearborn, MI",Detroit
2019-09-01,5.74,MI,"Detroit-Warren-Dearborn, MI",Detroit
2019-10-01,5.24,MI,"Detroit-Warren-Dearborn, MI",Detroit
2019-11-01,0.95,MI,"Detroit-Warren-Dearborn, MI",Detroit
2019-12-01,-3.25,MI,"Detroit-Warren-Dearborn, MI",Detroit
2020-01-01,-5.83,MI,"Detroit-Warren-Dearborn, MI",Detroit
2020-02-01,-8.49,MI,"Detroit-Warren-Dearborn, MI",Detroit
2020-03-01,-10.39,MI,"Detroit-Warren-Dearborn, MI",Detroit
2020-04-01,-12.95,MI,"Detroit-Warren-Dearborn, MI",Detroit
2020-05-01,-14.39,MI,"Detroit-Warren-Dearborn, MI",Detroit
2020-06-01,-26.11,MI,"Detroit-Warren-Dearborn, MI",Detroit
2020-07-01,-35.11,MI,"Detroit-Warren-Dearborn, MI",Detroit
2020-08-01,-40.73,MI,"Detroit-Warren-Dearborn, MI",Detroit
2020-09-01,-43.97,MI,"Detroit-Warren-Dearborn, MI",Detroit
2020-10-01,-47.38,MI,"Detroit-Warren-Dearborn, MI",Detroit
2020-11-01,-48.31,MI,"Detroit-Warren-Dearborn, MI",Detroit
2020-12-01,-48.35,MI,"Detroit-Warren-Dearborn, MI",Detroit
2021-01-01,-51.78,MI,"Detroit-Warren-Dearborn, MI",Detroit
2021-02-01,-56.21,MI,"Detroit-Warren-Dearborn, MI",Detroit
2021-03-01,-55.78,MI,"Detroit-Warren-Dearborn, MI",Detroit
2021-04-01,-53.42,MI,"Detroit-Warren-Dearborn, MI",Detroit
2021-05-01,-50.94,MI,"Detroit-Warren-Dearborn, MI",Detroit
2021-06-01,-36.54,MI,"Detroit-Warren-Dearborn, MI",Detroit
2021-07-01,-28.42,MI,"Detroit-Warren-Dearborn, MI",Detroit
2021-08-01,-15.57,MI,"Detroit-Warren-Dearborn, MI",Detroit
2021-09-01,-10.69,MI,"Detroit-Warren-Dearborn, MI",Detroit
2021-10-01,-7.15,MI,"Detroit-Warren-Dearborn, MI",Detroit
2021-11-01,-6.17,MI,"Detroit-Warren-Dearborn, MI",Detroit
2017-07-01,-19.98,OH,"Cincinnati, OH-KY-IN",Cincinnati
2017-08-01,-18.73,OH,"Cincinnati, OH-KY-IN",Cincinnati
2017-09-01,-15.38,OH,"Cincinnati, OH-KY-IN",Cincinnati
2017-10-01,-13.81,OH,"Cincinnati, OH-KY-IN",Cincinnati
2017-11-01,-13.48,OH,"Cincinnati, OH-KY-IN",Cincinnati
2017-12-01,-14.15,OH,"Cincinnati, OH-KY-IN",Cincinnati
2018-01-01,-16.8,OH,"Cincinnati, OH-KY-IN",Cincinnati
2018-02-01,-17.07,OH,"Cincinnati, OH-KY-IN",Cincinnati
2018-03-01,-18.93,OH,"Cincinnati, OH-KY-IN",Cincinnati
2018-04-01,-16.22,OH,"Cincinnati, OH-KY-IN",Cincinnati
2018-05-01,-13.74,OH,"Cincinnati, OH-KY-IN",Cincinnati
2018-06-01,-11.6,OH,"Cincinnati, OH-KY-IN",Cincinnati
2018-07-01,-9.96,OH,"Cincinnati, OH-KY-IN",Cincinnati
2018-08-01,-7.72,OH,"Cincinnati, OH-KY-IN",Cincinnati
2018-09-01,-5.19,OH,"Cincinnati, OH-KY-IN",Cincinnati
2018-10-01,-3.22,OH,"Cincinnati, OH-KY-IN",Cincinnati
2018-11-01,-0.65,OH,"Cincinnati, OH-KY-IN",Cincinnati
2018-12-01,1.04,OH,"Cincinnati, OH-KY-IN",Cincinnati
2019-01-01,3.23,OH,"Cincinnati, OH-KY-IN",Cincinnati
2019-02-01,-0.9,OH,"Cincinnati, OH-KY-IN",Cincinnati
2019-03-01,1.58,OH,"Cincinnati, OH-KY-IN",Cincinnati
2019-04-01,-1.19,OH,"Cincinnati, OH-KY-IN",Cincinnati
2019-05-01,-2.75,OH,"Cincinnati, OH-KY-IN",Cincinnati
2019-06-01,-9.45,OH,"Cincinnati, OH-KY-IN",Cincinnati
2019-07-01,-13.5,OH,"Cincinnati, OH-KY-IN",Cincinnati
2019-08-01,-16.59,OH,"Cincinnati, OH-KY-IN",Cincinnati
2019-09-01,-19.34,OH,"Cincinnati, OH-KY-IN",Cincinnati
2019-10-01,-18.69,OH,"Cincinnati, OH-KY-IN",Cincinnati
2019-11-01,-21.5,OH,"Cincinnati, OH-KY-IN",Cincinnati
2019-12-01,-23.37,OH,"Cincinnati, OH-KY-IN",Cincinnati
2020-01-01,-24.41,OH,"Cincinnati, OH-KY-IN",Cincinnati
2020-02-01,-28.48,OH,"Cincinnati, OH-KY-IN",Cincinnati
2020-03-01,-30.08,OH,"Cincinnati, OH-KY-IN",Cincinnati
2020-04-01,-28.47,OH,"Cincinnati, OH-KY-IN",Cincinnati
2020-05-01,-33.63,OH,"Cincinnati, OH-KY-IN",Cincinnati
2020-06-01,-40.32,OH,"Cincinnati, OH-KY-IN",Cincinnati
2020-07-01,-46.61,OH,"Cincinnati, OH-KY-IN",Cincinnati
2020-08-01,-46.76,OH,"Cincinnati, OH-KY-IN",Cincinnati
2020-09-01,-44.78,OH,"Cincinnati, OH-KY-IN",Cincinnati
2020-10-01,-44.74,OH,"Cincinnati, OH-KY-IN",Cincinnati
2020-11-01,-43.27,OH,"Cincinnati, OH-KY-IN",Cincinnati
2020-12-01,-43.74,OH,"Cincinnati, OH-KY-IN",Cincinnati
2021-01-01,-47.56,OH,"Cincinnati, OH-KY-IN",Cincinnati
2021-02-01,-51.47,OH,"Cincinnati, OH-KY-IN",Cincinnati
2021-03-01,-50.84,OH,"Cincinnati, OH-KY-IN",Cincinnati
2021-04-01,-54.37,OH,"Cincinnati, OH-KY-IN",Cincinnati
2021-05-01,-47.66,OH,"Cincinnati, OH-KY-IN",Cincinnati
2021-06-01,-35.13,OH,"Cincinnati, OH-KY-IN",Cincinnati
2021-07-01,-17.49,OH,"Cincinnati, OH-KY-IN",Cincinnati
2021-08-01,-3.24,OH,"Cincinnati, OH-KY-IN",Cincinnati
2021-09-01,-4.53,OH,"Cincinnati, OH-KY-IN",Cincinnati
2021-10-01,-11.42,OH,"Cincinnati, OH-KY-IN",Cincinnati
2021-11-01,-16.24,OH,"Cincinnati, OH-KY-IN",Cincinnati
2017-07-01,0.3,SC,"Charleston-North Charleston, SC",Charleston
2017-08-01,-1.02,SC,"Charleston-North Charleston, SC",Charleston
2017-09-01,-1.67,SC,"Charleston-North Charleston, SC",Charleston
2017-10-01,0.47,SC,"Charleston-North Charleston, SC",Charleston
2017-11-01,1.33,SC,"Charleston-North Charleston, SC",Charleston
2017-12-01,0.02,SC,"Charleston-North Charleston, SC",Charleston
2018-01-01,-0.46,SC,"Charleston-North Charleston, SC",Charleston
2018-02-01,0.89,SC,"Charleston-North Charleston, SC",Charleston
2018-03-01,-0.96,SC,"Charleston-North Charleston, SC",Charleston
2018-04-01,-2.41,SC,"Charleston-North Charleston, SC",Charleston
2018-05-01,-3.32,SC,"Charleston-North Charleston, SC",Charleston
2018-06-01,-1.97,SC,"Charleston-North Charleston, SC",Charleston
2018-07-01,-1.54,SC,"Charleston-North Charleston, SC",Charleston
2018-08-01,-0.17,SC,"Charleston-North Charleston, SC",Charleston
2018-09-01,2.13,SC,"Charleston-North Charleston, SC",Charleston
2018-10-01,3.99,SC,"Charleston-North Charleston, SC",Charleston
2018-11-01,6.94,SC,"Charleston-North Charleston, SC",Charleston
2018-12-01,7.58,SC,"Charleston-North Charleston, SC",Charleston
2019-01-01,9.64,SC,"Charleston-North Charleston, SC",Charleston
2019-02-01,10.0,SC,"Charleston-North Charleston, SC",Charleston
2019-03-01,8.77,SC,"Charleston-North Charleston, SC",Charleston
2019-04-01,9.1,SC,"Charleston-North Charleston, SC",Charleston
2019-05-01,7.77,SC,"Charleston-North Charleston, SC",Charleston
2019-06-01,5.35,SC,"Charleston-North Charleston, SC",Charleston
2019-07-01,3.42,SC,"Charleston-North Charleston, SC",Charleston
2019-08-01,0.66,SC,"Charleston-North Charleston, SC",Charleston
2019-09-01,-2.73,SC,"Charleston-North Charleston, SC",Charleston
2019-10-01,-5.06,SC,"Charleston-North Charleston, SC",Charleston
2019-11-01,-8.31,SC,"Charleston-North Charleston, SC",Charleston
2019-12-01,-9.27,SC,"Charleston-North Charleston, SC",Charleston
2020-01-01,-13.09,SC,"Charleston-North Charleston, SC",Charleston
2020-02-01,-15.12,SC,"Charleston-North Charleston, SC",Charleston
2020-03-01,-15.29,SC,"Charleston-North Charleston, SC",Charleston
2020-04-01,-16.59,SC,"Charleston-North Charleston, SC",Charleston
2020-05-01,-20.38,SC,"Charleston-North Charleston, SC",Charleston
2020-06-01,-26.39,SC,"Charleston-North Charleston, SC",Charleston
2020-07-01,-32.23,SC,"Charleston-North Charleston, SC",Charleston
2020-08-01,-35.29,SC,"Charleston-North Charleston, SC",Charleston
2020-09-01,-40.03,SC,"Charleston-North Charleston, SC",Charleston
2020-10-01,-42.39,SC,"Charleston-North Charleston, SC",Charleston
2020-11-01,-45.99,SC,"Charleston-North Charleston, SC",Charleston
2020-12-01,-48.66,SC,"Charleston-North Charleston, SC",Charleston
2021-01-01,-54.6,SC,"Charleston-North Charleston, SC",Charleston
2021-02-01,-65.49,SC,"Charleston-North Charleston, SC",Charleston
2021-03-01,-69.38,SC,"Charleston-North Charleston, SC",Charleston
2021-04-01,-72.0,SC,"Charleston-North Charleston, SC",Charleston
2021-05-01,-71.94,SC,"Charleston-North Charleston, SC",Charleston
2021-06-01,-67.01,SC,"Charleston-North Charleston, SC",Charleston
2021-07-01,-58.15,SC,"Charleston-North Charleston, SC",Charleston
2021-08-01,-51.88,SC,"Charleston-North Charleston, SC",Charleston
2021-09-01,-46.77,SC,"Charleston-North Charleston, SC",Charleston
2021-10-01,-48.9,SC,"Charleston-North Charleston, SC",Charleston
2021-11-01,-47.76,SC,"Charleston-North Charleston, SC",Charleston
2017-07-01,-7.9,UT,"Ogden-Clearfield, UT",Ogden
2017-08-01,-10.7,UT,"Ogden-Clearfield, UT",Ogden
2017-09-01,-14.75,UT,"Ogden-Clearfield, UT",Ogden
2017-10-01,-18.82,UT,"Ogden-Clearfield, UT",Ogden
2017-11-01,-17.54,UT,"Ogden-Clearfield, UT",Ogden
2017-12-01,-16.98,UT,"Ogden-Clearfield, UT",Ogden
2018-01-01,-22.58,UT,"Ogden-Clearfield, UT",Ogden
2018-02-01,-21.12,UT,"Ogden-Clearfield, UT",Ogden
2018-03-01,-14.67,UT,"Ogden-Clearfield, UT",Ogden
2018-04-01,-13.94,UT,"Ogden-Clearfield, UT",Ogden
2018-05-01,-16.82,UT,"Ogden-Clearfield, UT",Ogden
2018-06-01,-15.0,UT,"Ogden-Clearfield, UT",Ogden
2018-07-01,-12.74,UT,"Ogden-Clearfield, UT",Ogden
2018-08-01,-6.47,UT,"Ogden-Clearfield, UT",Ogden
2018-09-01,4.7,UT,"Ogden-Clearfield, UT",Ogden
2018-10-01,10.13,UT,"Ogden-Clearfield, UT",Ogden
2018-11-01,13.47,UT,"Ogden-Clearfield, UT",Ogden
2018-12-01,18.42,UT,"Ogden-Clearfield, UT",Ogden
2019-01-01,29.36,UT,"Ogden-Clearfield, UT",Ogden
2019-02-01,33.76,UT,"Ogden-Clearfield, UT",Ogden
2019-03-01,27.99,UT,"Ogden-Clearfield, UT",Ogden
2019-04-01,23.85,UT,"Ogden-Clearfield, UT",Ogden
2019-05-01,20.05,UT,"Ogden-Clearfield, UT",Ogden
2019-06-01,17.1,UT,"Ogden-Clearfield, UT",Ogden
2019-07-01,10.6,UT,"Ogden-Clearfield, UT",Ogden
2019-08-01,22.13,UT,"Ogden-Clearfield, UT",Ogden
2019-09-01,16.7,UT,"Ogden-Clearfield, UT",Ogden
2019-10-01,-2.99,UT,"Ogden-Clearfield, UT",Ogden
2019-11-01,-7.84,UT,"Ogden-Clearfield, UT",Ogden
2019-12-01,-19.12,UT,"Ogden-Clearfield, UT",Ogden
2020-01-01,-24.4,UT,"Ogden-Clearfield, UT",Ogden
2020-02-01,-31.57,UT,"Ogden-Clearfield, UT",Ogden
2020-03-01,-25.31,UT,"Ogden-Clearfield, UT",Ogden
2020-04-01,-6.89,UT,"Ogden-Clearfield, UT",Ogden
2020-05-01,-28.77,UT,"Ogden-Clearfield, UT",Ogden
2020-06-01,-43.07,UT,"Ogden-Clearfield, UT",Ogden
2020-07-01,-53.11,UT,"Ogden-Clearfield, UT",Ogden
2020-08-01,-68.07,UT,"Ogden-Clearfield, UT",Ogden
2020-09-01,-73.95,UT,"Ogden-Clearfield, UT",Ogden
2020-10-01,-71.49,UT,"Ogden-Clearfield, UT",Ogden
2020-11-01,-72.53,UT,"Ogden-Clearfield, UT",Ogden
2020-12-01,-72.21,UT,"Ogden-Clearfield, UT",Ogden
2021-01-01,-73.43,UT,"Ogden-Clearfield, UT",Ogden
2021-02-01,-71.68,UT,"Ogden-Clearfield, UT",Ogden
2021-03-01,-70.5,UT,"Ogden-Clearfield, UT",Ogden
2021-04-01,-76.26,UT,"Ogden-Clearfield, UT",Ogden
2021-05-01,-65.63,UT,"Ogden-Clearfield, UT",Ogden
2021-06-01,-46.84,UT,"Ogden-Clearfield, UT",Ogden
2021-07-01,-31.12,UT,"Ogden-Clearfield, UT",Ogden
2021-08-01,-2.44,UT,"Ogden-Clearfield, UT",Ogden
2021-09-01,24.62,UT,"Ogden-Clearfield, UT",Ogden
2021-10-01,28.27,UT,"Ogden-Clearfield, UT",Ogden
2021-11-01,31.9,UT,"Ogden-Clearfield, UT",Ogden
2017-07-01,-3.84,KS,"Wichita, KS",Wichita
2017-08-01,-0.65,KS,"Wichita, KS",Wichita
2017-09-01,4.82,KS,"Wichita, KS",Wichita
2017-10-01,3.81,KS,"Wichita, KS",Wichita
2017-11-01,-1.12,KS,"Wichita, KS",Wichita
2017-12-01,0.05,KS,"Wichita, KS",Wichita
2018-01-01,-1.25,KS,"Wichita, KS",Wichita
2018-02-01,-9.62,KS,"Wichita, KS",Wichita
2018-03-01,-10.37,KS,"Wichita, KS",Wichita
2018-04-01,-8.77,KS,"Wichita, KS",Wichita
2018-05-01,-5.77,KS,"Wichita, KS",Wichita
2018-06-01,-3.99,KS,"Wichita, KS",Wichita
2018-07-01,-9.56,KS,"Wichita, KS",Wichita
2018-08-01,-11.63,KS,"Wichita, KS",Wichita
2018-09-01,-12.61,KS,"Wichita, KS",Wichita
2018-10-01,-12.29,KS,"Wichita, KS",Wichita
2018-11-01,-5.66,KS,"Wichita, KS",Wichita
2018-12-01,-5.29,KS,"Wichita, KS",Wichita
2019-01-01,-3.49,KS,"Wichita, KS",Wichita
2019-02-01,-0.77,KS,"Wichita, KS",Wichita
2019-03-01,-1.75,KS,"Wichita, KS",Wichita
2019-04-01,-3.83,KS,"Wichita, KS",Wichita
2019-05-01,-9.54,KS,"Wichita, KS",Wichita
2019-06-01,-16.47,KS,"Wichita, KS",Wichita
2019-07-01,-13.8,KS,"Wichita, KS",Wichita
2019-08-01,-11.88,KS,"Wichita, KS",Wichita
2019-09-01,-15.92,KS,"Wichita, KS",Wichita
2019-10-01,-20.79,KS,"Wichita, KS",Wichita
2019-11-01,-26.45,KS,"Wichita, KS",Wichita
2019-12-01,-26.42,KS,"Wichita, KS",Wichita
2020-01-01,-27.11,KS,"Wichita, KS",Wichita
2020-02-01,-27.46,KS,"Wichita, KS",Wichita
2020-03-01,-28.32,KS,"Wichita, KS",Wichita
2020-04-01,-28.19,KS,"Wichita, KS",Wichita
2020-05-01,-32.0,KS,"Wichita, KS",Wichita
2020-06-01,-38.15,KS,"Wichita, KS",Wichita
2020-07-01,-42.83,KS,"Wichita, KS",Wichita
2020-08-01,-45.53,KS,"Wichita, KS",Wichita
2020-09-01,-45.65,KS,"Wichita, KS",Wichita
2020-10-01,-39.79,KS,"Wichita, KS",Wichita
2020-11-01,-36.91,KS,"Wichita, KS",Wichita
2020-12-01,-38.91,KS,"Wichita, KS",Wichita
2021-01-01,-43.74,KS,"Wichita, KS",Wichita
2021-02-01,-52.11,KS,"Wichita, KS",Wichita
2021-03-01,-56.17,KS,"Wichita, KS",Wichita
2021-04-01,-59.45,KS,"Wichita, KS",Wichita
2021-05-01,-51.85,KS,"Wichita, KS",Wichita
2021-06-01,-36.99,KS,"Wichita, KS",Wichita
2021-07-01,-24.77,KS,"Wichita, KS",Wichita
2021-08-01,-12.73,KS,"Wichita, KS",Wichita
2021-09-01,-10.67,KS,"Wichita, KS",Wichita
2021-10-01,-17.36,KS,"Wichita, KS",Wichita
2021-11-01,-24.58,KS,"Wichita, KS",Wichita
2017-07-01,-12.65,SC,"Myrtle Beach-Conway-North Myrtle Beach, SC-NC",Myrtle Beach
2017-08-01,-13.63,SC,"Myrtle Beach-Conway-North Myrtle Beach, SC-NC",Myrtle Beach
2017-09-01,-32.51,SC,"Myrtle Beach-Conway-North Myrtle Beach, SC-NC",Myrtle Beach
2017-10-01,-10.49,SC,"Myrtle Beach-Conway-North Myrtle Beach, SC-NC",Myrtle Beach
2017-11-01,-9.49,SC,"Myrtle Beach-Conway-North Myrtle Beach, SC-NC",Myrtle Beach
2017-12-01,-8.1,SC,"Myrtle Beach-Conway-North Myrtle Beach, SC-NC",Myrtle Beach
2018-01-01,-9.29,SC,"Myrtle Beach-Conway-North Myrtle Beach, SC-NC",Myrtle Beach
2018-02-01,-10.09,SC,"Myrtle Beach-Conway-North Myrtle Beach, SC-NC",Myrtle Beach
2018-03-01,-8.23,SC,"Myrtle Beach-Conway-North Myrtle Beach, SC-NC",Myrtle Beach
2018-04-01,-7.6,SC,"Myrtle Beach-Conway-North Myrtle Beach, SC-NC",Myrtle Beach
2018-05-01,-7.4,SC,"Myrtle Beach-Conway-North Myrtle Beach, SC-NC",Myrtle Beach
2018-06-01,-6.76,SC,"Myrtle Beach-Conway-North Myrtle Beach, SC-NC",Myrtle Beach
2018-07-01,-6.78,SC,"Myrtle Beach-Conway-North Myrtle Beach, SC-NC",Myrtle Beach
2018-08-01,-3.81,SC,"Myrtle Beach-Conway-North Myrtle Beach, SC-NC",Myrtle Beach
2018-09-01,-4.19,SC,"Myrtle Beach-Conway-North Myrtle Beach, SC-NC",Myrtle Beach
2018-10-01,-4.05,SC,"Myrtle Beach-Conway-North Myrtle Beach, SC-NC",Myrtle Beach
2018-11-01,-3.19,SC,"Myrtle Beach-Conway-North Myrtle Beach, SC-NC",Myrtle Beach
2018-12-01,-2.82,SC,"Myrtle Beach-Conway-North Myrtle Beach, SC-NC",Myrtle Beach
2019-01-01,-1.27,SC,"Myrtle Beach-Conway-North Myrtle Beach, SC-NC",Myrtle Beach
2019-02-01,-0.03,SC,"Myrtle Beach-Conway-North Myrtle Beach, SC-NC",Myrtle Beach
2019-03-01,0.15,SC,"Myrtle Beach-Conway-North Myrtle Beach, SC-NC",Myrtle Beach
2019-04-01,2.89,SC,"Myrtle Beach-Conway-North Myrtle Beach, SC-NC",Myrtle Beach
2019-05-01,3.53,SC,"Myrtle Beach-Conway-North Myrtle Beach, SC-NC",Myrtle Beach
2019-06-01,4.29,SC,"Myrtle Beach-Conway-North Myrtle Beach, SC-NC",Myrtle Beach
2019-07-01,6.6,SC,"Myrtle Beach-Conway-North Myrtle Beach, SC-NC",Myrtle Beach
2019-08-01,3.11,SC,"Myrtle Beach-Conway-North Myrtle Beach, SC-NC",Myrtle Beach
2019-09-01,1.65,SC,"Myrtle Beach-Conway-North Myrtle Beach, SC-NC",Myrtle Beach
2019-10-01,3.44,SC,"Myrtle Beach-Conway-North Myrtle Beach, SC-NC",Myrtle Beach
2019-11-01,2.92,SC,"Myrtle Beach-Conway-North Myrtle Beach, SC-NC",Myrtle Beach
2019-12-01,0.84,SC,"Myrtle Beach-Conway-North Myrtle Beach, SC-NC",Myrtle Beach
2020-01-01,-0.62,SC,"Myrtle Beach-Conway-North Myrtle Beach, SC-NC",Myrtle Beach
2020-02-01,-3.62,SC,"Myrtle Beach-Conway-North Myrtle Beach, SC-NC",Myrtle Beach
2020-03-01,-4.58,SC,"Myrtle Beach-Conway-North Myrtle Beach, SC-NC",Myrtle Beach
2020-04-01,-3.14,SC,"Myrtle Beach-Conway-North Myrtle Beach, SC-NC",Myrtle Beach
2020-05-01,-6.49,SC,"Myrtle Beach-Conway-North Myrtle Beach, SC-NC",Myrtle Beach
2020-06-01,-15.83,SC,"Myrtle Beach-Conway-North Myrtle Beach, SC-NC",Myrtle Beach
2020-07-01,-20.83,SC,"Myrtle Beach-Conway-North Myrtle Beach, SC-NC",Myrtle Beach
2020-08-01,-22.08,SC,"Myrtle Beach-Conway-North Myrtle Beach, SC-NC",Myrtle Beach
2020-09-01,-25.22,SC,"Myrtle Beach-Conway-North Myrtle Beach, SC-NC",Myrtle Beach
2020-10-01,-29.94,SC,"Myrtle Beach-Conway-North Myrtle Beach, SC-NC",Myrtle Beach
2020-11-01,-33.3,SC,"Myrtle Beach-Conway-North Myrtle Beach, SC-NC",Myrtle Beach
2020-12-01,-32.46,SC,"Myrtle Beach-Conway-North Myrtle Beach, SC-NC",Myrtle Beach
2021-01-01,-36.52,SC,"Myrtle Beach-Conway-North Myrtle Beach, SC-NC",Myrtle Beach
2021-02-01,-45.94,SC,"Myrtle Beach-Conway-North Myrtle Beach, SC-NC",Myrtle Beach
2021-03-01,-55.39,SC,"Myrtle Beach-Conway-North Myrtle Beach, SC-NC",Myrtle Beach
2021-04-01,-64.32,SC,"Myrtle Beach-Conway-North Myrtle Beach, SC-NC",Myrtle Beach
2021-05-01,-71.02,SC,"Myrtle Beach-Conway-North Myrtle Beach, SC-NC",Myrtle Beach
2021-06-01,-69.32,SC,"Myrtle Beach-Conway-North Myrtle Beach, SC-NC",Myrtle Beach
2021-07-01,-66.04,SC,"Myrtle Beach-Conway-North Myrtle Beach, SC-NC",Myrtle Beach
2021-08-01,-59.64,SC,"Myrtle Beach-Conway-North Myrtle Beach, SC-NC",Myrtle Beach
2021-09-01,-54.61,SC,"Myrtle Beach-Conway-North Myrtle Beach, SC-NC",Myrtle Beach
2021-10-01,-52.19,SC,"Myrtle Beach-Conway-North Myrtle Beach, SC-NC",Myrtle Beach
2021-11-01,-50.71,SC,"Myrtle Beach-Conway-North Myrtle Beach, SC-NC",Myrtle Beach
2017-07-01,-16.14,NJ,"Trenton-Princeton, NJ",Trenton
2017-08-01,-9.52,NJ,"Trenton-Princeton, NJ",Trenton
2017-09-01,-10.02,NJ,"Trenton-Princeton, NJ",Trenton
2017-10-01,-3.24,NJ,"Trenton-Princeton, NJ",Trenton
2017-11-01,-2.78,NJ,"Trenton-Princeton, NJ",Trenton
2017-12-01,-5.98,NJ,"Trenton-Princeton, NJ",Trenton
2018-01-01,-8.75,NJ,"Trenton-Princeton, NJ",Trenton
2018-02-01,-7.23,NJ,"Trenton-Princeton, NJ",Trenton
2018-03-01,-13.78,NJ,"Trenton-Princeton, NJ",Trenton
2018-04-01,-9.09,NJ,"Trenton-Princeton, NJ",Trenton
2018-05-01,-7.56,NJ,"Trenton-Princeton, NJ",Trenton
2018-06-01,-1.82,NJ,"Trenton-Princeton, NJ",Trenton
2018-07-01,1.19,NJ,"Trenton-Princeton, NJ",Trenton
2018-08-01,-4.67,NJ,"Trenton-Princeton, NJ",Trenton
2018-09-01,-1.5,NJ,"Trenton-Princeton, NJ",Trenton
2018-10-01,-5.78,NJ,"Trenton-Princeton, NJ",Trenton
2018-11-01,-3.33,NJ,"Trenton-Princeton, NJ",Trenton
2018-12-01,-2.39,NJ,"Trenton-Princeton, NJ",Trenton
2019-01-01,-1.23,NJ,"Trenton-Princeton, NJ",Trenton
2019-02-01,-4.12,NJ,"Trenton-Princeton, NJ",Trenton
2019-03-01,4.07,NJ,"Trenton-Princeton, NJ",Trenton
2019-04-01,1.01,NJ,"Trenton-Princeton, NJ",Trenton
2019-05-01,0.81,NJ,"Trenton-Princeton, NJ",Trenton
2019-06-01,-6.32,NJ,"Trenton-Princeton, NJ",Trenton
2019-07-01,-7.55,NJ,"Trenton-Princeton, NJ",Trenton
2019-08-01,-11.72,NJ,"Trenton-Princeton, NJ",Trenton
2019-09-01,-17.91,NJ,"Trenton-Princeton, NJ",Trenton
2019-10-01,-19.39,NJ,"Trenton-Princeton, NJ",Trenton
2019-11-01,-19.34,NJ,"Trenton-Princeton, NJ",Trenton
2019-12-01,-21.65,NJ,"Trenton-Princeton, NJ",Trenton
2020-01-01,-20.96,NJ,"Trenton-Princeton, NJ",Trenton
2020-02-01,-19.56,NJ,"Trenton-Princeton, NJ",Trenton
2020-03-01,-21.32,NJ,"Trenton-Princeton, NJ",Trenton
2020-04-01,-32.14,NJ,"Trenton-Princeton, NJ",Trenton
2020-05-01,-38.97,NJ,"Trenton-Princeton, NJ",Trenton
2020-06-01,-38.37,NJ,"Trenton-Princeton, NJ",Trenton
2020-07-01,-42.53,NJ,"Trenton-Princeton, NJ",Trenton
2020-08-01,-45.58,NJ,"Trenton-Princeton, NJ",Trenton
2020-09-01,-46.25,NJ,"Trenton-Princeton, NJ",Trenton
2020-10-01,-45.69,NJ,"Trenton-Princeton, NJ",Trenton
2020-11-01,-45.77,NJ,"Trenton-Princeton, NJ",Trenton
2020-12-01,-44.19,NJ,"Trenton-Princeton, NJ",Trenton
2021-01-01,-50.1,NJ,"Trenton-Princeton, NJ",Trenton
2021-02-01,-60.34,NJ,"Trenton-Princeton, NJ",Trenton
2021-03-01,-59.08,NJ,"Trenton-Princeton, NJ",Trenton
2021-04-01,-51.27,NJ,"Trenton-Princeton, NJ",Trenton
2021-05-01,-40.68,NJ,"Trenton-Princeton, NJ",Trenton
2021-06-01,-25.1,NJ,"Trenton-Princeton, NJ",Trenton
2021-07-01,-12.0,NJ,"Trenton-Princeton, NJ",Trenton
2021-08-01,-2.25,NJ,"Trenton-Princeton, NJ",Trenton
2021-09-01,-0.9,NJ,"Trenton-Princeton, NJ",Trenton
2021-10-01,-3.8,NJ,"Trenton-Princeton, NJ",Trenton
2021-11-01,-15.61,NJ,"Trenton-Princeton, NJ",Trenton
2017-07-01,-3.0,NE,"Lincoln, NE",Lincoln
2017-08-01,-0.54,NE,"Lincoln, NE",Lincoln
2017-09-01,3.8,NE,"Lincoln, NE",Lincoln
2017-10-01,-5.1,NE,"Lincoln, NE",Lincoln
2017-11-01,-6.04,NE,"Lincoln, NE",Lincoln
2017-12-01,1.01,NE,"Lincoln, NE",Lincoln
2018-01-01,2.51,NE,"Lincoln, NE",Lincoln
2018-02-01,2.31,NE,"Lincoln, NE",Lincoln
2018-03-01,1.36,NE,"Lincoln, NE",Lincoln
2018-04-01,12.84,NE,"Lincoln, NE",Lincoln
2018-05-01,18.15,NE,"Lincoln, NE",Lincoln
2018-06-01,17.16,NE,"Lincoln, NE",Lincoln
2018-07-01,18.26,NE,"Lincoln, NE",Lincoln
2018-08-01,17.34,NE,"Lincoln, NE",Lincoln
2018-09-01,15.45,NE,"Lincoln, NE",Lincoln
2018-10-01,24.64,NE,"Lincoln, NE",Lincoln
2018-11-01,33.47,NE,"Lincoln, NE",Lincoln
2018-12-01,28.71,NE,"Lincoln, NE",Lincoln
2019-01-01,23.74,NE,"Lincoln, NE",Lincoln
2019-02-01,22.94,NE,"Lincoln, NE",Lincoln
2019-03-01,83.22,NE,"Lincoln, NE",Lincoln
2019-04-01,10.42,NE,"Lincoln, NE",Lincoln
2019-05-01,24.96,NE,"Lincoln, NE",Lincoln
2019-06-01,11.58,NE,"Lincoln, NE",Lincoln
2019-07-01,-2.74,NE,"Lincoln, NE",Lincoln
2019-08-01,-3.23,NE,"Lincoln, NE",Lincoln
2019-09-01,3.4,NE,"Lincoln, NE",Lincoln
2019-10-01,-2.73,NE,"Lincoln, NE",Lincoln
2019-11-01,-13.94,NE,"Lincoln, NE",Lincoln
2019-12-01,-12.76,NE,"Lincoln, NE",Lincoln
2020-01-01,-15.97,NE,"Lincoln, NE",Lincoln
2020-02-01,-20.24,NE,"Lincoln, NE",Lincoln
2020-03-01,-41.67,NE,"Lincoln, NE",Lincoln
2020-04-01,1.45,NE,"Lincoln, NE",Lincoln
2020-05-01,-21.04,NE,"Lincoln, NE",Lincoln
2020-06-01,-32.13,NE,"Lincoln, NE",Lincoln
2020-07-01,-35.34,NE,"Lincoln, NE",Lincoln
2020-08-01,-43.2,NE,"Lincoln, NE",Lincoln
2020-09-01,-49.56,NE,"Lincoln, NE",Lincoln
2020-10-01,-51.14,NE,"Lincoln, NE",Lincoln
2020-11-01,-45.22,NE,"Lincoln, NE",Lincoln
2020-12-01,-42.75,NE,"Lincoln, NE",Lincoln
2021-01-01,-41.97,NE,"Lincoln, NE",Lincoln
2021-02-01,-40.69,NE,"Lincoln, NE",Lincoln
2021-03-01,-41.44,NE,"Lincoln, NE",Lincoln
2021-04-01,-47.5,NE,"Lincoln, NE",Lincoln
2021-05-01,-44.61,NE,"Lincoln, NE",Lincoln
2021-06-01,-26.52,NE,"Lincoln, NE",Lincoln
2021-07-01,-17.03,NE,"Lincoln, NE",Lincoln
2021-08-01,-11.34,NE,"Lincoln, NE",Lincoln
2021-09-01,-5.0,NE,"Lincoln, NE",Lincoln
2021-10-01,8.19,NE,"Lincoln, NE",Lincoln
2021-11-01,5.53,NE,"Lincoln, NE",Lincoln
2017-07-01,-25.52,IL,"Rockford, IL",Rockford
2017-08-01,-6.4,IL,"Rockford, IL",Rockford
2017-09-01,-4.64,IL,"Rockford, IL",Rockford
2017-10-01,-5.94,IL,"Rockford, IL",Rockford
2017-11-01,-11.71,IL,"Rockford, IL",Rockford
2017-12-01,-14.54,IL,"Rockford, IL",Rockford
2018-01-01,-10.88,IL,"Rockford, IL",Rockford
2018-02-01,-15.29,IL,"Rockford, IL",Rockford
2018-03-01,-19.16,IL,"Rockford, IL",Rockford
2018-04-01,-19.94,IL,"Rockford, IL",Rockford
2018-05-01,-11.66,IL,"Rockford, IL",Rockford
2018-06-01,-5.49,IL,"Rockford, IL",Rockford
2018-07-01,-0.47,IL,"Rockford, IL",Rockford
2018-08-01,-11.93,IL,"Rockford, IL",Rockford
2018-09-01,-11.17,IL,"Rockford, IL",Rockford
2018-10-01,-9.8,IL,"Rockford, IL",Rockford
2018-11-01,-8.29,IL,"Rockford, IL",Rockford
2018-12-01,-2.62,IL,"Rockford, IL",Rockford
2019-01-01,-3.87,IL,"Rockford, IL",Rockford
2019-02-01,-1.43,IL,"Rockford, IL",Rockford
2019-03-01,0.18,IL,"Rockford, IL",Rockford
2019-04-01,-3.49,IL,"Rockford, IL",Rockford
2019-05-01,-5.33,IL,"Rockford, IL",Rockford
2019-06-01,-7.75,IL,"Rockford, IL",Rockford
2019-07-01,-4.43,IL,"Rockford, IL",Rockford
2019-08-01,-1.97,IL,"Rockford, IL",Rockford
2019-09-01,2.13,IL,"Rockford, IL",Rockford
2019-10-01,6.56,IL,"Rockford, IL",Rockford
2019-11-01,11.54,IL,"Rockford, IL",Rockford
2019-12-01,5.75,IL,"Rockford, IL",Rockford
2020-01-01,4.34,IL,"Rockford, IL",Rockford
2020-02-01,1.79,IL,"Rockford, IL",Rockford
2020-03-01,-0.18,IL,"Rockford, IL",Rockford
2020-04-01,4.01,IL,"Rockford, IL",Rockford
2020-05-01,-15.1,IL,"Rockford, IL",Rockford
2020-06-01,-29.24,IL,"Rockford, IL",Rockford
2020-07-01,-42.87,IL,"Rockford, IL",Rockford
2020-08-01,-50.97,IL,"Rockford, IL",Rockford
2020-09-01,-55.56,IL,"Rockford, IL",Rockford
2020-10-01,-54.64,IL,"Rockford, IL",Rockford
2020-11-01,-53.21,IL,"Rockford, IL",Rockford
2020-12-01,-55.4,IL,"Rockford, IL",Rockford
2021-01-01,-61.07,IL,"Rockford, IL",Rockford
2021-02-01,-69.54,IL,"Rockford, IL",Rockford
2021-03-01,-71.74,IL,"Rockford, IL",Rockford
2021-04-01,-73.21,IL,"Rockford, IL",Rockford
2021-05-01,-59.47,IL,"Rockford, IL",Rockford
2021-06-01,-35.5,IL,"Rockford, IL",Rockford
2021-07-01,-20.6,IL,"Rockford, IL",Rockford
2021-08-01,6.57,IL,"Rockford, IL",Rockford
2021-09-01,11.79,IL,"Rockford, IL",Rockford
2021-10-01,5.85,IL,"Rockford, IL",Rockford
2021-11-01,-3.46,IL,"Rockford, IL",Rockford
2017-07-01,-12.58,WA,"Kennewick-Richland, WA",Kennewick
2017-08-01,-6.4,WA,"Kennewick-Richland, WA",Kennewick
2017-09-01,34.06,WA,"Kennewick-Richland, WA",Kennewick
2017-10-01,46.59,WA,"Kennewick-Richland, WA",Kennewick
2017-11-01,59.89,WA,"Kennewick-Richland, WA",Kennewick
2017-12-01,49.16,WA,"Kennewick-Richland, WA",Kennewick
2018-01-01,44.58,WA,"Kennewick-Richland, WA",Kennewick
2018-02-01,61.21,WA,"Kennewick-Richland, WA",Kennewick
2018-03-01,71.29,WA,"Kennewick-Richland, WA",Kennewick
2018-04-01,69.76,WA,"Kennewick-Richland, WA",Kennewick
2018-05-01,70.66,WA,"Kennewick-Richland, WA",Kennewick
2018-06-01,21.99,WA,"Kennewick-Richland, WA",Kennewick
2018-07-01,49.16,WA,"Kennewick-Richland, WA",Kennewick
2018-08-01,40.75,WA,"Kennewick-Richland, WA",Kennewick
2018-09-01,-0.94,WA,"Kennewick-Richland, WA",Kennewick
2018-10-01,-5.06,WA,"Kennewick-Richland, WA",Kennewick
2018-11-01,-7.87,WA,"Kennewick-Richland, WA",Kennewick
2018-12-01,-3.39,WA,"Kennewick-Richland, WA",Kennewick
2019-01-01,4.52,WA,"Kennewick-Richland, WA",Kennewick
2019-02-01,-0.48,WA,"Kennewick-Richland, WA",Kennewick
2019-03-01,-21.69,WA,"Kennewick-Richland, WA",Kennewick
2019-04-01,-44.53,WA,"Kennewick-Richland, WA",Kennewick
2019-05-01,-45.37,WA,"Kennewick-Richland, WA",Kennewick
2019-06-01,-27.9,WA,"Kennewick-Richland, WA",Kennewick
2019-07-01,-45.13,WA,"Kennewick-Richland, WA",Kennewick
2019-08-01,-42.98,WA,"Kennewick-Richland, WA",Kennewick
2019-09-01,-38.04,WA,"Kennewick-Richland, WA",Kennewick
2019-10-01,-36.8,WA,"Kennewick-Richland, WA",Kennewick
2019-11-01,-36.15,WA,"Kennewick-Richland, WA",Kennewick
2019-12-01,-32.73,WA,"Kennewick-Richland, WA",Kennewick
2020-01-01,-34.4,WA,"Kennewick-Richland, WA",Kennewick
2020-02-01,-39.25,WA,"Kennewick-Richland, WA",Kennewick
2020-03-01,-25.9,WA,"Kennewick-Richland, WA",Kennewick
2020-04-01,-3.29,WA,"Kennewick-Richland, WA",Kennewick
2020-05-01,-11.55,WA,"Kennewick-Richland, WA",Kennewick
2020-06-01,-11.67,WA,"Kennewick-Richland, WA",Kennewick
2020-07-01,-15.7,WA,"Kennewick-Richland, WA",Kennewick
2020-08-01,-29.26,WA,"Kennewick-Richland, WA",Kennewick
2020-09-01,-36.92,WA,"Kennewick-Richland, WA",Kennewick
2020-10-01,-36.93,WA,"Kennewick-Richland, WA",Kennewick
2020-11-01,-40.0,WA,"Kennewick-Richland, WA",Kennewick
2020-12-01,-45.18,WA,"Kennewick-Richland, WA",Kennewick
2021-01-01,-44.97,WA,"Kennewick-Richland, WA",Kennewick
2021-02-01,-44.6,WA,"Kennewick-Richland, WA",Kennewick
2021-03-01,-53.94,WA,"Kennewick-Richland, WA",Kennewick
2021-04-01,-60.4,WA,"Kennewick-Richland, WA",Kennewick
2021-05-01,-57.05,WA,"Kennewick-Richland, WA",Kennewick
2021-06-01,-58.91,WA,"Kennewick-Richland, WA",Kennewick
2021-07-01,-54.45,WA,"Kennewick-Richland, WA",Kennewick
2021-08-01,-37.86,WA,"Kennewick-Richland, WA",Kennewick
2021-09-01,-22.39,WA,"Kennewick-Richland, WA",Kennewick
2021-10-01,-16.23,WA,"Kennewick-Richland, WA",Kennewick
2021-11-01,1.96,WA,"Kennewick-Richland, WA",Kennewick
2017-07-01,-9.12,VA,"Charlottesville, VA",Charlottesville
2017-08-01,-8.66,VA,"Charlottesville, VA",Charlottesville
2017-09-01,-7.04,VA,"Charlottesville, VA",Charlottesville
2017-10-01,-8.61,VA,"Charlottesville, VA",Charlottesville
2017-11-01,-4.19,VA,"Charlottesville, VA",Charlottesville
2017-12-01,-7.62,VA,"Charlottesville, VA",Charlottesville
2018-01-01,-4.19,VA,"Charlottesville, VA",Charlottesville
2018-02-01,-5.55,VA,"Charlottesville, VA",Charlottesville
2018-03-01,-3.75,VA,"Charlottesville, VA",Charlottesville
2018-04-01,-3.32,VA,"Charlottesville, VA",Charlottesville
2018-05-01,-2.09,VA,"Charlottesville, VA",Charlottesville
2018-06-01,-0.52,VA,"Charlottesville, VA",Charlottesville
2018-07-01,0.0,VA,"Charlottesville, VA",Charlottesville
2018-08-01,-0.54,VA,"Charlottesville, VA",Charlottesville
2018-09-01,0.84,VA,"Charlottesville, VA",Charlottesville
2018-10-01,5.58,VA,"Charlottesville, VA",Charlottesville
2018-11-01,1.37,VA,"Charlottesville, VA",Charlottesville
2018-12-01,2.17,VA,"Charlottesville, VA",Charlottesville
2019-01-01,0.8,VA,"Charlottesville, VA",Charlottesville
2019-02-01,-0.08,VA,"Charlottesville, VA",Charlottesville
2019-03-01,-3.76,VA,"Charlottesville, VA",Charlottesville
2019-04-01,-3.99,VA,"Charlottesville, VA",Charlottesville
2019-05-01,-3.85,VA,"Charlottesville, VA",Charlottesville
2019-06-01,-5.75,VA,"Charlottesville, VA",Charlottesville
2019-07-01,-4.49,VA,"Charlottesville, VA",Charlottesville
2019-08-01,-3.96,VA,"Charlottesville, VA",Charlottesville
2019-09-01,-6.51,VA,"Charlottesville, VA",Charlottesville
2019-10-01,-7.04,VA,"Charlottesville, VA",Charlottesville
2019-11-01,-6.7,VA,"Charlottesville, VA",Charlottesville
2019-12-01,-7.41,VA,"Charlottesville, VA",Charlottesville
2020-01-01,-8.13,VA,"Charlottesville, VA",Charlottesville
2020-02-01,-7.74,VA,"Charlottesville, VA",Charlottesville
2020-03-01,-10.29,VA,"Charlottesville, VA",Charlottesville
2020-04-01,-16.96,VA,"Charlottesville, VA",Charlottesville
2020-05-01,-22.6,VA,"Charlottesville, VA",Charlottesville
2020-06-01,-29.68,VA,"Charlottesville, VA",Charlottesville
2020-07-01,-33.62,VA,"Charlottesville, VA",Charlottesville
2020-08-01,-38.98,VA,"Charlottesville, VA",Charlottesville
2020-09-01,-45.13,VA,"Charlottesville, VA",Charlottesville
2020-10-01,-48.55,VA,"Charlottesville, VA",Charlottesville
2020-11-01,-47.65,VA,"Charlottesville, VA",Charlottesville
2020-12-01,-49.37,VA,"Charlottesville, VA",Charlottesville
2021-01-01,-52.66,VA,"Charlottesville, VA",Charlottesville
2021-02-01,-61.91,VA,"Charlottesville, VA",Charlottesville
2021-03-01,-61.39,VA,"Charlottesville, VA",Charlottesville
2021-04-01,-62.91,VA,"Charlottesville, VA",Charlottesville
2021-05-01,-59.98,VA,"Charlottesville, VA",Charlottesville
2021-06-01,-54.9,VA,"Charlottesville, VA",Charlottesville
2021-07-01,-50.09,VA,"Charlottesville, VA",Charlottesville
2021-08-01,-44.93,VA,"Charlottesville, VA",Charlottesville
2021-09-01,-36.56,VA,"Charlottesville, VA",Charlottesville
2021-10-01,-39.63,VA,"Charlottesville, VA",Charlottesville
2021-11-01,-43.54,VA,"Charlottesville, VA",Charlottesville
2017-07-01,-21.52,GA,"Gainesville, GA",Gainesville
2017-08-01,6.81,GA,"Gainesville, GA",Gainesville
2017-09-01,1.86,GA,"Gainesville, GA",Gainesville
2017-10-01,3.95,GA,"Gainesville, GA",Gainesville
2017-11-01,10.42,GA,"Gainesville, GA",Gainesville
2017-12-01,20.08,GA,"Gainesville, GA",Gainesville
2018-01-01,11.34,GA,"Gainesville, GA",Gainesville
2018-02-01,14.78,GA,"Gainesville, GA",Gainesville
2018-03-01,27.21,GA,"Gainesville, GA",Gainesville
2018-04-01,30.25,GA,"Gainesville, GA",Gainesville
2018-05-01,32.46,GA,"Gainesville, GA",Gainesville
2018-06-01,30.75,GA,"Gainesville, GA",Gainesville
2018-07-01,32.25,GA,"Gainesville, GA",Gainesville
2018-08-01,7.34,GA,"Gainesville, GA",Gainesville
2018-09-01,12.36,GA,"Gainesville, GA",Gainesville
2018-10-01,29.78,GA,"Gainesville, GA",Gainesville
2018-11-01,20.6,GA,"Gainesville, GA",Gainesville
2018-12-01,21.4,GA,"Gainesville, GA",Gainesville
2019-01-01,21.72,GA,"Gainesville, GA",Gainesville
2019-02-01,16.05,GA,"Gainesville, GA",Gainesville
2019-03-01,22.19,GA,"Gainesville, GA",Gainesville
2019-04-01,31.84,GA,"Gainesville, GA",Gainesville
2019-05-01,32.69,GA,"Gainesville, GA",Gainesville
2019-06-01,34.91,GA,"Gainesville, GA",Gainesville
2019-07-01,35.09,GA,"Gainesville, GA",Gainesville
2019-08-01,33.07,GA,"Gainesville, GA",Gainesville
2019-09-01,27.78,GA,"Gainesville, GA",Gainesville
2019-10-01,2.57,GA,"Gainesville, GA",Gainesville
2019-11-01,-4.44,GA,"Gainesville, GA",Gainesville
2019-12-01,-7.0,GA,"Gainesville, GA",Gainesville
2020-01-01,-6.61,GA,"Gainesville, GA",Gainesville
2020-02-01,-8.61,GA,"Gainesville, GA",Gainesville
2020-03-01,-13.06,GA,"Gainesville, GA",Gainesville
2020-04-01,-22.54,GA,"Gainesville, GA",Gainesville
2020-05-01,-30.55,GA,"Gainesville, GA",Gainesville
2020-06-01,-42.38,GA,"Gainesville, GA",Gainesville
2020-07-01,-46.72,GA,"Gainesville, GA",Gainesville
2020-08-01,-53.5,GA,"Gainesville, GA",Gainesville
2020-09-01,-56.92,GA,"Gainesville, GA",Gainesville
2020-10-01,-54.03,GA,"Gainesville, GA",Gainesville
2020-11-01,-54.18,GA,"Gainesville, GA",Gainesville
2020-12-01,-57.9,GA,"Gainesville, GA",Gainesville
2021-01-01,-63.97,GA,"Gainesville, GA",Gainesville
2021-02-01,-72.53,GA,"Gainesville, GA",Gainesville
2021-03-01,-72.57,GA,"Gainesville, GA",Gainesville
2021-04-01,-74.7,GA,"Gainesville, GA",Gainesville
2021-05-01,-72.34,GA,"Gainesville, GA",Gainesville
2021-06-01,-61.76,GA,"Gainesville, GA",Gainesville
2021-07-01,-51.4,GA,"Gainesville, GA",Gainesville
2021-08-01,-33.33,GA,"Gainesville, GA",Gainesville
2021-09-01,-30.58,GA,"Gainesville, GA",Gainesville
2021-10-01,-27.38,GA,"Gainesville, GA",Gainesville
2021-11-01,-21.74,GA,"Gainesville, GA",Gainesville
2017-07-01,5.27,FL,"Punta Gorda, FL",Punta Gorda
2017-08-01,-0.11,FL,"Punta Gorda, FL",Punta Gorda
2017-09-01,-2.26,FL,"Punta Gorda, FL",Punta Gorda
2017-10-01,-4.31,FL,"Punta Gorda, FL",Punta Gorda
2017-11-01,-6.05,FL,"Punta Gorda, FL",Punta Gorda
2017-12-01,-5.73,FL,"Punta Gorda, FL",Punta Gorda
2018-01-01,-3.94,FL,"Punta Gorda, FL",Punta Gorda
2018-02-01,-6.89,FL,"Punta Gorda, FL",Punta Gorda
2018-03-01,-6.31,FL,"Punta Gorda, FL",Punta Gorda
2018-04-01,-4.14,FL,"Punta Gorda, FL",Punta Gorda
2018-05-01,-4.21,FL,"Punta Gorda, FL",Punta Gorda
2018-06-01,-3.39,FL,"Punta Gorda, FL",Punta Gorda
2018-07-01,-1.79,FL,"Punta Gorda, FL",Punta Gorda
2018-08-01,3.58,FL,"Punta Gorda, FL",Punta Gorda
2018-09-01,4.4,FL,"Punta Gorda, FL",Punta Gorda
2018-10-01,7.05,FL,"Punta Gorda, FL",Punta Gorda
2018-11-01,11.18,FL,"Punta Gorda, FL",Punta Gorda
2018-12-01,13.11,FL,"Punta Gorda, FL",Punta Gorda
2019-01-01,10.53,FL,"Punta Gorda, FL",Punta Gorda
2019-02-01,14.38,FL,"Punta Gorda, FL",Punta Gorda
2019-03-01,12.34,FL,"Punta Gorda, FL",Punta Gorda
2019-04-01,12.41,FL,"Punta Gorda, FL",Punta Gorda
2019-05-01,9.73,FL,"Punta Gorda, FL",Punta Gorda
2019-06-01,9.19,FL,"Punta Gorda, FL",Punta Gorda
2019-07-01,2.81,FL,"Punta Gorda, FL",Punta Gorda
2019-08-01,0.43,FL,"Punta Gorda, FL",Punta Gorda
2019-09-01,-0.38,FL,"Punta Gorda, FL",Punta Gorda
2019-10-01,-0.91,FL,"Punta Gorda, FL",Punta Gorda
2019-11-01,-7.29,FL,"Punta Gorda, FL",Punta Gorda
2019-12-01,-13.17,FL,"Punta Gorda, FL",Punta Gorda
2020-01-01,-17.74,FL,"Punta Gorda, FL",Punta Gorda
2020-02-01,-23.15,FL,"Punta Gorda, FL",Punta Gorda
2020-03-01,-20.83,FL,"Punta Gorda, FL",Punta Gorda
2020-04-01,-15.75,FL,"Punta Gorda, FL",Punta Gorda
2020-05-01,-13.86,FL,"Punta Gorda, FL",Punta Gorda
2020-06-01,-16.28,FL,"Punta Gorda, FL",Punta Gorda
2020-07-01,-19.28,FL,"Punta Gorda, FL",Punta Gorda
2020-08-01,-20.4,FL,"Punta Gorda, FL",Punta Gorda
2020-09-01,-22.78,FL,"Punta Gorda, FL",Punta Gorda
2020-10-01,-30.9,FL,"Punta Gorda, FL",Punta Gorda
2020-11-01,-35.86,FL,"Punta Gorda, FL",Punta Gorda
2020-12-01,-41.24,FL,"Punta Gorda, FL",Punta Gorda
2021-01-01,-49.98,FL,"Punta Gorda, FL",Punta Gorda
2021-02-01,-60.19,FL,"Punta Gorda, FL",Punta Gorda
2021-03-01,-69.83,FL,"Punta Gorda, FL",Punta Gorda
2021-04-01,-75.43,FL,"Punta Gorda, FL",Punta Gorda
2021-05-01,-73.22,FL,"Punta Gorda, FL",Punta Gorda
2021-06-01,-69.89,FL,"Punta Gorda, FL",Punta Gorda
2021-07-01,-63.13,FL,"Punta Gorda, FL",Punta Gorda
2021-08-01,-57.12,FL,"Punta Gorda, FL",Punta Gorda
2021-09-01,-52.81,FL,"Punta Gorda, FL",Punta Gorda
2021-10-01,-50.78,FL,"Punta Gorda, FL",Punta Gorda
2021-11-01,-51.26,FL,"Punta Gorda, FL",Punta Gorda
2017-07-01,-21.44,CO,"Pueblo, CO",Pueblo
2017-08-01,-15.27,CO,"Pueblo, CO",Pueblo
2017-09-01,-10.98,CO,"Pueblo, CO",Pueblo
2017-10-01,-10.41,CO,"Pueblo, CO",Pueblo
2017-11-01,-8.5,CO,"Pueblo, CO",Pueblo
2017-12-01,-8.21,CO,"Pueblo, CO",Pueblo
2018-01-01,-7.36,CO,"Pueblo, CO",Pueblo
2018-02-01,-7.08,CO,"Pueblo, CO",Pueblo
2018-03-01,3.07,CO,"Pueblo, CO",Pueblo
2018-04-01,11.42,CO,"Pueblo, CO",Pueblo
2018-05-01,12.75,CO,"Pueblo, CO",Pueblo
2018-06-01,16.29,CO,"Pueblo, CO",Pueblo
2018-07-01,7.25,CO,"Pueblo, CO",Pueblo
2018-08-01,9.54,CO,"Pueblo, CO",Pueblo
2018-09-01,11.82,CO,"Pueblo, CO",Pueblo
2018-10-01,13.56,CO,"Pueblo, CO",Pueblo
2018-11-01,15.06,CO,"Pueblo, CO",Pueblo
2018-12-01,13.32,CO,"Pueblo, CO",Pueblo
2019-01-01,16.56,CO,"Pueblo, CO",Pueblo
2019-02-01,21.43,CO,"Pueblo, CO",Pueblo
2019-03-01,10.98,CO,"Pueblo, CO",Pueblo
2019-04-01,2.73,CO,"Pueblo, CO",Pueblo
2019-05-01,-7.76,CO,"Pueblo, CO",Pueblo
2019-06-01,-16.34,CO,"Pueblo, CO",Pueblo
2019-07-01,-18.51,CO,"Pueblo, CO",Pueblo
2019-08-01,-24.68,CO,"Pueblo, CO",Pueblo
2019-09-01,-22.97,CO,"Pueblo, CO",Pueblo
2019-10-01,-16.59,CO,"Pueblo, CO",Pueblo
2019-11-01,-23.59,CO,"Pueblo, CO",Pueblo
2019-12-01,-27.19,CO,"Pueblo, CO",Pueblo
2020-01-01,-27.27,CO,"Pueblo, CO",Pueblo
2020-02-01,-34.12,CO,"Pueblo, CO",Pueblo
2020-03-01,-37.11,CO,"Pueblo, CO",Pueblo
2020-04-01,-27.27,CO,"Pueblo, CO",Pueblo
2020-05-01,-19.71,CO,"Pueblo, CO",Pueblo
2020-06-01,-27.44,CO,"Pueblo, CO",Pueblo
2020-07-01,-39.96,CO,"Pueblo, CO",Pueblo
2020-08-01,-43.04,CO,"Pueblo, CO",Pueblo
2020-09-01,-44.53,CO,"Pueblo, CO",Pueblo
2020-10-01,-51.12,CO,"Pueblo, CO",Pueblo
2020-11-01,-49.47,CO,"Pueblo, CO",Pueblo
2020-12-01,-47.71,CO,"Pueblo, CO",Pueblo
2021-01-01,-55.47,CO,"Pueblo, CO",Pueblo
2021-02-01,-47.02,CO,"Pueblo, CO",Pueblo
2021-03-01,-40.98,CO,"Pueblo, CO",Pueblo
2021-04-01,-37.2,CO,"Pueblo, CO",Pueblo
2021-05-01,-26.05,CO,"Pueblo, CO",Pueblo
2021-06-01,-8.33,CO,"Pueblo, CO",Pueblo
2021-07-01,25.82,CO,"Pueblo, CO",Pueblo
2021-08-01,71.8,CO,"Pueblo, CO",Pueblo
2021-09-01,58.78,CO,"Pueblo, CO",Pueblo
2021-10-01,69.58,CO,"Pueblo, CO",Pueblo
2021-11-01,108.37,CO,"Pueblo, CO",Pueblo
2017-07-01,2.61,WV,"Morgantown, WV",Morgantown
2017-08-01,2.2,WV,"Morgantown, WV",Morgantown
2017-09-01,-2.18,WV,"Morgantown, WV",Morgantown
2017-10-01,-2.71,WV,"Morgantown, WV",Morgantown
2017-11-01,3.23,WV,"Morgantown, WV",Morgantown
2017-12-01,-1.61,WV,"Morgantown, WV",Morgantown
2018-01-01,-1.75,WV,"Morgantown, WV",Morgantown
2018-02-01,-14.91,WV,"Morgantown, WV",Morgantown
2018-03-01,-28.39,WV,"Morgantown, WV",Morgantown
2018-04-01,-29.9,WV,"Morgantown, WV",Morgantown
2018-05-01,-27.94,WV,"Morgantown, WV",Morgantown
2018-06-01,-24.38,WV,"Morgantown, WV",Morgantown
2018-07-01,-22.3,WV,"Morgantown, WV",Morgantown
2018-08-01,-23.18,WV,"Morgantown, WV",Morgantown
2018-09-01,-17.74,WV,"Morgantown, WV",Morgantown
2018-10-01,-17.85,WV,"Morgantown, WV",Morgantown
2018-11-01,-20.08,WV,"Morgantown, WV",Morgantown
2018-12-01,-16.91,WV,"Morgantown, WV",Morgantown
2019-01-01,-18.77,WV,"Morgantown, WV",Morgantown
2019-02-01,-11.86,WV,"Morgantown, WV",Morgantown
2019-03-01,-5.03,WV,"Morgantown, WV",Morgantown
2019-04-01,-7.72,WV,"Morgantown, WV",Morgantown
2019-05-01,-6.46,WV,"Morgantown, WV",Morgantown
2019-06-01,-3.44,WV,"Morgantown, WV",Morgantown
2019-07-01,-4.37,WV,"Morgantown, WV",Morgantown
2019-08-01,-1.09,WV,"Morgantown, WV",Morgantown
2019-09-01,0.45,WV,"Morgantown, WV",Morgantown
2019-10-01,1.39,WV,"Morgantown, WV",Morgantown
2019-11-01,-0.49,WV,"Morgantown, WV",Morgantown
2019-12-01,3.93,WV,"Morgantown, WV",Morgantown
2020-01-01,-0.8,WV,"Morgantown, WV",Morgantown
2020-02-01,-3.61,WV,"Morgantown, WV",Morgantown
2020-03-01,-2.85,WV,"Morgantown, WV",Morgantown
2020-04-01,-5.18,WV,"Morgantown, WV",Morgantown
2020-05-01,-20.18,WV,"Morgantown, WV",Morgantown
2020-06-01,-32.03,WV,"Morgantown, WV",Morgantown
2020-07-01,-37.19,WV,"Morgantown, WV",Morgantown
2020-08-01,-40.41,WV,"Morgantown, WV",Morgantown
2020-09-01,-45.05,WV,"Morgantown, WV",Morgantown
2020-10-01,-44.53,WV,"Morgantown, WV",Morgantown
2020-11-01,-45.57,WV,"Morgantown, WV",Morgantown
2020-12-01,-47.94,WV,"Morgantown, WV",Morgantown
2021-01-01,-47.59,WV,"Morgantown, WV",Morgantown
2021-02-01,-50.42,WV,"Morgantown, WV",Morgantown
2021-03-01,-56.18,WV,"Morgantown, WV",Morgantown
2021-04-01,-57.77,WV,"Morgantown, WV",Morgantown
2021-05-01,-56.26,WV,"Morgantown, WV",Morgantown
2021-06-01,-49.38,WV,"Morgantown, WV",Morgantown
2021-07-01,-42.6,WV,"Morgantown, WV",Morgantown
2021-08-01,-41.16,WV,"Morgantown, WV",Morgantown
2021-09-01,-34.97,WV,"Morgantown, WV",Morgantown
2021-10-01,-36.44,WV,"Morgantown, WV",Morgantown
2021-11-01,-33.43,WV,"Morgantown, WV",Morgantown
2017-07-01,-10.5,CA,"Napa, CA",Napa
2017-08-01,-25.31,CA,"Napa, CA",Napa
2017-09-01,-6.54,CA,"Napa, CA",Napa
2017-10-01,-13.47,CA,"Napa, CA",Napa
2017-11-01,-7.76,CA,"Napa, CA",Napa
2017-12-01,-4.74,CA,"Napa, CA",Napa
2018-01-01,-14.23,CA,"Napa, CA",Napa
2018-02-01,-18.29,CA,"Napa, CA",Napa
2018-03-01,-2.77,CA,"Napa, CA",Napa
2018-04-01,-6.57,CA,"Napa, CA",Napa
2018-05-01,5.48,CA,"Napa, CA",Napa
2018-06-01,16.15,CA,"Napa, CA",Napa
2018-07-01,18.18,CA,"Napa, CA",Napa
2018-08-01,31.56,CA,"Napa, CA",Napa
2018-09-01,18.49,CA,"Napa, CA",Napa
2018-10-01,27.54,CA,"Napa, CA",Napa
2018-11-01,29.77,CA,"Napa, CA",Napa
2018-12-01,25.29,CA,"Napa, CA",Napa
2019-01-01,38.86,CA,"Napa, CA",Napa
2019-02-01,52.24,CA,"Napa, CA",Napa
2019-03-01,38.21,CA,"Napa, CA",Napa
2019-04-01,36.3,CA,"Napa, CA",Napa
2019-05-01,38.84,CA,"Napa, CA",Napa
2019-06-01,29.68,CA,"Napa, CA",Napa
2019-07-01,23.08,CA,"Napa, CA",Napa
2019-08-01,25.51,CA,"Napa, CA",Napa
2019-09-01,18.44,CA,"Napa, CA",Napa
2019-10-01,18.54,CA,"Napa, CA",Napa
2019-11-01,8.48,CA,"Napa, CA",Napa
2019-12-01,0.92,CA,"Napa, CA",Napa
2020-01-01,-13.99,CA,"Napa, CA",Napa
2020-02-01,-4.25,CA,"Napa, CA",Napa
2020-03-01,1.47,CA,"Napa, CA",Napa
2020-04-01,-14.13,CA,"Napa, CA",Napa
2020-05-01,-9.91,CA,"Napa, CA",Napa
2020-06-01,-18.97,CA,"Napa, CA",Napa
2020-07-01,-22.98,CA,"Napa, CA",Napa
2020-08-01,-34.41,CA,"Napa, CA",Napa
2020-09-01,-35.73,CA,"Napa, CA",Napa
2020-10-01,-37.43,CA,"Napa, CA",Napa
2020-11-01,-28.97,CA,"Napa, CA",Napa
2020-12-01,-25.45,CA,"Napa, CA",Napa
2021-01-01,-11.51,CA,"Napa, CA",Napa
2021-02-01,-27.99,CA,"Napa, CA",Napa
2021-03-01,-37.39,CA,"Napa, CA",Napa
2021-04-01,-29.75,CA,"Napa, CA",Napa
2021-05-01,-42.05,CA,"Napa, CA",Napa
2021-06-01,-29.52,CA,"Napa, CA",Napa
2021-07-01,-28.27,CA,"Napa, CA",Napa
2021-08-01,-15.64,CA,"Napa, CA",Napa
2021-09-01,-13.66,CA,"Napa, CA",Napa
2021-10-01,-12.97,CA,"Napa, CA",Napa
2021-11-01,-31.72,CA,"Napa, CA",Napa
2017-07-01,-12.72,ID,"Lewiston, ID-WA",Lewiston
2017-08-01,-1.47,ID,"Lewiston, ID-WA",Lewiston
2017-09-01,-4.27,ID,"Lewiston, ID-WA",Lewiston
2017-10-01,3.68,ID,"Lewiston, ID-WA",Lewiston
2017-11-01,3.36,ID,"Lewiston, ID-WA",Lewiston
2017-12-01,-2.63,ID,"Lewiston, ID-WA",Lewiston
2018-01-01,-1.33,ID,"Lewiston, ID-WA",Lewiston
2018-02-01,-5.88,ID,"Lewiston, ID-WA",Lewiston
2018-03-01,-4.69,ID,"Lewiston, ID-WA",Lewiston
2018-04-01,-2.53,ID,"Lewiston, ID-WA",Lewiston
2018-05-01,2.76,ID,"Lewiston, ID-WA",Lewiston
2018-06-01,2.43,ID,"Lewiston, ID-WA",Lewiston
2018-07-01,1.36,ID,"Lewiston, ID-WA",Lewiston
2018-08-01,-11.94,ID,"Lewiston, ID-WA",Lewiston
2018-09-01,-17.26,ID,"Lewiston, ID-WA",Lewiston
2018-10-01,-21.6,ID,"Lewiston, ID-WA",Lewiston
2018-11-01,-17.53,ID,"Lewiston, ID-WA",Lewiston
2018-12-01,-24.71,ID,"Lewiston, ID-WA",Lewiston
2019-01-01,-19.73,ID,"Lewiston, ID-WA",Lewiston
2019-02-01,-11.06,ID,"Lewiston, ID-WA",Lewiston
2019-03-01,1.64,ID,"Lewiston, ID-WA",Lewiston
2019-04-01,20.74,ID,"Lewiston, ID-WA",Lewiston
2019-05-01,-51.68,ID,"Lewiston, ID-WA",Lewiston
2019-06-01,-51.19,ID,"Lewiston, ID-WA",Lewiston
2019-07-01,-51.17,ID,"Lewiston, ID-WA",Lewiston
2019-08-01,-50.51,ID,"Lewiston, ID-WA",Lewiston
2019-09-01,-41.37,ID,"Lewiston, ID-WA",Lewiston
2019-10-01,-39.62,ID,"Lewiston, ID-WA",Lewiston
2019-11-01,-38.19,ID,"Lewiston, ID-WA",Lewiston
2019-12-01,-33.33,ID,"Lewiston, ID-WA",Lewiston
2020-01-01,-41.34,ID,"Lewiston, ID-WA",Lewiston
2020-02-01,-45.95,ID,"Lewiston, ID-WA",Lewiston
2020-03-01,-59.68,ID,"Lewiston, ID-WA",Lewiston
2020-04-01,-66.56,ID,"Lewiston, ID-WA",Lewiston
2020-05-01,-30.56,ID,"Lewiston, ID-WA",Lewiston
2020-06-01,-43.06,ID,"Lewiston, ID-WA",Lewiston
2020-07-01,-50.0,ID,"Lewiston, ID-WA",Lewiston
2020-08-01,-43.84,ID,"Lewiston, ID-WA",Lewiston
2020-09-01,-50.31,ID,"Lewiston, ID-WA",Lewiston
2020-10-01,-51.88,ID,"Lewiston, ID-WA",Lewiston
2020-11-01,-56.69,ID,"Lewiston, ID-WA",Lewiston
2020-12-01,-63.08,ID,"Lewiston, ID-WA",Lewiston
2021-01-01,-61.9,ID,"Lewiston, ID-WA",Lewiston
2021-02-01,-70.0,ID,"Lewiston, ID-WA",Lewiston
2021-03-01,-65.0,ID,"Lewiston, ID-WA",Lewiston
2021-04-01,-67.89,ID,"Lewiston, ID-WA",Lewiston
2021-05-01,-54.0,ID,"Lewiston, ID-WA",Lewiston
2021-06-01,-36.59,ID,"Lewiston, ID-WA",Lewiston
2021-07-01,-15.07,ID,"Lewiston, ID-WA",Lewiston
2021-08-01,13.41,ID,"Lewiston, ID-WA",Lewiston
2021-09-01,17.28,ID,"Lewiston, ID-WA",Lewiston
2021-10-01,27.27,ID,"Lewiston, ID-WA",Lewiston
2021-11-01,30.88,ID,"Lewiston, ID-WA",Lewiston
