date,Housing Inventory: Pending Listing Count Year-Over-Year,state,msa,city
2017-07-01,10.83,NY,"New York-Newark-Jersey City, NY-NJ-PA",New York
2017-08-01,-9.67,NY,"New York-Newark-Jersey City, NY-NJ-PA",New York
2017-09-01,-11.09,NY,"New York-Newark-Jersey City, NY-NJ-PA",New York
2017-10-01,-8.59,NY,"New York-Newark-Jersey City, NY-NJ-PA",New York
2017-11-01,-17.21,NY,"New York-Newark-Jersey City, NY-NJ-PA",New York
2017-12-01,-17.58,NY,"New York-Newark-Jersey City, NY-NJ-PA",New York
2018-01-01,-18.32,NY,"New York-Newark-Jersey City, NY-NJ-PA",New York
2018-02-01,-23.54,NY,"New York-Newark-Jersey City, NY-NJ-PA",New York
2018-03-01,-24.46,NY,"New York-Newark-Jersey City, NY-NJ-PA",New York
2018-04-01,-24.15,NY,"New York-Newark-Jersey City, NY-NJ-PA",New York
2018-05-01,-26.15,NY,"New York-Newark-Jersey City, NY-NJ-PA",New York
2018-06-01,-18.77,NY,"New York-Newark-Jersey City, NY-NJ-PA",New York
2018-07-01,-19.11,NY,"New York-Newark-Jersey City, NY-NJ-PA",New York
2018-08-01,-3.07,NY,"New York-Newark-Jersey City, NY-NJ-PA",New York
2018-09-01,-1.2,NY,"New York-Newark-Jersey City, NY-NJ-PA",New York
2018-10-01,-5.92,NY,"New York-Newark-Jersey City, NY-NJ-PA",New York
2018-11-01,-2.14,NY,"New York-Newark-Jersey City, NY-NJ-PA",New York
2018-12-01,1.23,NY,"New York-Newark-Jersey City, NY-NJ-PA",New York
2019-01-01,-1.28,NY,"New York-Newark-Jersey City, NY-NJ-PA",New York
2019-02-01,5.18,NY,"New York-Newark-Jersey City, NY-NJ-PA",New York
2019-03-01,0.55,NY,"New York-Newark-Jersey City, NY-NJ-PA",New York
2019-04-01,-5.46,NY,"New York-Newark-Jersey City, NY-NJ-PA",New York
2019-05-01,10.14,NY,"New York-Newark-Jersey City, NY-NJ-PA",New York
2019-06-01,2.16,NY,"New York-Newark-Jersey City, NY-NJ-PA",New York
2019-07-01,2.9,NY,"New York-Newark-Jersey City, NY-NJ-PA",New York
2019-08-01,62.15,NY,"New York-Newark-Jersey City, NY-NJ-PA",New York
2019-09-01,136.32,NY,"New York-Newark-Jersey City, NY-NJ-PA",New York
2019-10-01,138.1,NY,"New York-Newark-Jersey City, NY-NJ-PA",New York
2019-11-01,139.21,NY,"New York-Newark-Jersey City, NY-NJ-PA",New York
2019-12-01,123.86,NY,"New York-Newark-Jersey City, NY-NJ-PA",New York
2020-01-01,131.86,NY,"New York-Newark-Jersey City, NY-NJ-PA",New York
2020-02-01,123.53,NY,"New York-Newark-Jersey City, NY-NJ-PA",New York
2020-03-01,139.2,NY,"New York-Newark-Jersey City, NY-NJ-PA",New York
2020-04-01,200.11,NY,"New York-Newark-Jersey City, NY-NJ-PA",New York
2020-05-01,165.33,NY,"New York-Newark-Jersey City, NY-NJ-PA",New York
2020-06-01,152.28,NY,"New York-Newark-Jersey City, NY-NJ-PA",New York
2020-07-01,185.56,NY,"New York-Newark-Jersey City, NY-NJ-PA",New York
2020-08-01,124.73,NY,"New York-Newark-Jersey City, NY-NJ-PA",New York
2020-09-01,70.65,NY,"New York-Newark-Jersey City, NY-NJ-PA",New York
2020-10-01,86.39,NY,"New York-Newark-Jersey City, NY-NJ-PA",New York
2020-11-01,85.47,NY,"New York-Newark-Jersey City, NY-NJ-PA",New York
2020-12-01,78.25,NY,"New York-Newark-Jersey City, NY-NJ-PA",New York
2021-01-01,62.57,NY,"New York-Newark-Jersey City, NY-NJ-PA",New York
2021-02-01,59.38,NY,"New York-Newark-Jersey City, NY-NJ-PA",New York
2021-03-01,34.53,NY,"New York-Newark-Jersey City, NY-NJ-PA",New York
2021-04-01,11.9,NY,"New York-Newark-Jersey City, NY-NJ-PA",New York
2021-05-01,13.15,NY,"New York-Newark-Jersey City, NY-NJ-PA",New York
2021-06-01,34.0,NY,"New York-Newark-Jersey City, NY-NJ-PA",New York
2021-07-01,17.4,NY,"New York-Newark-Jersey City, NY-NJ-PA",New York
2021-08-01,3.12,NY,"New York-Newark-Jersey City, NY-NJ-PA",New York
2021-09-01,-5.58,NY,"New York-Newark-Jersey City, NY-NJ-PA",New York
2021-10-01,-14.42,NY,"New York-Newark-Jersey City, NY-NJ-PA",New York
2021-11-01,-13.68,NY,"New York-Newark-Jersey City, NY-NJ-PA",New York
2017-07-01,-8.6,IL,"Chicago-Naperville-Elgin, IL-IN-WI",Chicago
2017-08-01,-10.72,IL,"Chicago-Naperville-Elgin, IL-IN-WI",Chicago
2017-09-01,-10.82,IL,"Chicago-Naperville-Elgin, IL-IN-WI",Chicago
2017-10-01,-10.49,IL,"Chicago-Naperville-Elgin, IL-IN-WI",Chicago
2017-11-01,-8.38,IL,"Chicago-Naperville-Elgin, IL-IN-WI",Chicago
2017-12-01,-9.04,IL,"Chicago-Naperville-Elgin, IL-IN-WI",Chicago
2018-01-01,-11.04,IL,"Chicago-Naperville-Elgin, IL-IN-WI",Chicago
2018-02-01,-9.65,IL,"Chicago-Naperville-Elgin, IL-IN-WI",Chicago
2018-03-01,-8.34,IL,"Chicago-Naperville-Elgin, IL-IN-WI",Chicago
2018-04-01,-6.01,IL,"Chicago-Naperville-Elgin, IL-IN-WI",Chicago
2018-05-01,-6.97,IL,"Chicago-Naperville-Elgin, IL-IN-WI",Chicago
2018-06-01,-9.41,IL,"Chicago-Naperville-Elgin, IL-IN-WI",Chicago
2018-07-01,-8.72,IL,"Chicago-Naperville-Elgin, IL-IN-WI",Chicago
2018-08-01,-7.71,IL,"Chicago-Naperville-Elgin, IL-IN-WI",Chicago
2018-09-01,-6.0,IL,"Chicago-Naperville-Elgin, IL-IN-WI",Chicago
2018-10-01,-7.79,IL,"Chicago-Naperville-Elgin, IL-IN-WI",Chicago
2018-11-01,-10.85,IL,"Chicago-Naperville-Elgin, IL-IN-WI",Chicago
2018-12-01,-12.28,IL,"Chicago-Naperville-Elgin, IL-IN-WI",Chicago
2019-01-01,-9.67,IL,"Chicago-Naperville-Elgin, IL-IN-WI",Chicago
2019-02-01,-12.49,IL,"Chicago-Naperville-Elgin, IL-IN-WI",Chicago
2019-03-01,-11.51,IL,"Chicago-Naperville-Elgin, IL-IN-WI",Chicago
2019-04-01,-8.41,IL,"Chicago-Naperville-Elgin, IL-IN-WI",Chicago
2019-05-01,-8.97,IL,"Chicago-Naperville-Elgin, IL-IN-WI",Chicago
2019-06-01,-4.68,IL,"Chicago-Naperville-Elgin, IL-IN-WI",Chicago
2019-07-01,-3.27,IL,"Chicago-Naperville-Elgin, IL-IN-WI",Chicago
2019-08-01,-1.54,IL,"Chicago-Naperville-Elgin, IL-IN-WI",Chicago
2019-09-01,-2.58,IL,"Chicago-Naperville-Elgin, IL-IN-WI",Chicago
2019-10-01,-0.69,IL,"Chicago-Naperville-Elgin, IL-IN-WI",Chicago
2019-11-01,1.45,IL,"Chicago-Naperville-Elgin, IL-IN-WI",Chicago
2019-12-01,1.24,IL,"Chicago-Naperville-Elgin, IL-IN-WI",Chicago
2020-01-01,3.71,IL,"Chicago-Naperville-Elgin, IL-IN-WI",Chicago
2020-02-01,13.65,IL,"Chicago-Naperville-Elgin, IL-IN-WI",Chicago
2020-03-01,10.01,IL,"Chicago-Naperville-Elgin, IL-IN-WI",Chicago
2020-04-01,-24.24,IL,"Chicago-Naperville-Elgin, IL-IN-WI",Chicago
2020-05-01,-25.57,IL,"Chicago-Naperville-Elgin, IL-IN-WI",Chicago
2020-06-01,0.51,IL,"Chicago-Naperville-Elgin, IL-IN-WI",Chicago
2020-07-01,24.38,IL,"Chicago-Naperville-Elgin, IL-IN-WI",Chicago
2020-08-01,35.35,IL,"Chicago-Naperville-Elgin, IL-IN-WI",Chicago
2020-09-01,42.22,IL,"Chicago-Naperville-Elgin, IL-IN-WI",Chicago
2020-10-01,38.87,IL,"Chicago-Naperville-Elgin, IL-IN-WI",Chicago
2020-11-01,31.63,IL,"Chicago-Naperville-Elgin, IL-IN-WI",Chicago
2020-12-01,32.04,IL,"Chicago-Naperville-Elgin, IL-IN-WI",Chicago
2021-01-01,22.55,IL,"Chicago-Naperville-Elgin, IL-IN-WI",Chicago
2021-02-01,17.04,IL,"Chicago-Naperville-Elgin, IL-IN-WI",Chicago
2021-03-01,7.97,IL,"Chicago-Naperville-Elgin, IL-IN-WI",Chicago
2021-04-01,43.47,IL,"Chicago-Naperville-Elgin, IL-IN-WI",Chicago
2021-05-01,51.44,IL,"Chicago-Naperville-Elgin, IL-IN-WI",Chicago
2021-06-01,13.45,IL,"Chicago-Naperville-Elgin, IL-IN-WI",Chicago
2021-07-01,-7.8,IL,"Chicago-Naperville-Elgin, IL-IN-WI",Chicago
2021-08-01,-13.1,IL,"Chicago-Naperville-Elgin, IL-IN-WI",Chicago
2021-09-01,-15.5,IL,"Chicago-Naperville-Elgin, IL-IN-WI",Chicago
2021-10-01,-14.43,IL,"Chicago-Naperville-Elgin, IL-IN-WI",Chicago
2021-11-01,-8.67,IL,"Chicago-Naperville-Elgin, IL-IN-WI",Chicago
2017-07-01,-2.6,TX,"Dallas-Fort Worth-Arlington, TX",Dallas
2017-08-01,-5.59,TX,"Dallas-Fort Worth-Arlington, TX",Dallas
2017-09-01,-6.84,TX,"Dallas-Fort Worth-Arlington, TX",Dallas
2017-10-01,-3.68,TX,"Dallas-Fort Worth-Arlington, TX",Dallas
2017-11-01,-4.42,TX,"Dallas-Fort Worth-Arlington, TX",Dallas
2017-12-01,2.88,TX,"Dallas-Fort Worth-Arlington, TX",Dallas
2018-01-01,-1.99,TX,"Dallas-Fort Worth-Arlington, TX",Dallas
2018-02-01,-2.65,TX,"Dallas-Fort Worth-Arlington, TX",Dallas
2018-03-01,-4.88,TX,"Dallas-Fort Worth-Arlington, TX",Dallas
2018-04-01,-4.24,TX,"Dallas-Fort Worth-Arlington, TX",Dallas
2018-05-01,-2.46,TX,"Dallas-Fort Worth-Arlington, TX",Dallas
2018-06-01,-3.54,TX,"Dallas-Fort Worth-Arlington, TX",Dallas
2018-07-01,-4.68,TX,"Dallas-Fort Worth-Arlington, TX",Dallas
2018-08-01,-7.93,TX,"Dallas-Fort Worth-Arlington, TX",Dallas
2018-09-01,-7.99,TX,"Dallas-Fort Worth-Arlington, TX",Dallas
2018-10-01,-11.52,TX,"Dallas-Fort Worth-Arlington, TX",Dallas
2018-11-01,-11.17,TX,"Dallas-Fort Worth-Arlington, TX",Dallas
2018-12-01,-13.54,TX,"Dallas-Fort Worth-Arlington, TX",Dallas
2019-01-01,-11.88,TX,"Dallas-Fort Worth-Arlington, TX",Dallas
2019-02-01,-6.06,TX,"Dallas-Fort Worth-Arlington, TX",Dallas
2019-03-01,1.66,TX,"Dallas-Fort Worth-Arlington, TX",Dallas
2019-04-01,-0.09,TX,"Dallas-Fort Worth-Arlington, TX",Dallas
2019-05-01,-2.24,TX,"Dallas-Fort Worth-Arlington, TX",Dallas
2019-06-01,-1.75,TX,"Dallas-Fort Worth-Arlington, TX",Dallas
2019-07-01,3.18,TX,"Dallas-Fort Worth-Arlington, TX",Dallas
2019-08-01,5.67,TX,"Dallas-Fort Worth-Arlington, TX",Dallas
2019-09-01,8.44,TX,"Dallas-Fort Worth-Arlington, TX",Dallas
2019-10-01,7.84,TX,"Dallas-Fort Worth-Arlington, TX",Dallas
2019-11-01,7.8,TX,"Dallas-Fort Worth-Arlington, TX",Dallas
2019-12-01,7.41,TX,"Dallas-Fort Worth-Arlington, TX",Dallas
2020-01-01,12.37,TX,"Dallas-Fort Worth-Arlington, TX",Dallas
2020-02-01,11.59,TX,"Dallas-Fort Worth-Arlington, TX",Dallas
2020-03-01,5.81,TX,"Dallas-Fort Worth-Arlington, TX",Dallas
2020-04-01,-17.44,TX,"Dallas-Fort Worth-Arlington, TX",Dallas
2020-05-01,-1.52,TX,"Dallas-Fort Worth-Arlington, TX",Dallas
2020-06-01,26.56,TX,"Dallas-Fort Worth-Arlington, TX",Dallas
2020-07-01,25.33,TX,"Dallas-Fort Worth-Arlington, TX",Dallas
2020-08-01,27.78,TX,"Dallas-Fort Worth-Arlington, TX",Dallas
2020-09-01,33.29,TX,"Dallas-Fort Worth-Arlington, TX",Dallas
2020-10-01,38.8,TX,"Dallas-Fort Worth-Arlington, TX",Dallas
2020-11-01,34.41,TX,"Dallas-Fort Worth-Arlington, TX",Dallas
2020-12-01,33.28,TX,"Dallas-Fort Worth-Arlington, TX",Dallas
2021-01-01,27.69,TX,"Dallas-Fort Worth-Arlington, TX",Dallas
2021-02-01,17.76,TX,"Dallas-Fort Worth-Arlington, TX",Dallas
2021-03-01,5.78,TX,"Dallas-Fort Worth-Arlington, TX",Dallas
2021-04-01,36.19,TX,"Dallas-Fort Worth-Arlington, TX",Dallas
2021-05-01,12.52,TX,"Dallas-Fort Worth-Arlington, TX",Dallas
2021-06-01,-12.04,TX,"Dallas-Fort Worth-Arlington, TX",Dallas
2021-07-01,-13.07,TX,"Dallas-Fort Worth-Arlington, TX",Dallas
2021-08-01,-7.37,TX,"Dallas-Fort Worth-Arlington, TX",Dallas
2021-09-01,-6.72,TX,"Dallas-Fort Worth-Arlington, TX",Dallas
2021-10-01,-6.11,TX,"Dallas-Fort Worth-Arlington, TX",Dallas
2021-11-01,0.94,TX,"Dallas-Fort Worth-Arlington, TX",Dallas
2017-07-01,-5.33,TX,"Houston-The Woodlands-Sugar Land, TX",Houston
2017-08-01,-9.19,TX,"Houston-The Woodlands-Sugar Land, TX",Houston
2017-09-01,-4.75,TX,"Houston-The Woodlands-Sugar Land, TX",Houston
2017-10-01,-0.42,TX,"Houston-The Woodlands-Sugar Land, TX",Houston
2017-11-01,-1.05,TX,"Houston-The Woodlands-Sugar Land, TX",Houston
2017-12-01,5.69,TX,"Houston-The Woodlands-Sugar Land, TX",Houston
2018-01-01,-0.49,TX,"Houston-The Woodlands-Sugar Land, TX",Houston
2018-02-01,-1.44,TX,"Houston-The Woodlands-Sugar Land, TX",Houston
2018-03-01,-0.38,TX,"Houston-The Woodlands-Sugar Land, TX",Houston
2018-04-01,2.52,TX,"Houston-The Woodlands-Sugar Land, TX",Houston
2018-05-01,5.62,TX,"Houston-The Woodlands-Sugar Land, TX",Houston
2018-06-01,4.34,TX,"Houston-The Woodlands-Sugar Land, TX",Houston
2018-07-01,1.93,TX,"Houston-The Woodlands-Sugar Land, TX",Houston
2018-08-01,2.63,TX,"Houston-The Woodlands-Sugar Land, TX",Houston
2018-09-01,0.94,TX,"Houston-The Woodlands-Sugar Land, TX",Houston
2018-10-01,-3.36,TX,"Houston-The Woodlands-Sugar Land, TX",Houston
2018-11-01,-2.84,TX,"Houston-The Woodlands-Sugar Land, TX",Houston
2018-12-01,-5.09,TX,"Houston-The Woodlands-Sugar Land, TX",Houston
2019-01-01,-4.38,TX,"Houston-The Woodlands-Sugar Land, TX",Houston
2019-02-01,0.49,TX,"Houston-The Woodlands-Sugar Land, TX",Houston
2019-03-01,4.16,TX,"Houston-The Woodlands-Sugar Land, TX",Houston
2019-04-01,3.43,TX,"Houston-The Woodlands-Sugar Land, TX",Houston
2019-05-01,-1.45,TX,"Houston-The Woodlands-Sugar Land, TX",Houston
2019-06-01,1.05,TX,"Houston-The Woodlands-Sugar Land, TX",Houston
2019-07-01,6.87,TX,"Houston-The Woodlands-Sugar Land, TX",Houston
2019-08-01,6.42,TX,"Houston-The Woodlands-Sugar Land, TX",Houston
2019-09-01,9.41,TX,"Houston-The Woodlands-Sugar Land, TX",Houston
2019-10-01,6.23,TX,"Houston-The Woodlands-Sugar Land, TX",Houston
2019-11-01,6.67,TX,"Houston-The Woodlands-Sugar Land, TX",Houston
2019-12-01,7.16,TX,"Houston-The Woodlands-Sugar Land, TX",Houston
2020-01-01,10.31,TX,"Houston-The Woodlands-Sugar Land, TX",Houston
2020-02-01,14.21,TX,"Houston-The Woodlands-Sugar Land, TX",Houston
2020-03-01,6.69,TX,"Houston-The Woodlands-Sugar Land, TX",Houston
2020-04-01,-19.07,TX,"Houston-The Woodlands-Sugar Land, TX",Houston
2020-05-01,-3.95,TX,"Houston-The Woodlands-Sugar Land, TX",Houston
2020-06-01,24.68,TX,"Houston-The Woodlands-Sugar Land, TX",Houston
2020-07-01,26.83,TX,"Houston-The Woodlands-Sugar Land, TX",Houston
2020-08-01,31.64,TX,"Houston-The Woodlands-Sugar Land, TX",Houston
2020-09-01,40.06,TX,"Houston-The Woodlands-Sugar Land, TX",Houston
2020-10-01,46.98,TX,"Houston-The Woodlands-Sugar Land, TX",Houston
2020-11-01,47.42,TX,"Houston-The Woodlands-Sugar Land, TX",Houston
2020-12-01,48.42,TX,"Houston-The Woodlands-Sugar Land, TX",Houston
2021-01-01,48.46,TX,"Houston-The Woodlands-Sugar Land, TX",Houston
2021-02-01,36.67,TX,"Houston-The Woodlands-Sugar Land, TX",Houston
2021-03-01,29.82,TX,"Houston-The Woodlands-Sugar Land, TX",Houston
2021-04-01,64.91,TX,"Houston-The Woodlands-Sugar Land, TX",Houston
2021-05-01,40.39,TX,"Houston-The Woodlands-Sugar Land, TX",Houston
2021-06-01,7.29,TX,"Houston-The Woodlands-Sugar Land, TX",Houston
2021-07-01,2.94,TX,"Houston-The Woodlands-Sugar Land, TX",Houston
2021-08-01,-0.63,TX,"Houston-The Woodlands-Sugar Land, TX",Houston
2021-09-01,-4.04,TX,"Houston-The Woodlands-Sugar Land, TX",Houston
2021-10-01,-1.71,TX,"Houston-The Woodlands-Sugar Land, TX",Houston
2021-11-01,0.71,TX,"Houston-The Woodlands-Sugar Land, TX",Houston
2017-07-01,-1.14,MI,"Detroit-Warren-Dearborn, MI",Detroit
2017-08-01,-15.14,MI,"Detroit-Warren-Dearborn, MI",Detroit
2017-09-01,-11.22,MI,"Detroit-Warren-Dearborn, MI",Detroit
2017-10-01,-11.24,MI,"Detroit-Warren-Dearborn, MI",Detroit
2017-11-01,2.5,MI,"Detroit-Warren-Dearborn, MI",Detroit
2017-12-01,1.75,MI,"Detroit-Warren-Dearborn, MI",Detroit
2018-01-01,-9.4,MI,"Detroit-Warren-Dearborn, MI",Detroit
2018-02-01,0.0,MI,"Detroit-Warren-Dearborn, MI",Detroit
2018-03-01,16.46,MI,"Detroit-Warren-Dearborn, MI",Detroit
2018-04-01,3.86,MI,"Detroit-Warren-Dearborn, MI",Detroit
2018-05-01,39.91,MI,"Detroit-Warren-Dearborn, MI",Detroit
2018-06-01,46.67,MI,"Detroit-Warren-Dearborn, MI",Detroit
2018-07-01,27.69,MI,"Detroit-Warren-Dearborn, MI",Detroit
2018-08-01,23.79,MI,"Detroit-Warren-Dearborn, MI",Detroit
2018-09-01,573.56,MI,"Detroit-Warren-Dearborn, MI",Detroit
2018-10-01,592.31,MI,"Detroit-Warren-Dearborn, MI",Detroit
2018-11-01,597.56,MI,"Detroit-Warren-Dearborn, MI",Detroit
2018-12-01,600.0,MI,"Detroit-Warren-Dearborn, MI",Detroit
2019-01-01,688.15,MI,"Detroit-Warren-Dearborn, MI",Detroit
2019-02-01,683.33,MI,"Detroit-Warren-Dearborn, MI",Detroit
2019-03-01,636.41,MI,"Detroit-Warren-Dearborn, MI",Detroit
2019-04-01,609.77,MI,"Detroit-Warren-Dearborn, MI",Detroit
2019-05-01,446.23,MI,"Detroit-Warren-Dearborn, MI",Detroit
2019-06-01,412.73,MI,"Detroit-Warren-Dearborn, MI",Detroit
2019-07-01,406.02,MI,"Detroit-Warren-Dearborn, MI",Detroit
2019-08-01,533.33,MI,"Detroit-Warren-Dearborn, MI",Detroit
2019-09-01,27.82,MI,"Detroit-Warren-Dearborn, MI",Detroit
2019-10-01,-3.4,MI,"Detroit-Warren-Dearborn, MI",Detroit
2019-11-01,-3.57,MI,"Detroit-Warren-Dearborn, MI",Detroit
2019-12-01,-12.64,MI,"Detroit-Warren-Dearborn, MI",Detroit
2020-01-01,-7.24,MI,"Detroit-Warren-Dearborn, MI",Detroit
2020-02-01,-9.49,MI,"Detroit-Warren-Dearborn, MI",Detroit
2020-03-01,10.18,MI,"Detroit-Warren-Dearborn, MI",Detroit
2020-04-01,-23.53,MI,"Detroit-Warren-Dearborn, MI",Detroit
2020-05-01,-4.74,MI,"Detroit-Warren-Dearborn, MI",Detroit
2020-06-01,65.01,MI,"Detroit-Warren-Dearborn, MI",Detroit
2020-07-01,85.6,MI,"Detroit-Warren-Dearborn, MI",Detroit
2020-08-01,50.73,MI,"Detroit-Warren-Dearborn, MI",Detroit
2020-09-01,38.85,MI,"Detroit-Warren-Dearborn, MI",Detroit
2020-10-01,96.89,MI,"Detroit-Warren-Dearborn, MI",Detroit
2020-11-01,77.16,MI,"Detroit-Warren-Dearborn, MI",Detroit
2020-12-01,90.41,MI,"Detroit-Warren-Dearborn, MI",Detroit
2021-01-01,75.68,MI,"Detroit-Warren-Dearborn, MI",Detroit
2021-02-01,58.05,MI,"Detroit-Warren-Dearborn, MI",Detroit
2021-03-01,21.63,MI,"Detroit-Warren-Dearborn, MI",Detroit
2021-04-01,75.58,MI,"Detroit-Warren-Dearborn, MI",Detroit
2021-05-01,38.12,MI,"Detroit-Warren-Dearborn, MI",Detroit
2021-06-01,-13.04,MI,"Detroit-Warren-Dearborn, MI",Detroit
2021-07-01,-23.73,MI,"Detroit-Warren-Dearborn, MI",Detroit
2021-08-01,-22.37,MI,"Detroit-Warren-Dearborn, MI",Detroit
2021-09-01,-19.1,MI,"Detroit-Warren-Dearborn, MI",Detroit
2021-10-01,-18.59,MI,"Detroit-Warren-Dearborn, MI",Detroit
2021-11-01,-9.01,MI,"Detroit-Warren-Dearborn, MI",Detroit
2017-07-01,-11.79,OH,"Cincinnati, OH-KY-IN",Cincinnati
2017-08-01,-9.71,OH,"Cincinnati, OH-KY-IN",Cincinnati
2017-09-01,-12.95,OH,"Cincinnati, OH-KY-IN",Cincinnati
2017-10-01,-10.73,OH,"Cincinnati, OH-KY-IN",Cincinnati
2017-11-01,-8.74,OH,"Cincinnati, OH-KY-IN",Cincinnati
2017-12-01,-9.92,OH,"Cincinnati, OH-KY-IN",Cincinnati
2018-01-01,-7.29,OH,"Cincinnati, OH-KY-IN",Cincinnati
2018-02-01,-8.61,OH,"Cincinnati, OH-KY-IN",Cincinnati
2018-03-01,-5.19,OH,"Cincinnati, OH-KY-IN",Cincinnati
2018-04-01,-8.9,OH,"Cincinnati, OH-KY-IN",Cincinnati
2018-05-01,-8.6,OH,"Cincinnati, OH-KY-IN",Cincinnati
2018-06-01,-5.15,OH,"Cincinnati, OH-KY-IN",Cincinnati
2018-07-01,-3.56,OH,"Cincinnati, OH-KY-IN",Cincinnati
2018-08-01,-2.63,OH,"Cincinnati, OH-KY-IN",Cincinnati
2018-09-01,-4.1,OH,"Cincinnati, OH-KY-IN",Cincinnati
2018-10-01,-8.75,OH,"Cincinnati, OH-KY-IN",Cincinnati
2018-11-01,-8.77,OH,"Cincinnati, OH-KY-IN",Cincinnati
2018-12-01,-11.1,OH,"Cincinnati, OH-KY-IN",Cincinnati
2019-01-01,-12.92,OH,"Cincinnati, OH-KY-IN",Cincinnati
2019-02-01,-7.49,OH,"Cincinnati, OH-KY-IN",Cincinnati
2019-03-01,-11.61,OH,"Cincinnati, OH-KY-IN",Cincinnati
2019-04-01,-6.28,OH,"Cincinnati, OH-KY-IN",Cincinnati
2019-05-01,-6.16,OH,"Cincinnati, OH-KY-IN",Cincinnati
2019-06-01,-4.58,OH,"Cincinnati, OH-KY-IN",Cincinnati
2019-07-01,-5.8,OH,"Cincinnati, OH-KY-IN",Cincinnati
2019-08-01,-7.54,OH,"Cincinnati, OH-KY-IN",Cincinnati
2019-09-01,-4.37,OH,"Cincinnati, OH-KY-IN",Cincinnati
2019-10-01,4.42,OH,"Cincinnati, OH-KY-IN",Cincinnati
2019-11-01,5.06,OH,"Cincinnati, OH-KY-IN",Cincinnati
2019-12-01,0.61,OH,"Cincinnati, OH-KY-IN",Cincinnati
2020-01-01,1.56,OH,"Cincinnati, OH-KY-IN",Cincinnati
2020-02-01,1.87,OH,"Cincinnati, OH-KY-IN",Cincinnati
2020-03-01,-0.79,OH,"Cincinnati, OH-KY-IN",Cincinnati
2020-04-01,-17.37,OH,"Cincinnati, OH-KY-IN",Cincinnati
2020-05-01,-8.28,OH,"Cincinnati, OH-KY-IN",Cincinnati
2020-06-01,3.89,OH,"Cincinnati, OH-KY-IN",Cincinnati
2020-07-01,13.37,OH,"Cincinnati, OH-KY-IN",Cincinnati
2020-08-01,18.75,OH,"Cincinnati, OH-KY-IN",Cincinnati
2020-09-01,21.87,OH,"Cincinnati, OH-KY-IN",Cincinnati
2020-10-01,19.3,OH,"Cincinnati, OH-KY-IN",Cincinnati
2020-11-01,19.13,OH,"Cincinnati, OH-KY-IN",Cincinnati
2020-12-01,26.18,OH,"Cincinnati, OH-KY-IN",Cincinnati
2021-01-01,24.9,OH,"Cincinnati, OH-KY-IN",Cincinnati
2021-02-01,10.48,OH,"Cincinnati, OH-KY-IN",Cincinnati
2021-03-01,0.68,OH,"Cincinnati, OH-KY-IN",Cincinnati
2021-04-01,19.67,OH,"Cincinnati, OH-KY-IN",Cincinnati
2021-05-01,10.08,OH,"Cincinnati, OH-KY-IN",Cincinnati
2021-06-01,-3.53,OH,"Cincinnati, OH-KY-IN",Cincinnati
2021-07-01,-9.95,OH,"Cincinnati, OH-KY-IN",Cincinnati
2021-08-01,-9.27,OH,"Cincinnati, OH-KY-IN",Cincinnati
2021-09-01,-8.12,OH,"Cincinnati, OH-KY-IN",Cincinnati
2021-10-01,-6.58,OH,"Cincinnati, OH-KY-IN",Cincinnati
2021-11-01,-6.3,OH,"Cincinnati, OH-KY-IN",Cincinnati
2017-07-01,-13.35,SC,"Charleston-North Charleston, SC",Charleston
2017-08-01,-12.04,SC,"Charleston-North Charleston, SC",Charleston
2017-09-01,-16.34,SC,"Charleston-North Charleston, SC",Charleston
2017-10-01,-6.08,SC,"Charleston-North Charleston, SC",Charleston
2017-11-01,3.6,SC,"Charleston-North Charleston, SC",Charleston
2017-12-01,3.67,SC,"Charleston-North Charleston, SC",Charleston
2018-01-01,-4.89,SC,"Charleston-North Charleston, SC",Charleston
2018-02-01,-4.68,SC,"Charleston-North Charleston, SC",Charleston
2018-03-01,1.96,SC,"Charleston-North Charleston, SC",Charleston
2018-04-01,0.74,SC,"Charleston-North Charleston, SC",Charleston
2018-05-01,-2.17,SC,"Charleston-North Charleston, SC",Charleston
2018-06-01,-2.02,SC,"Charleston-North Charleston, SC",Charleston
2018-07-01,-2.79,SC,"Charleston-North Charleston, SC",Charleston
2018-08-01,-5.91,SC,"Charleston-North Charleston, SC",Charleston
2018-09-01,-5.81,SC,"Charleston-North Charleston, SC",Charleston
2018-10-01,-13.93,SC,"Charleston-North Charleston, SC",Charleston
2018-11-01,-16.55,SC,"Charleston-North Charleston, SC",Charleston
2018-12-01,-17.88,SC,"Charleston-North Charleston, SC",Charleston
2019-01-01,-13.84,SC,"Charleston-North Charleston, SC",Charleston
2019-02-01,-4.75,SC,"Charleston-North Charleston, SC",Charleston
2019-03-01,-7.13,SC,"Charleston-North Charleston, SC",Charleston
2019-04-01,-5.17,SC,"Charleston-North Charleston, SC",Charleston
2019-05-01,-2.43,SC,"Charleston-North Charleston, SC",Charleston
2019-06-01,-0.83,SC,"Charleston-North Charleston, SC",Charleston
2019-07-01,-2.63,SC,"Charleston-North Charleston, SC",Charleston
2019-08-01,3.14,SC,"Charleston-North Charleston, SC",Charleston
2019-09-01,1.56,SC,"Charleston-North Charleston, SC",Charleston
2019-10-01,8.29,SC,"Charleston-North Charleston, SC",Charleston
2019-11-01,8.06,SC,"Charleston-North Charleston, SC",Charleston
2019-12-01,3.16,SC,"Charleston-North Charleston, SC",Charleston
2020-01-01,1.76,SC,"Charleston-North Charleston, SC",Charleston
2020-02-01,7.37,SC,"Charleston-North Charleston, SC",Charleston
2020-03-01,2.16,SC,"Charleston-North Charleston, SC",Charleston
2020-04-01,-18.29,SC,"Charleston-North Charleston, SC",Charleston
2020-05-01,-3.95,SC,"Charleston-North Charleston, SC",Charleston
2020-06-01,20.54,SC,"Charleston-North Charleston, SC",Charleston
2020-07-01,32.66,SC,"Charleston-North Charleston, SC",Charleston
2020-08-01,36.83,SC,"Charleston-North Charleston, SC",Charleston
2020-09-01,52.98,SC,"Charleston-North Charleston, SC",Charleston
2020-10-01,46.97,SC,"Charleston-North Charleston, SC",Charleston
2020-11-01,42.92,SC,"Charleston-North Charleston, SC",Charleston
2020-12-01,49.65,SC,"Charleston-North Charleston, SC",Charleston
2021-01-01,51.28,SC,"Charleston-North Charleston, SC",Charleston
2021-02-01,26.72,SC,"Charleston-North Charleston, SC",Charleston
2021-03-01,21.95,SC,"Charleston-North Charleston, SC",Charleston
2021-04-01,45.5,SC,"Charleston-North Charleston, SC",Charleston
2021-05-01,13.72,SC,"Charleston-North Charleston, SC",Charleston
2021-06-01,-12.74,SC,"Charleston-North Charleston, SC",Charleston
2021-07-01,-19.88,SC,"Charleston-North Charleston, SC",Charleston
2021-08-01,-20.28,SC,"Charleston-North Charleston, SC",Charleston
2021-09-01,-19.84,SC,"Charleston-North Charleston, SC",Charleston
2021-10-01,-15.46,SC,"Charleston-North Charleston, SC",Charleston
2021-11-01,-18.93,SC,"Charleston-North Charleston, SC",Charleston
2017-07-01,-10.73,UT,"Ogden-Clearfield, UT",Ogden
2017-08-01,-4.25,UT,"Ogden-Clearfield, UT",Ogden
2017-09-01,-11.0,UT,"Ogden-Clearfield, UT",Ogden
2017-10-01,-4.31,UT,"Ogden-Clearfield, UT",Ogden
2017-11-01,-4.35,UT,"Ogden-Clearfield, UT",Ogden
2017-12-01,3.4,UT,"Ogden-Clearfield, UT",Ogden
2018-01-01,18.28,UT,"Ogden-Clearfield, UT",Ogden
2018-02-01,18.04,UT,"Ogden-Clearfield, UT",Ogden
2018-03-01,6.93,UT,"Ogden-Clearfield, UT",Ogden
2018-04-01,0.07,UT,"Ogden-Clearfield, UT",Ogden
2018-05-01,3.02,UT,"Ogden-Clearfield, UT",Ogden
2018-06-01,-6.57,UT,"Ogden-Clearfield, UT",Ogden
2018-07-01,-9.43,UT,"Ogden-Clearfield, UT",Ogden
2018-08-01,-16.73,UT,"Ogden-Clearfield, UT",Ogden
2018-09-01,-15.4,UT,"Ogden-Clearfield, UT",Ogden
2018-10-01,-11.48,UT,"Ogden-Clearfield, UT",Ogden
2018-11-01,-10.08,UT,"Ogden-Clearfield, UT",Ogden
2018-12-01,-22.21,UT,"Ogden-Clearfield, UT",Ogden
2019-01-01,-18.99,UT,"Ogden-Clearfield, UT",Ogden
2019-02-01,-14.96,UT,"Ogden-Clearfield, UT",Ogden
2019-03-01,-4.27,UT,"Ogden-Clearfield, UT",Ogden
2019-04-01,-6.15,UT,"Ogden-Clearfield, UT",Ogden
2019-05-01,-4.77,UT,"Ogden-Clearfield, UT",Ogden
2019-06-01,1.98,UT,"Ogden-Clearfield, UT",Ogden
2019-07-01,8.06,UT,"Ogden-Clearfield, UT",Ogden
2019-08-01,19.71,UT,"Ogden-Clearfield, UT",Ogden
2019-09-01,59.02,UT,"Ogden-Clearfield, UT",Ogden
2019-10-01,7.03,UT,"Ogden-Clearfield, UT",Ogden
2019-11-01,6.06,UT,"Ogden-Clearfield, UT",Ogden
2019-12-01,16.45,UT,"Ogden-Clearfield, UT",Ogden
2020-01-01,7.54,UT,"Ogden-Clearfield, UT",Ogden
2020-02-01,3.69,UT,"Ogden-Clearfield, UT",Ogden
2020-03-01,5.45,UT,"Ogden-Clearfield, UT",Ogden
2020-04-01,0.77,UT,"Ogden-Clearfield, UT",Ogden
2020-05-01,9.89,UT,"Ogden-Clearfield, UT",Ogden
2020-06-01,17.35,UT,"Ogden-Clearfield, UT",Ogden
2020-07-01,17.84,UT,"Ogden-Clearfield, UT",Ogden
2020-08-01,7.37,UT,"Ogden-Clearfield, UT",Ogden
2020-09-01,-17.59,UT,"Ogden-Clearfield, UT",Ogden
2020-10-01,19.32,UT,"Ogden-Clearfield, UT",Ogden
2020-11-01,12.36,UT,"Ogden-Clearfield, UT",Ogden
2020-12-01,9.69,UT,"Ogden-Clearfield, UT",Ogden
2021-01-01,5.04,UT,"Ogden-Clearfield, UT",Ogden
2021-02-01,-10.22,UT,"Ogden-Clearfield, UT",Ogden
2021-03-01,-20.2,UT,"Ogden-Clearfield, UT",Ogden
2021-04-01,-17.46,UT,"Ogden-Clearfield, UT",Ogden
2021-05-01,-28.88,UT,"Ogden-Clearfield, UT",Ogden
2021-06-01,-35.9,UT,"Ogden-Clearfield, UT",Ogden
2021-07-01,-36.15,UT,"Ogden-Clearfield, UT",Ogden
2021-08-01,-30.85,UT,"Ogden-Clearfield, UT",Ogden
2021-09-01,-26.11,UT,"Ogden-Clearfield, UT",Ogden
2021-10-01,-25.22,UT,"Ogden-Clearfield, UT",Ogden
2021-11-01,-10.02,UT,"Ogden-Clearfield, UT",Ogden
2017-07-01,-20.0,KS,"Wichita, KS",Wichita
2017-08-01,80.0,KS,"Wichita, KS",Wichita
2017-09-01,60.0,KS,"Wichita, KS",Wichita
2017-10-01,-20.0,KS,"Wichita, KS",Wichita
2017-11-01,0.0,KS,"Wichita, KS",Wichita
2017-12-01,-33.33,KS,"Wichita, KS",Wichita
2018-01-01,-33.33,KS,"Wichita, KS",Wichita
2018-02-01,-20.0,KS,"Wichita, KS",Wichita
2018-03-01,133.33,KS,"Wichita, KS",Wichita
2018-04-01,1100.0,KS,"Wichita, KS",Wichita
2018-05-01,300.0,KS,"Wichita, KS",Wichita
2018-06-01,333.33,KS,"Wichita, KS",Wichita
2018-07-01,125.0,KS,"Wichita, KS",Wichita
2018-08-01,-11.11,KS,"Wichita, KS",Wichita
2018-09-01,-50.0,KS,"Wichita, KS",Wichita
2018-10-01,100.0,KS,"Wichita, KS",Wichita
2018-11-01,83.33,KS,"Wichita, KS",Wichita
2018-12-01,-33.33,KS,"Wichita, KS",Wichita
2019-01-01,-16.67,KS,"Wichita, KS",Wichita
2019-02-01,12.5,KS,"Wichita, KS",Wichita
2019-03-01,14.29,KS,"Wichita, KS",Wichita
2019-04-01,41.67,KS,"Wichita, KS",Wichita
2019-05-01,-8.33,KS,"Wichita, KS",Wichita
2019-06-01,7.69,KS,"Wichita, KS",Wichita
2019-07-01,33.33,KS,"Wichita, KS",Wichita
2019-08-01,1162.5,KS,"Wichita, KS",Wichita
2019-09-01,16650.0,KS,"Wichita, KS",Wichita
2019-10-01,13162.5,KS,"Wichita, KS",Wichita
2019-11-01,9127.27,KS,"Wichita, KS",Wichita
2019-12-01,21000.0,KS,"Wichita, KS",Wichita
2020-01-01,15540.0,KS,"Wichita, KS",Wichita
2020-02-01,11411.11,KS,"Wichita, KS",Wichita
2020-03-01,7575.0,KS,"Wichita, KS",Wichita
2020-04-01,6964.71,KS,"Wichita, KS",Wichita
2020-05-01,13045.45,KS,"Wichita, KS",Wichita
2020-06-01,11207.14,KS,"Wichita, KS",Wichita
2020-07-01,12766.67,KS,"Wichita, KS",Wichita
2020-08-01,1425.74,KS,"Wichita, KS",Wichita
2020-09-01,135.82,KS,"Wichita, KS",Wichita
2020-10-01,34.12,KS,"Wichita, KS",Wichita
2020-11-01,30.34,KS,"Wichita, KS",Wichita
2020-12-01,38.27,KS,"Wichita, KS",Wichita
2021-01-01,33.76,KS,"Wichita, KS",Wichita
2021-02-01,21.81,KS,"Wichita, KS",Wichita
2021-03-01,6.51,KS,"Wichita, KS",Wichita
2021-04-01,21.98,KS,"Wichita, KS",Wichita
2021-05-01,9.34,KS,"Wichita, KS",Wichita
2021-06-01,-0.76,KS,"Wichita, KS",Wichita
2021-07-01,0.71,KS,"Wichita, KS",Wichita
2021-08-01,-2.14,KS,"Wichita, KS",Wichita
2021-09-01,-10.19,KS,"Wichita, KS",Wichita
2021-10-01,-3.44,KS,"Wichita, KS",Wichita
2021-11-01,1.89,KS,"Wichita, KS",Wichita
2017-07-01,13.9,SC,"Myrtle Beach-Conway-North Myrtle Beach, SC-NC",Myrtle Beach
2017-08-01,13.65,SC,"Myrtle Beach-Conway-North Myrtle Beach, SC-NC",Myrtle Beach
2017-09-01,1.66,SC,"Myrtle Beach-Conway-North Myrtle Beach, SC-NC",Myrtle Beach
2017-10-01,6.62,SC,"Myrtle Beach-Conway-North Myrtle Beach, SC-NC",Myrtle Beach
2017-11-01,12.06,SC,"Myrtle Beach-Conway-North Myrtle Beach, SC-NC",Myrtle Beach
2017-12-01,7.75,SC,"Myrtle Beach-Conway-North Myrtle Beach, SC-NC",Myrtle Beach
2018-01-01,9.5,SC,"Myrtle Beach-Conway-North Myrtle Beach, SC-NC",Myrtle Beach
2018-02-01,4.78,SC,"Myrtle Beach-Conway-North Myrtle Beach, SC-NC",Myrtle Beach
2018-03-01,4.3,SC,"Myrtle Beach-Conway-North Myrtle Beach, SC-NC",Myrtle Beach
2018-04-01,4.69,SC,"Myrtle Beach-Conway-North Myrtle Beach, SC-NC",Myrtle Beach
2018-05-01,4.55,SC,"Myrtle Beach-Conway-North Myrtle Beach, SC-NC",Myrtle Beach
2018-06-01,1.24,SC,"Myrtle Beach-Conway-North Myrtle Beach, SC-NC",Myrtle Beach
2018-07-01,-0.81,SC,"Myrtle Beach-Conway-North Myrtle Beach, SC-NC",Myrtle Beach
2018-08-01,-2.78,SC,"Myrtle Beach-Conway-North Myrtle Beach, SC-NC",Myrtle Beach
2018-09-01,3.96,SC,"Myrtle Beach-Conway-North Myrtle Beach, SC-NC",Myrtle Beach
2018-10-01,-8.24,SC,"Myrtle Beach-Conway-North Myrtle Beach, SC-NC",Myrtle Beach
2018-11-01,-7.67,SC,"Myrtle Beach-Conway-North Myrtle Beach, SC-NC",Myrtle Beach
2018-12-01,-6.66,SC,"Myrtle Beach-Conway-North Myrtle Beach, SC-NC",Myrtle Beach
2019-01-01,-7.02,SC,"Myrtle Beach-Conway-North Myrtle Beach, SC-NC",Myrtle Beach
2019-02-01,-3.12,SC,"Myrtle Beach-Conway-North Myrtle Beach, SC-NC",Myrtle Beach
2019-03-01,-5.7,SC,"Myrtle Beach-Conway-North Myrtle Beach, SC-NC",Myrtle Beach
2019-04-01,-8.52,SC,"Myrtle Beach-Conway-North Myrtle Beach, SC-NC",Myrtle Beach
2019-05-01,-6.38,SC,"Myrtle Beach-Conway-North Myrtle Beach, SC-NC",Myrtle Beach
2019-06-01,-7.17,SC,"Myrtle Beach-Conway-North Myrtle Beach, SC-NC",Myrtle Beach
2019-07-01,-2.62,SC,"Myrtle Beach-Conway-North Myrtle Beach, SC-NC",Myrtle Beach
2019-08-01,0.72,SC,"Myrtle Beach-Conway-North Myrtle Beach, SC-NC",Myrtle Beach
2019-09-01,-3.25,SC,"Myrtle Beach-Conway-North Myrtle Beach, SC-NC",Myrtle Beach
2019-10-01,6.35,SC,"Myrtle Beach-Conway-North Myrtle Beach, SC-NC",Myrtle Beach
2019-11-01,7.17,SC,"Myrtle Beach-Conway-North Myrtle Beach, SC-NC",Myrtle Beach
2019-12-01,4.99,SC,"Myrtle Beach-Conway-North Myrtle Beach, SC-NC",Myrtle Beach
2020-01-01,7.96,SC,"Myrtle Beach-Conway-North Myrtle Beach, SC-NC",Myrtle Beach
2020-02-01,9.52,SC,"Myrtle Beach-Conway-North Myrtle Beach, SC-NC",Myrtle Beach
2020-03-01,10.02,SC,"Myrtle Beach-Conway-North Myrtle Beach, SC-NC",Myrtle Beach
2020-04-01,-8.62,SC,"Myrtle Beach-Conway-North Myrtle Beach, SC-NC",Myrtle Beach
2020-05-01,-7.82,SC,"Myrtle Beach-Conway-North Myrtle Beach, SC-NC",Myrtle Beach
2020-06-01,24.65,SC,"Myrtle Beach-Conway-North Myrtle Beach, SC-NC",Myrtle Beach
2020-07-01,28.53,SC,"Myrtle Beach-Conway-North Myrtle Beach, SC-NC",Myrtle Beach
2020-08-01,29.81,SC,"Myrtle Beach-Conway-North Myrtle Beach, SC-NC",Myrtle Beach
2020-09-01,42.9,SC,"Myrtle Beach-Conway-North Myrtle Beach, SC-NC",Myrtle Beach
2020-10-01,51.27,SC,"Myrtle Beach-Conway-North Myrtle Beach, SC-NC",Myrtle Beach
2020-11-01,48.04,SC,"Myrtle Beach-Conway-North Myrtle Beach, SC-NC",Myrtle Beach
2020-12-01,49.98,SC,"Myrtle Beach-Conway-North Myrtle Beach, SC-NC",Myrtle Beach
2021-01-01,52.25,SC,"Myrtle Beach-Conway-North Myrtle Beach, SC-NC",Myrtle Beach
2021-02-01,55.1,SC,"Myrtle Beach-Conway-North Myrtle Beach, SC-NC",Myrtle Beach
2021-03-01,55.47,SC,"Myrtle Beach-Conway-North Myrtle Beach, SC-NC",Myrtle Beach
2021-04-01,88.16,SC,"Myrtle Beach-Conway-North Myrtle Beach, SC-NC",Myrtle Beach
2021-05-01,79.61,SC,"Myrtle Beach-Conway-North Myrtle Beach, SC-NC",Myrtle Beach
2021-06-01,28.93,SC,"Myrtle Beach-Conway-North Myrtle Beach, SC-NC",Myrtle Beach
2021-07-01,17.05,SC,"Myrtle Beach-Conway-North Myrtle Beach, SC-NC",Myrtle Beach
2021-08-01,15.77,SC,"Myrtle Beach-Conway-North Myrtle Beach, SC-NC",Myrtle Beach
2021-09-01,11.37,SC,"Myrtle Beach-Conway-North Myrtle Beach, SC-NC",Myrtle Beach
2021-10-01,12.44,SC,"Myrtle Beach-Conway-North Myrtle Beach, SC-NC",Myrtle Beach
2021-11-01,13.87,SC,"Myrtle Beach-Conway-North Myrtle Beach, SC-NC",Myrtle Beach
2017-07-01,-0.67,NJ,"Trenton-Princeton, NJ",Trenton
2017-08-01,-5.84,NJ,"Trenton-Princeton, NJ",Trenton
2017-09-01,23.54,NJ,"Trenton-Princeton, NJ",Trenton
2017-10-01,-15.38,NJ,"Trenton-Princeton, NJ",Trenton
2017-11-01,-97.67,NJ,"Trenton-Princeton, NJ",Trenton
2017-12-01,-97.95,NJ,"Trenton-Princeton, NJ",Trenton
2018-01-01,-98.42,NJ,"Trenton-Princeton, NJ",Trenton
2018-02-01,-98.95,NJ,"Trenton-Princeton, NJ",Trenton
2018-03-01,-85.76,NJ,"Trenton-Princeton, NJ",Trenton
2018-04-01,-84.07,NJ,"Trenton-Princeton, NJ",Trenton
2018-05-01,-85.41,NJ,"Trenton-Princeton, NJ",Trenton
2018-06-01,-84.32,NJ,"Trenton-Princeton, NJ",Trenton
2018-07-01,-85.8,NJ,"Trenton-Princeton, NJ",Trenton
2018-08-01,-85.88,NJ,"Trenton-Princeton, NJ",Trenton
2018-09-01,-84.95,NJ,"Trenton-Princeton, NJ",Trenton
2018-10-01,-80.54,NJ,"Trenton-Princeton, NJ",Trenton
2018-11-01,683.33,NJ,"Trenton-Princeton, NJ",Trenton
2018-12-01,520.0,NJ,"Trenton-Princeton, NJ",Trenton
2019-01-01,827.27,NJ,"Trenton-Princeton, NJ",Trenton
2019-02-01,1962.5,NJ,"Trenton-Princeton, NJ",Trenton
2019-03-01,76.42,NJ,"Trenton-Princeton, NJ",Trenton
2019-04-01,82.28,NJ,"Trenton-Princeton, NJ",Trenton
2019-05-01,100.62,NJ,"Trenton-Princeton, NJ",Trenton
2019-06-01,77.9,NJ,"Trenton-Princeton, NJ",Trenton
2019-07-01,88.44,NJ,"Trenton-Princeton, NJ",Trenton
2019-08-01,83.33,NJ,"Trenton-Princeton, NJ",Trenton
2019-09-01,75.81,NJ,"Trenton-Princeton, NJ",Trenton
2019-10-01,38.24,NJ,"Trenton-Princeton, NJ",Trenton
2019-11-01,21.99,NJ,"Trenton-Princeton, NJ",Trenton
2019-12-01,63.44,NJ,"Trenton-Princeton, NJ",Trenton
2020-01-01,51.96,NJ,"Trenton-Princeton, NJ",Trenton
2020-02-01,13.33,NJ,"Trenton-Princeton, NJ",Trenton
2020-03-01,2.76,NJ,"Trenton-Princeton, NJ",Trenton
2020-04-01,-33.33,NJ,"Trenton-Princeton, NJ",Trenton
2020-05-01,-33.54,NJ,"Trenton-Princeton, NJ",Trenton
2020-06-01,-17.39,NJ,"Trenton-Princeton, NJ",Trenton
2020-07-01,13.0,NJ,"Trenton-Princeton, NJ",Trenton
2020-08-01,45.04,NJ,"Trenton-Princeton, NJ",Trenton
2020-09-01,49.54,NJ,"Trenton-Princeton, NJ",Trenton
2020-10-01,405.32,NJ,"Trenton-Princeton, NJ",Trenton
2020-11-01,409.88,NJ,"Trenton-Princeton, NJ",Trenton
2020-12-01,376.97,NJ,"Trenton-Princeton, NJ",Trenton
2021-01-01,319.35,NJ,"Trenton-Princeton, NJ",Trenton
2021-02-01,288.24,NJ,"Trenton-Princeton, NJ",Trenton
2021-03-01,266.37,NJ,"Trenton-Princeton, NJ",Trenton
2021-04-01,397.92,NJ,"Trenton-Princeton, NJ",Trenton
2021-05-01,388.89,NJ,"Trenton-Princeton, NJ",Trenton
2021-06-01,349.25,NJ,"Trenton-Princeton, NJ",Trenton
2021-07-01,273.16,NJ,"Trenton-Princeton, NJ",Trenton
2021-08-01,226.78,NJ,"Trenton-Princeton, NJ",Trenton
2021-09-01,222.09,NJ,"Trenton-Princeton, NJ",Trenton
2021-10-01,6.95,NJ,"Trenton-Princeton, NJ",Trenton
2021-11-01,6.61,NJ,"Trenton-Princeton, NJ",Trenton
2017-07-01,-2.1,NE,"Lincoln, NE",Lincoln
2017-08-01,-2.58,NE,"Lincoln, NE",Lincoln
2017-09-01,-6.9,NE,"Lincoln, NE",Lincoln
2017-10-01,-5.67,NE,"Lincoln, NE",Lincoln
2017-11-01,-4.19,NE,"Lincoln, NE",Lincoln
2017-12-01,-5.65,NE,"Lincoln, NE",Lincoln
2018-01-01,-10.17,NE,"Lincoln, NE",Lincoln
2018-02-01,-4.94,NE,"Lincoln, NE",Lincoln
2018-03-01,-18.45,NE,"Lincoln, NE",Lincoln
2018-04-01,-15.44,NE,"Lincoln, NE",Lincoln
2018-05-01,-13.16,NE,"Lincoln, NE",Lincoln
2018-06-01,-5.0,NE,"Lincoln, NE",Lincoln
2018-07-01,-4.93,NE,"Lincoln, NE",Lincoln
2018-08-01,-0.66,NE,"Lincoln, NE",Lincoln
2018-09-01,-0.14,NE,"Lincoln, NE",Lincoln
2018-10-01,4.93,NE,"Lincoln, NE",Lincoln
2018-11-01,0.32,NE,"Lincoln, NE",Lincoln
2018-12-01,-4.54,NE,"Lincoln, NE",Lincoln
2019-01-01,13.42,NE,"Lincoln, NE",Lincoln
2019-02-01,7.38,NE,"Lincoln, NE",Lincoln
2019-03-01,-36.23,NE,"Lincoln, NE",Lincoln
2019-04-01,-93.42,NE,"Lincoln, NE",Lincoln
2019-05-01,0.0,NE,"Lincoln, NE",Lincoln
2019-06-01,0.0,NE,"Lincoln, NE",Lincoln
2019-07-01,0.0,NE,"Lincoln, NE",Lincoln
2019-08-01,0.0,NE,"Lincoln, NE",Lincoln
2019-09-01,-99.86,NE,"Lincoln, NE",Lincoln
2019-10-01,-99.85,NE,"Lincoln, NE",Lincoln
2019-11-01,-9.03,NE,"Lincoln, NE",Lincoln
2019-12-01,-3.99,NE,"Lincoln, NE",Lincoln
2020-01-01,-12.75,NE,"Lincoln, NE",Lincoln
2020-02-01,-5.63,NE,"Lincoln, NE",Lincoln
2020-03-01,84.32,NE,"Lincoln, NE",Lincoln
2020-04-01,1381.63,NE,"Lincoln, NE",Lincoln
2020-05-01,0.0,NE,"Lincoln, NE",Lincoln
2020-06-01,0.0,NE,"Lincoln, NE",Lincoln
2020-07-01,0.0,NE,"Lincoln, NE",Lincoln
2020-08-01,0.0,NE,"Lincoln, NE",Lincoln
2020-09-01,92400.0,NE,"Lincoln, NE",Lincoln
2020-10-01,89800.0,NE,"Lincoln, NE",Lincoln
2020-11-01,43.44,NE,"Lincoln, NE",Lincoln
2020-12-01,41.78,NE,"Lincoln, NE",Lincoln
2021-01-01,40.04,NE,"Lincoln, NE",Lincoln
2021-02-01,19.87,NE,"Lincoln, NE",Lincoln
2021-03-01,10.46,NE,"Lincoln, NE",Lincoln
2021-04-01,28.51,NE,"Lincoln, NE",Lincoln
2021-05-01,19.16,NE,"Lincoln, NE",Lincoln
2021-06-01,10.8,NE,"Lincoln, NE",Lincoln
2021-07-01,6.88,NE,"Lincoln, NE",Lincoln
2021-08-01,10.46,NE,"Lincoln, NE",Lincoln
2021-09-01,6.16,NE,"Lincoln, NE",Lincoln
2021-10-01,-0.56,NE,"Lincoln, NE",Lincoln
2021-11-01,4.57,NE,"Lincoln, NE",Lincoln
2017-07-01,125.67,IL,"Rockford, IL",Rockford
2017-08-01,-13.22,IL,"Rockford, IL",Rockford
2017-09-01,-15.92,IL,"Rockford, IL",Rockford
2017-10-01,-7.91,IL,"Rockford, IL",Rockford
2017-11-01,-3.97,IL,"Rockford, IL",Rockford
2017-12-01,4.47,IL,"Rockford, IL",Rockford
2018-01-01,0.46,IL,"Rockford, IL",Rockford
2018-02-01,12.64,IL,"Rockford, IL",Rockford
2018-03-01,-3.54,IL,"Rockford, IL",Rockford
2018-04-01,-6.73,IL,"Rockford, IL",Rockford
2018-05-01,0.5,IL,"Rockford, IL",Rockford
2018-06-01,-58.8,IL,"Rockford, IL",Rockford
2018-07-01,7.04,IL,"Rockford, IL",Rockford
2018-08-01,171.84,IL,"Rockford, IL",Rockford
2018-09-01,172.87,IL,"Rockford, IL",Rockford
2018-10-01,172.16,IL,"Rockford, IL",Rockford
2018-11-01,196.24,IL,"Rockford, IL",Rockford
2018-12-01,141.25,IL,"Rockford, IL",Rockford
2019-01-01,161.19,IL,"Rockford, IL",Rockford
2019-02-01,112.24,IL,"Rockford, IL",Rockford
2019-03-01,164.0,IL,"Rockford, IL",Rockford
2019-04-01,154.55,IL,"Rockford, IL",Rockford
2019-05-01,164.85,IL,"Rockford, IL",Rockford
2019-06-01,165.63,IL,"Rockford, IL",Rockford
2019-07-01,0.91,IL,"Rockford, IL",Rockford
2019-08-01,1.59,IL,"Rockford, IL",Rockford
2019-09-01,2.77,IL,"Rockford, IL",Rockford
2019-10-01,2.02,IL,"Rockford, IL",Rockford
2019-11-01,-1.27,IL,"Rockford, IL",Rockford
2019-12-01,8.71,IL,"Rockford, IL",Rockford
2020-01-01,-1.75,IL,"Rockford, IL",Rockford
2020-02-01,9.46,IL,"Rockford, IL",Rockford
2020-03-01,10.61,IL,"Rockford, IL",Rockford
2020-04-01,-15.76,IL,"Rockford, IL",Rockford
2020-05-01,-12.8,IL,"Rockford, IL",Rockford
2020-06-01,10.2,IL,"Rockford, IL",Rockford
2020-07-01,18.66,IL,"Rockford, IL",Rockford
2020-08-01,16.55,IL,"Rockford, IL",Rockford
2020-09-01,23.62,IL,"Rockford, IL",Rockford
2020-10-01,30.2,IL,"Rockford, IL",Rockford
2020-11-01,26.35,IL,"Rockford, IL",Rockford
2020-12-01,22.4,IL,"Rockford, IL",Rockford
2021-01-01,29.0,IL,"Rockford, IL",Rockford
2021-02-01,15.81,IL,"Rockford, IL",Rockford
2021-03-01,-3.65,IL,"Rockford, IL",Rockford
2021-04-01,16.58,IL,"Rockford, IL",Rockford
2021-05-01,11.9,IL,"Rockford, IL",Rockford
2021-06-01,-0.98,IL,"Rockford, IL",Rockford
2021-07-01,-6.68,IL,"Rockford, IL",Rockford
2021-08-01,1.07,IL,"Rockford, IL",Rockford
2021-09-01,-1.73,IL,"Rockford, IL",Rockford
2021-10-01,-3.23,IL,"Rockford, IL",Rockford
2021-11-01,-0.61,IL,"Rockford, IL",Rockford
2017-07-01,0.0,WA,"Kennewick-Richland, WA",Kennewick
2017-08-01,1200.0,WA,"Kennewick-Richland, WA",Kennewick
2017-09-01,1200.0,WA,"Kennewick-Richland, WA",Kennewick
2017-10-01,500.0,WA,"Kennewick-Richland, WA",Kennewick
2017-11-01,1100.0,WA,"Kennewick-Richland, WA",Kennewick
2017-12-01,1200.0,WA,"Kennewick-Richland, WA",Kennewick
2018-01-01,0.0,WA,"Kennewick-Richland, WA",Kennewick
2018-02-01,0.0,WA,"Kennewick-Richland, WA",Kennewick
2018-03-01,0.0,WA,"Kennewick-Richland, WA",Kennewick
2018-04-01,0.0,WA,"Kennewick-Richland, WA",Kennewick
2018-05-01,0.0,WA,"Kennewick-Richland, WA",Kennewick
2018-06-01,200.0,WA,"Kennewick-Richland, WA",Kennewick
2018-07-01,-50.0,WA,"Kennewick-Richland, WA",Kennewick
2018-08-01,-61.54,WA,"Kennewick-Richland, WA",Kennewick
2018-09-01,-92.31,WA,"Kennewick-Richland, WA",Kennewick
2018-10-01,-41.67,WA,"Kennewick-Richland, WA",Kennewick
2018-11-01,8.33,WA,"Kennewick-Richland, WA",Kennewick
2018-12-01,23.08,WA,"Kennewick-Richland, WA",Kennewick
2019-01-01,171.43,WA,"Kennewick-Richland, WA",Kennewick
2019-02-01,1600.0,WA,"Kennewick-Richland, WA",Kennewick
2019-03-01,3366.67,WA,"Kennewick-Richland, WA",Kennewick
2019-04-01,9400.0,WA,"Kennewick-Richland, WA",Kennewick
2019-05-01,10200.0,WA,"Kennewick-Richland, WA",Kennewick
2019-06-01,14933.33,WA,"Kennewick-Richland, WA",Kennewick
2019-07-01,20850.0,WA,"Kennewick-Richland, WA",Kennewick
2019-08-01,8440.0,WA,"Kennewick-Richland, WA",Kennewick
2019-09-01,43000.0,WA,"Kennewick-Richland, WA",Kennewick
2019-10-01,5128.57,WA,"Kennewick-Richland, WA",Kennewick
2019-11-01,2561.54,WA,"Kennewick-Richland, WA",Kennewick
2019-12-01,1550.0,WA,"Kennewick-Richland, WA",Kennewick
2020-01-01,1368.42,WA,"Kennewick-Richland, WA",Kennewick
2020-02-01,549.02,WA,"Kennewick-Richland, WA",Kennewick
2020-03-01,95.19,WA,"Kennewick-Richland, WA",Kennewick
2020-04-01,4.21,WA,"Kennewick-Richland, WA",Kennewick
2020-05-01,7.28,WA,"Kennewick-Richland, WA",Kennewick
2020-06-01,7.76,WA,"Kennewick-Richland, WA",Kennewick
2020-07-01,11.22,WA,"Kennewick-Richland, WA",Kennewick
2020-08-01,19.67,WA,"Kennewick-Richland, WA",Kennewick
2020-09-01,18.79,WA,"Kennewick-Richland, WA",Kennewick
2020-10-01,31.97,WA,"Kennewick-Richland, WA",Kennewick
2020-11-01,31.5,WA,"Kennewick-Richland, WA",Kennewick
2020-12-01,46.59,WA,"Kennewick-Richland, WA",Kennewick
2021-01-01,16.13,WA,"Kennewick-Richland, WA",Kennewick
2021-02-01,18.13,WA,"Kennewick-Richland, WA",Kennewick
2021-03-01,-0.25,WA,"Kennewick-Richland, WA",Kennewick
2021-04-01,8.84,WA,"Kennewick-Richland, WA",Kennewick
2021-05-01,-6.79,WA,"Kennewick-Richland, WA",Kennewick
2021-06-01,-21.19,WA,"Kennewick-Richland, WA",Kennewick
2021-07-01,-19.96,WA,"Kennewick-Richland, WA",Kennewick
2021-08-01,-29.35,WA,"Kennewick-Richland, WA",Kennewick
2021-09-01,-32.03,WA,"Kennewick-Richland, WA",Kennewick
2021-10-01,-30.02,WA,"Kennewick-Richland, WA",Kennewick
2021-11-01,-30.55,WA,"Kennewick-Richland, WA",Kennewick
2017-07-01,5025.0,VA,"Charlottesville, VA",Charlottesville
2017-08-01,9512.5,VA,"Charlottesville, VA",Charlottesville
2017-09-01,7.8,VA,"Charlottesville, VA",Charlottesville
2017-10-01,8.66,VA,"Charlottesville, VA",Charlottesville
2017-11-01,9.28,VA,"Charlottesville, VA",Charlottesville
2017-12-01,13.07,VA,"Charlottesville, VA",Charlottesville
2018-01-01,23.87,VA,"Charlottesville, VA",Charlottesville
2018-02-01,30.32,VA,"Charlottesville, VA",Charlottesville
2018-03-01,18.77,VA,"Charlottesville, VA",Charlottesville
2018-04-01,12.09,VA,"Charlottesville, VA",Charlottesville
2018-05-01,17.05,VA,"Charlottesville, VA",Charlottesville
2018-06-01,9.85,VA,"Charlottesville, VA",Charlottesville
2018-07-01,6.59,VA,"Charlottesville, VA",Charlottesville
2018-08-01,-0.52,VA,"Charlottesville, VA",Charlottesville
2018-09-01,3.89,VA,"Charlottesville, VA",Charlottesville
2018-10-01,-0.28,VA,"Charlottesville, VA",Charlottesville
2018-11-01,1.9,VA,"Charlottesville, VA",Charlottesville
2018-12-01,1.61,VA,"Charlottesville, VA",Charlottesville
2019-01-01,-5.41,VA,"Charlottesville, VA",Charlottesville
2019-02-01,-7.2,VA,"Charlottesville, VA",Charlottesville
2019-03-01,-5.3,VA,"Charlottesville, VA",Charlottesville
2019-04-01,-1.88,VA,"Charlottesville, VA",Charlottesville
2019-05-01,0.0,VA,"Charlottesville, VA",Charlottesville
2019-06-01,5.58,VA,"Charlottesville, VA",Charlottesville
2019-07-01,4.12,VA,"Charlottesville, VA",Charlottesville
2019-08-01,13.59,VA,"Charlottesville, VA",Charlottesville
2019-09-01,10.98,VA,"Charlottesville, VA",Charlottesville
2019-10-01,13.41,VA,"Charlottesville, VA",Charlottesville
2019-11-01,11.49,VA,"Charlottesville, VA",Charlottesville
2019-12-01,1.58,VA,"Charlottesville, VA",Charlottesville
2020-01-01,5.72,VA,"Charlottesville, VA",Charlottesville
2020-02-01,5.68,VA,"Charlottesville, VA",Charlottesville
2020-03-01,-0.45,VA,"Charlottesville, VA",Charlottesville
2020-04-01,-17.88,VA,"Charlottesville, VA",Charlottesville
2020-05-01,-23.62,VA,"Charlottesville, VA",Charlottesville
2020-06-01,-14.43,VA,"Charlottesville, VA",Charlottesville
2020-07-01,-1.43,VA,"Charlottesville, VA",Charlottesville
2020-08-01,2.88,VA,"Charlottesville, VA",Charlottesville
2020-09-01,12.55,VA,"Charlottesville, VA",Charlottesville
2020-10-01,19.75,VA,"Charlottesville, VA",Charlottesville
2020-11-01,14.95,VA,"Charlottesville, VA",Charlottesville
2020-12-01,32.97,VA,"Charlottesville, VA",Charlottesville
2021-01-01,24.84,VA,"Charlottesville, VA",Charlottesville
2021-02-01,19.27,VA,"Charlottesville, VA",Charlottesville
2021-03-01,14.06,VA,"Charlottesville, VA",Charlottesville
2021-04-01,31.78,VA,"Charlottesville, VA",Charlottesville
2021-05-01,37.44,VA,"Charlottesville, VA",Charlottesville
2021-06-01,24.59,VA,"Charlottesville, VA",Charlottesville
2021-07-01,8.81,VA,"Charlottesville, VA",Charlottesville
2021-08-01,-1.68,VA,"Charlottesville, VA",Charlottesville
2021-09-01,-8.25,VA,"Charlottesville, VA",Charlottesville
2021-10-01,-9.14,VA,"Charlottesville, VA",Charlottesville
2021-11-01,-11.1,VA,"Charlottesville, VA",Charlottesville
2017-07-01,-10.37,GA,"Gainesville, GA",Gainesville
2017-08-01,1.78,GA,"Gainesville, GA",Gainesville
2017-09-01,6.13,GA,"Gainesville, GA",Gainesville
2017-10-01,-3.31,GA,"Gainesville, GA",Gainesville
2017-11-01,0.0,GA,"Gainesville, GA",Gainesville
2017-12-01,2.81,GA,"Gainesville, GA",Gainesville
2018-01-01,7.27,GA,"Gainesville, GA",Gainesville
2018-02-01,-10.31,GA,"Gainesville, GA",Gainesville
2018-03-01,5.25,GA,"Gainesville, GA",Gainesville
2018-04-01,122.49,GA,"Gainesville, GA",Gainesville
2018-05-01,96.87,GA,"Gainesville, GA",Gainesville
2018-06-01,94.37,GA,"Gainesville, GA",Gainesville
2018-07-01,89.2,GA,"Gainesville, GA",Gainesville
2018-08-01,66.58,GA,"Gainesville, GA",Gainesville
2018-09-01,75.59,GA,"Gainesville, GA",Gainesville
2018-10-01,67.81,GA,"Gainesville, GA",Gainesville
2018-11-01,89.3,GA,"Gainesville, GA",Gainesville
2018-12-01,50.15,GA,"Gainesville, GA",Gainesville
2019-01-01,73.56,GA,"Gainesville, GA",Gainesville
2019-02-01,94.1,GA,"Gainesville, GA",Gainesville
2019-03-01,78.15,GA,"Gainesville, GA",Gainesville
2019-04-01,-1.58,GA,"Gainesville, GA",Gainesville
2019-05-01,-1.36,GA,"Gainesville, GA",Gainesville
2019-06-01,1.93,GA,"Gainesville, GA",Gainesville
2019-07-01,17.12,GA,"Gainesville, GA",Gainesville
2019-08-01,28.59,GA,"Gainesville, GA",Gainesville
2019-09-01,26.16,GA,"Gainesville, GA",Gainesville
2019-10-01,30.22,GA,"Gainesville, GA",Gainesville
2019-11-01,-0.81,GA,"Gainesville, GA",Gainesville
2019-12-01,0.4,GA,"Gainesville, GA",Gainesville
2020-01-01,-3.52,GA,"Gainesville, GA",Gainesville
2020-02-01,13.76,GA,"Gainesville, GA",Gainesville
2020-03-01,6.4,GA,"Gainesville, GA",Gainesville
2020-04-01,-14.98,GA,"Gainesville, GA",Gainesville
2020-05-01,-7.14,GA,"Gainesville, GA",Gainesville
2020-06-01,16.11,GA,"Gainesville, GA",Gainesville
2020-07-01,13.34,GA,"Gainesville, GA",Gainesville
2020-08-01,19.32,GA,"Gainesville, GA",Gainesville
2020-09-01,20.73,GA,"Gainesville, GA",Gainesville
2020-10-01,31.16,GA,"Gainesville, GA",Gainesville
2020-11-01,60.42,GA,"Gainesville, GA",Gainesville
2020-12-01,74.4,GA,"Gainesville, GA",Gainesville
2021-01-01,54.05,GA,"Gainesville, GA",Gainesville
2021-02-01,29.11,GA,"Gainesville, GA",Gainesville
2021-03-01,13.91,GA,"Gainesville, GA",Gainesville
2021-04-01,26.2,GA,"Gainesville, GA",Gainesville
2021-05-01,5.46,GA,"Gainesville, GA",Gainesville
2021-06-01,-15.0,GA,"Gainesville, GA",Gainesville
2021-07-01,-8.7,GA,"Gainesville, GA",Gainesville
2021-08-01,-18.24,GA,"Gainesville, GA",Gainesville
2021-09-01,-15.11,GA,"Gainesville, GA",Gainesville
2021-10-01,-19.48,GA,"Gainesville, GA",Gainesville
2021-11-01,-23.96,GA,"Gainesville, GA",Gainesville
2017-07-01,-9.7,FL,"Punta Gorda, FL",Punta Gorda
2017-08-01,-11.4,FL,"Punta Gorda, FL",Punta Gorda
2017-09-01,-10.78,FL,"Punta Gorda, FL",Punta Gorda
2017-10-01,-12.7,FL,"Punta Gorda, FL",Punta Gorda
2017-11-01,-2.65,FL,"Punta Gorda, FL",Punta Gorda
2017-12-01,4.75,FL,"Punta Gorda, FL",Punta Gorda
2018-01-01,-8.02,FL,"Punta Gorda, FL",Punta Gorda
2018-02-01,1.32,FL,"Punta Gorda, FL",Punta Gorda
2018-03-01,2.0,FL,"Punta Gorda, FL",Punta Gorda
2018-04-01,0.65,FL,"Punta Gorda, FL",Punta Gorda
2018-05-01,5.29,FL,"Punta Gorda, FL",Punta Gorda
2018-06-01,-3.63,FL,"Punta Gorda, FL",Punta Gorda
2018-07-01,-6.95,FL,"Punta Gorda, FL",Punta Gorda
2018-08-01,-10.3,FL,"Punta Gorda, FL",Punta Gorda
2018-09-01,-6.99,FL,"Punta Gorda, FL",Punta Gorda
2018-10-01,3.43,FL,"Punta Gorda, FL",Punta Gorda
2018-11-01,-8.91,FL,"Punta Gorda, FL",Punta Gorda
2018-12-01,-11.8,FL,"Punta Gorda, FL",Punta Gorda
2019-01-01,-7.45,FL,"Punta Gorda, FL",Punta Gorda
2019-02-01,-11.57,FL,"Punta Gorda, FL",Punta Gorda
2019-03-01,-3.26,FL,"Punta Gorda, FL",Punta Gorda
2019-04-01,6.55,FL,"Punta Gorda, FL",Punta Gorda
2019-05-01,-0.44,FL,"Punta Gorda, FL",Punta Gorda
2019-06-01,2.14,FL,"Punta Gorda, FL",Punta Gorda
2019-07-01,10.85,FL,"Punta Gorda, FL",Punta Gorda
2019-08-01,17.07,FL,"Punta Gorda, FL",Punta Gorda
2019-09-01,11.42,FL,"Punta Gorda, FL",Punta Gorda
2019-10-01,7.58,FL,"Punta Gorda, FL",Punta Gorda
2019-11-01,18.24,FL,"Punta Gorda, FL",Punta Gorda
2019-12-01,14.92,FL,"Punta Gorda, FL",Punta Gorda
2020-01-01,15.75,FL,"Punta Gorda, FL",Punta Gorda
2020-02-01,29.51,FL,"Punta Gorda, FL",Punta Gorda
2020-03-01,20.25,FL,"Punta Gorda, FL",Punta Gorda
2020-04-01,-31.05,FL,"Punta Gorda, FL",Punta Gorda
2020-05-01,-19.65,FL,"Punta Gorda, FL",Punta Gorda
2020-06-01,23.99,FL,"Punta Gorda, FL",Punta Gorda
2020-07-01,42.82,FL,"Punta Gorda, FL",Punta Gorda
2020-08-01,39.74,FL,"Punta Gorda, FL",Punta Gorda
2020-09-01,56.18,FL,"Punta Gorda, FL",Punta Gorda
2020-10-01,68.87,FL,"Punta Gorda, FL",Punta Gorda
2020-11-01,60.59,FL,"Punta Gorda, FL",Punta Gorda
2020-12-01,58.96,FL,"Punta Gorda, FL",Punta Gorda
2021-01-01,54.73,FL,"Punta Gorda, FL",Punta Gorda
2021-02-01,42.68,FL,"Punta Gorda, FL",Punta Gorda
2021-03-01,50.33,FL,"Punta Gorda, FL",Punta Gorda
2021-04-01,119.74,FL,"Punta Gorda, FL",Punta Gorda
2021-05-01,86.48,FL,"Punta Gorda, FL",Punta Gorda
2021-06-01,28.08,FL,"Punta Gorda, FL",Punta Gorda
2021-07-01,6.32,FL,"Punta Gorda, FL",Punta Gorda
2021-08-01,6.65,FL,"Punta Gorda, FL",Punta Gorda
2021-09-01,2.52,FL,"Punta Gorda, FL",Punta Gorda
2021-10-01,1.57,FL,"Punta Gorda, FL",Punta Gorda
2021-11-01,3.67,FL,"Punta Gorda, FL",Punta Gorda
2017-07-01,28.57,CO,"Pueblo, CO",Pueblo
2017-08-01,53.85,CO,"Pueblo, CO",Pueblo
2017-09-01,38.46,CO,"Pueblo, CO",Pueblo
2017-10-01,6.98,CO,"Pueblo, CO",Pueblo
2017-11-01,-23.53,CO,"Pueblo, CO",Pueblo
2017-12-01,28.13,CO,"Pueblo, CO",Pueblo
2018-01-01,-21.43,CO,"Pueblo, CO",Pueblo
2018-02-01,-2.63,CO,"Pueblo, CO",Pueblo
2018-03-01,2.27,CO,"Pueblo, CO",Pueblo
2018-04-01,54.55,CO,"Pueblo, CO",Pueblo
2018-05-01,50.0,CO,"Pueblo, CO",Pueblo
2018-06-01,10.64,CO,"Pueblo, CO",Pueblo
2018-07-01,1.85,CO,"Pueblo, CO",Pueblo
2018-08-01,-6.67,CO,"Pueblo, CO",Pueblo
2018-09-01,9.26,CO,"Pueblo, CO",Pueblo
2018-10-01,34.78,CO,"Pueblo, CO",Pueblo
2018-11-01,41.03,CO,"Pueblo, CO",Pueblo
2018-12-01,7.32,CO,"Pueblo, CO",Pueblo
2019-01-01,27.27,CO,"Pueblo, CO",Pueblo
2019-02-01,37.84,CO,"Pueblo, CO",Pueblo
2019-03-01,17.78,CO,"Pueblo, CO",Pueblo
2019-04-01,-19.12,CO,"Pueblo, CO",Pueblo
2019-05-01,-3.33,CO,"Pueblo, CO",Pueblo
2019-06-01,5.77,CO,"Pueblo, CO",Pueblo
2019-07-01,9.09,CO,"Pueblo, CO",Pueblo
2019-08-01,7.14,CO,"Pueblo, CO",Pueblo
2019-09-01,3.39,CO,"Pueblo, CO",Pueblo
2019-10-01,-9.68,CO,"Pueblo, CO",Pueblo
2019-11-01,7.27,CO,"Pueblo, CO",Pueblo
2019-12-01,2.27,CO,"Pueblo, CO",Pueblo
2020-01-01,273.81,CO,"Pueblo, CO",Pueblo
2020-02-01,252.94,CO,"Pueblo, CO",Pueblo
2020-03-01,284.91,CO,"Pueblo, CO",Pueblo
2020-04-01,223.64,CO,"Pueblo, CO",Pueblo
2020-05-01,236.21,CO,"Pueblo, CO",Pueblo
2020-06-01,307.27,CO,"Pueblo, CO",Pueblo
2020-07-01,293.33,CO,"Pueblo, CO",Pueblo
2020-08-01,291.67,CO,"Pueblo, CO",Pueblo
2020-09-01,252.46,CO,"Pueblo, CO",Pueblo
2020-10-01,287.5,CO,"Pueblo, CO",Pueblo
2020-11-01,257.63,CO,"Pueblo, CO",Pueblo
2020-12-01,351.11,CO,"Pueblo, CO",Pueblo
2021-01-01,9.55,CO,"Pueblo, CO",Pueblo
2021-02-01,-5.0,CO,"Pueblo, CO",Pueblo
2021-03-01,-19.12,CO,"Pueblo, CO",Pueblo
2021-04-01,-30.9,CO,"Pueblo, CO",Pueblo
2021-05-01,-51.79,CO,"Pueblo, CO",Pueblo
2021-06-01,-59.38,CO,"Pueblo, CO",Pueblo
2021-07-01,-63.56,CO,"Pueblo, CO",Pueblo
2021-08-01,-62.13,CO,"Pueblo, CO",Pueblo
2021-09-01,-24.65,CO,"Pueblo, CO",Pueblo
2021-10-01,-14.75,CO,"Pueblo, CO",Pueblo
2021-11-01,-15.64,CO,"Pueblo, CO",Pueblo
2017-07-01,2.38,WV,"Morgantown, WV",Morgantown
2017-08-01,12.82,WV,"Morgantown, WV",Morgantown
2017-09-01,57.69,WV,"Morgantown, WV",Morgantown
2017-10-01,77.27,WV,"Morgantown, WV",Morgantown
2017-11-01,46.43,WV,"Morgantown, WV",Morgantown
2017-12-01,53.85,WV,"Morgantown, WV",Morgantown
2018-01-01,0.0,WV,"Morgantown, WV",Morgantown
2018-02-01,165.79,WV,"Morgantown, WV",Morgantown
2018-03-01,505.88,WV,"Morgantown, WV",Morgantown
2018-04-01,510.26,WV,"Morgantown, WV",Morgantown
2018-05-01,460.47,WV,"Morgantown, WV",Morgantown
2018-06-01,406.67,WV,"Morgantown, WV",Morgantown
2018-07-01,348.84,WV,"Morgantown, WV",Morgantown
2018-08-01,313.64,WV,"Morgantown, WV",Morgantown
2018-09-01,326.83,WV,"Morgantown, WV",Morgantown
2018-10-01,297.44,WV,"Morgantown, WV",Morgantown
2018-11-01,270.73,WV,"Morgantown, WV",Morgantown
2018-12-01,265.0,WV,"Morgantown, WV",Morgantown
2019-01-01,380.65,WV,"Morgantown, WV",Morgantown
2019-02-01,72.28,WV,"Morgantown, WV",Morgantown
2019-03-01,5.34,WV,"Morgantown, WV",Morgantown
2019-04-01,5.88,WV,"Morgantown, WV",Morgantown
2019-05-01,13.28,WV,"Morgantown, WV",Morgantown
2019-06-01,18.42,WV,"Morgantown, WV",Morgantown
2019-07-01,17.1,WV,"Morgantown, WV",Morgantown
2019-08-01,8.24,WV,"Morgantown, WV",Morgantown
2019-09-01,2.29,WV,"Morgantown, WV",Morgantown
2019-10-01,14.84,WV,"Morgantown, WV",Morgantown
2019-11-01,9.21,WV,"Morgantown, WV",Morgantown
2019-12-01,-18.49,WV,"Morgantown, WV",Morgantown
2020-01-01,-20.81,WV,"Morgantown, WV",Morgantown
2020-02-01,-1.15,WV,"Morgantown, WV",Morgantown
2020-03-01,2.76,WV,"Morgantown, WV",Morgantown
2020-04-01,-19.05,WV,"Morgantown, WV",Morgantown
2020-05-01,-17.95,WV,"Morgantown, WV",Morgantown
2020-06-01,1.85,WV,"Morgantown, WV",Morgantown
2020-07-01,19.91,WV,"Morgantown, WV",Morgantown
2020-08-01,29.44,WV,"Morgantown, WV",Morgantown
2020-09-01,50.84,WV,"Morgantown, WV",Morgantown
2020-10-01,35.96,WV,"Morgantown, WV",Morgantown
2020-11-01,34.94,WV,"Morgantown, WV",Morgantown
2020-12-01,74.79,WV,"Morgantown, WV",Morgantown
2021-01-01,68.64,WV,"Morgantown, WV",Morgantown
2021-02-01,40.7,WV,"Morgantown, WV",Morgantown
2021-03-01,33.63,WV,"Morgantown, WV",Morgantown
2021-04-01,72.06,WV,"Morgantown, WV",Morgantown
2021-05-01,57.14,WV,"Morgantown, WV",Morgantown
2021-06-01,20.73,WV,"Morgantown, WV",Morgantown
2021-07-01,20.66,WV,"Morgantown, WV",Morgantown
2021-08-01,20.0,WV,"Morgantown, WV",Morgantown
2021-09-01,5.19,WV,"Morgantown, WV",Morgantown
2021-10-01,9.09,WV,"Morgantown, WV",Morgantown
2021-11-01,12.5,WV,"Morgantown, WV",Morgantown
2017-07-01,-15.57,CA,"Napa, CA",Napa
2017-08-01,-32.85,CA,"Napa, CA",Napa
2017-09-01,-15.44,CA,"Napa, CA",Napa
2017-10-01,-5.88,CA,"Napa, CA",Napa
2017-11-01,-11.65,CA,"Napa, CA",Napa
2017-12-01,-17.98,CA,"Napa, CA",Napa
2018-01-01,-30.38,CA,"Napa, CA",Napa
2018-02-01,-21.95,CA,"Napa, CA",Napa
2018-03-01,-15.96,CA,"Napa, CA",Napa
2018-04-01,-24.56,CA,"Napa, CA",Napa
2018-05-01,-33.61,CA,"Napa, CA",Napa
2018-06-01,-13.04,CA,"Napa, CA",Napa
2018-07-01,-10.68,CA,"Napa, CA",Napa
2018-08-01,3.26,CA,"Napa, CA",Napa
2018-09-01,-20.0,CA,"Napa, CA",Napa
2018-10-01,-25.89,CA,"Napa, CA",Napa
2018-11-01,-7.69,CA,"Napa, CA",Napa
2018-12-01,-21.92,CA,"Napa, CA",Napa
2019-01-01,7.27,CA,"Napa, CA",Napa
2019-02-01,1.56,CA,"Napa, CA",Napa
2019-03-01,-3.8,CA,"Napa, CA",Napa
2019-04-01,10.47,CA,"Napa, CA",Napa
2019-05-01,45.57,CA,"Napa, CA",Napa
2019-06-01,4.0,CA,"Napa, CA",Napa
2019-07-01,17.39,CA,"Napa, CA",Napa
2019-08-01,29.47,CA,"Napa, CA",Napa
2019-09-01,75.0,CA,"Napa, CA",Napa
2019-10-01,60.24,CA,"Napa, CA",Napa
2019-11-01,39.29,CA,"Napa, CA",Napa
2019-12-01,61.4,CA,"Napa, CA",Napa
2020-01-01,5.08,CA,"Napa, CA",Napa
2020-02-01,18.46,CA,"Napa, CA",Napa
2020-03-01,42.11,CA,"Napa, CA",Napa
2020-04-01,-23.16,CA,"Napa, CA",Napa
2020-05-01,-24.35,CA,"Napa, CA",Napa
2020-06-01,56.73,CA,"Napa, CA",Napa
2020-07-01,72.22,CA,"Napa, CA",Napa
2020-08-01,60.98,CA,"Napa, CA",Napa
2020-09-01,13.04,CA,"Napa, CA",Napa
2020-10-01,14.29,CA,"Napa, CA",Napa
2020-11-01,18.8,CA,"Napa, CA",Napa
2020-12-01,46.74,CA,"Napa, CA",Napa
2021-01-01,48.39,CA,"Napa, CA",Napa
2021-02-01,41.56,CA,"Napa, CA",Napa
2021-03-01,25.0,CA,"Napa, CA",Napa
2021-04-01,87.67,CA,"Napa, CA",Napa
2021-05-01,80.46,CA,"Napa, CA",Napa
2021-06-01,-7.98,CA,"Napa, CA",Napa
2021-07-01,-25.27,CA,"Napa, CA",Napa
2021-08-01,-20.2,CA,"Napa, CA",Napa
2021-09-01,-23.63,CA,"Napa, CA",Napa
2021-10-01,-1.32,CA,"Napa, CA",Napa
2021-11-01,12.23,CA,"Napa, CA",Napa
2017-07-01,0.0,ID,"Lewiston, ID-WA",Lewiston
2017-08-01,0.0,ID,"Lewiston, ID-WA",Lewiston
2017-09-01,0.0,ID,"Lewiston, ID-WA",Lewiston
2017-10-01,0.0,ID,"Lewiston, ID-WA",Lewiston
2017-11-01,100.0,ID,"Lewiston, ID-WA",Lewiston
2017-12-01,0.0,ID,"Lewiston, ID-WA",Lewiston
2018-01-01,0.0,ID,"Lewiston, ID-WA",Lewiston
2018-02-01,0.0,ID,"Lewiston, ID-WA",Lewiston
2018-03-01,0.0,ID,"Lewiston, ID-WA",Lewiston
2018-04-01,0.0,ID,"Lewiston, ID-WA",Lewiston
2018-05-01,0.0,ID,"Lewiston, ID-WA",Lewiston
2018-06-01,50.0,ID,"Lewiston, ID-WA",Lewiston
2018-07-01,0.0,ID,"Lewiston, ID-WA",Lewiston
2018-08-01,-66.67,ID,"Lewiston, ID-WA",Lewiston
2018-09-01,-66.67,ID,"Lewiston, ID-WA",Lewiston
2018-10-01,0.0,ID,"Lewiston, ID-WA",Lewiston
2018-11-01,0.0,ID,"Lewiston, ID-WA",Lewiston
2018-12-01,-50.0,ID,"Lewiston, ID-WA",Lewiston
2019-01-01,-75.0,ID,"Lewiston, ID-WA",Lewiston
2019-02-01,-50.0,ID,"Lewiston, ID-WA",Lewiston
2019-03-01,1800.0,ID,"Lewiston, ID-WA",Lewiston
2019-04-01,8600.0,ID,"Lewiston, ID-WA",Lewiston
2019-05-01,7800.0,ID,"Lewiston, ID-WA",Lewiston
2019-06-01,1000.0,ID,"Lewiston, ID-WA",Lewiston
2019-07-01,1000.0,ID,"Lewiston, ID-WA",Lewiston
2019-08-01,1800.0,ID,"Lewiston, ID-WA",Lewiston
2019-09-01,1300.0,ID,"Lewiston, ID-WA",Lewiston
2019-10-01,500.0,ID,"Lewiston, ID-WA",Lewiston
2019-11-01,0.0,ID,"Lewiston, ID-WA",Lewiston
2019-12-01,500.0,ID,"Lewiston, ID-WA",Lewiston
2020-01-01,1200.0,ID,"Lewiston, ID-WA",Lewiston
2020-02-01,300.0,ID,"Lewiston, ID-WA",Lewiston
2020-03-01,-76.32,ID,"Lewiston, ID-WA",Lewiston
2020-04-01,-83.91,ID,"Lewiston, ID-WA",Lewiston
2020-05-01,68.35,ID,"Lewiston, ID-WA",Lewiston
2020-06-01,406.06,ID,"Lewiston, ID-WA",Lewiston
2020-07-01,595.45,ID,"Lewiston, ID-WA",Lewiston
2020-08-01,700.0,ID,"Lewiston, ID-WA",Lewiston
2020-09-01,921.43,ID,"Lewiston, ID-WA",Lewiston
2020-10-01,2050.0,ID,"Lewiston, ID-WA",Lewiston
2020-11-01,2066.67,ID,"Lewiston, ID-WA",Lewiston
2020-12-01,783.33,ID,"Lewiston, ID-WA",Lewiston
2021-01-01,630.77,ID,"Lewiston, ID-WA",Lewiston
2021-02-01,1275.0,ID,"Lewiston, ID-WA",Lewiston
2021-03-01,1066.67,ID,"Lewiston, ID-WA",Lewiston
2021-04-01,650.0,ID,"Lewiston, ID-WA",Lewiston
2021-05-01,-5.26,ID,"Lewiston, ID-WA",Lewiston
2021-06-01,-25.75,ID,"Lewiston, ID-WA",Lewiston
2021-07-01,-26.8,ID,"Lewiston, ID-WA",Lewiston
2021-08-01,-19.08,ID,"Lewiston, ID-WA",Lewiston
2021-09-01,-9.09,ID,"Lewiston, ID-WA",Lewiston
2021-10-01,-2.33,ID,"Lewiston, ID-WA",Lewiston
2021-11-01,-8.46,ID,"Lewiston, ID-WA",Lewiston
