date,Housing Inventory: Price Increased Count Month-Over-Month,state,msa,city
2017-07-01,-2.54,NY,"New York-Newark-Jersey City, NY-NJ-PA",New York
2017-08-01,8.7,NY,"New York-Newark-Jersey City, NY-NJ-PA",New York
2017-09-01,-15.2,NY,"New York-Newark-Jersey City, NY-NJ-PA",New York
2017-10-01,-10.85,NY,"New York-Newark-Jersey City, NY-NJ-PA",New York
2017-11-01,-7.94,NY,"New York-Newark-Jersey City, NY-NJ-PA",New York
2017-12-01,-17.82,NY,"New York-Newark-Jersey City, NY-NJ-PA",New York
2018-01-01,7.69,NY,"New York-Newark-Jersey City, NY-NJ-PA",New York
2018-02-01,23.38,NY,"New York-Newark-Jersey City, NY-NJ-PA",New York
2018-03-01,9.47,NY,"New York-Newark-Jersey City, NY-NJ-PA",New York
2018-04-01,4.33,NY,"New York-Newark-Jersey City, NY-NJ-PA",New York
2018-05-01,1.84,NY,"New York-Newark-Jersey City, NY-NJ-PA",New York
2018-06-01,-2.26,NY,"New York-Newark-Jersey City, NY-NJ-PA",New York
2018-07-01,-6.94,NY,"New York-Newark-Jersey City, NY-NJ-PA",New York
2018-08-01,0.0,NY,"New York-Newark-Jersey City, NY-NJ-PA",New York
2018-09-01,3.48,NY,"New York-Newark-Jersey City, NY-NJ-PA",New York
2018-10-01,-10.1,NY,"New York-Newark-Jersey City, NY-NJ-PA",New York
2018-11-01,-11.76,NY,"New York-Newark-Jersey City, NY-NJ-PA",New York
2018-12-01,-12.73,NY,"New York-Newark-Jersey City, NY-NJ-PA",New York
2019-01-01,8.33,NY,"New York-Newark-Jersey City, NY-NJ-PA",New York
2019-02-01,-5.77,NY,"New York-Newark-Jersey City, NY-NJ-PA",New York
2019-03-01,6.12,NY,"New York-Newark-Jersey City, NY-NJ-PA",New York
2019-04-01,17.31,NY,"New York-Newark-Jersey City, NY-NJ-PA",New York
2019-05-01,-2.73,NY,"New York-Newark-Jersey City, NY-NJ-PA",New York
2019-06-01,5.62,NY,"New York-Newark-Jersey City, NY-NJ-PA",New York
2019-07-01,-3.19,NY,"New York-Newark-Jersey City, NY-NJ-PA",New York
2019-08-01,157.14,NY,"New York-Newark-Jersey City, NY-NJ-PA",New York
2019-09-01,55.98,NY,"New York-Newark-Jersey City, NY-NJ-PA",New York
2019-10-01,-78.49,NY,"New York-Newark-Jersey City, NY-NJ-PA",New York
2019-11-01,-0.64,NY,"New York-Newark-Jersey City, NY-NJ-PA",New York
2019-12-01,-32.05,NY,"New York-Newark-Jersey City, NY-NJ-PA",New York
2020-01-01,65.09,NY,"New York-Newark-Jersey City, NY-NJ-PA",New York
2020-02-01,-13.71,NY,"New York-Newark-Jersey City, NY-NJ-PA",New York
2020-03-01,-20.53,NY,"New York-Newark-Jersey City, NY-NJ-PA",New York
2020-04-01,-38.33,NY,"New York-Newark-Jersey City, NY-NJ-PA",New York
2020-05-01,112.16,NY,"New York-Newark-Jersey City, NY-NJ-PA",New York
2020-06-01,53.5,NY,"New York-Newark-Jersey City, NY-NJ-PA",New York
2020-07-01,9.13,NY,"New York-Newark-Jersey City, NY-NJ-PA",New York
2020-08-01,-1.14,NY,"New York-Newark-Jersey City, NY-NJ-PA",New York
2020-09-01,9.23,NY,"New York-Newark-Jersey City, NY-NJ-PA",New York
2020-10-01,-20.07,NY,"New York-Newark-Jersey City, NY-NJ-PA",New York
2020-11-01,-13.66,NY,"New York-Newark-Jersey City, NY-NJ-PA",New York
2020-12-01,-7.14,NY,"New York-Newark-Jersey City, NY-NJ-PA",New York
2021-01-01,25.27,NY,"New York-Newark-Jersey City, NY-NJ-PA",New York
2021-02-01,-18.42,NY,"New York-Newark-Jersey City, NY-NJ-PA",New York
2021-03-01,22.04,NY,"New York-Newark-Jersey City, NY-NJ-PA",New York
2021-04-01,11.01,NY,"New York-Newark-Jersey City, NY-NJ-PA",New York
2021-05-01,-1.59,NY,"New York-Newark-Jersey City, NY-NJ-PA",New York
2021-06-01,2.42,NY,"New York-Newark-Jersey City, NY-NJ-PA",New York
2021-07-01,-5.12,NY,"New York-Newark-Jersey City, NY-NJ-PA",New York
2021-08-01,-8.3,NY,"New York-Newark-Jersey City, NY-NJ-PA",New York
2021-09-01,-1.36,NY,"New York-Newark-Jersey City, NY-NJ-PA",New York
2021-10-01,-3.21,NY,"New York-Newark-Jersey City, NY-NJ-PA",New York
2021-11-01,10.9,NY,"New York-Newark-Jersey City, NY-NJ-PA",New York
2017-07-01,-0.44,IL,"Chicago-Naperville-Elgin, IL-IN-WI",Chicago
2017-08-01,-25.11,IL,"Chicago-Naperville-Elgin, IL-IN-WI",Chicago
2017-09-01,-9.61,IL,"Chicago-Naperville-Elgin, IL-IN-WI",Chicago
2017-10-01,-15.18,IL,"Chicago-Naperville-Elgin, IL-IN-WI",Chicago
2017-11-01,-4.35,IL,"Chicago-Naperville-Elgin, IL-IN-WI",Chicago
2017-12-01,-10.16,IL,"Chicago-Naperville-Elgin, IL-IN-WI",Chicago
2018-01-01,-20.54,IL,"Chicago-Naperville-Elgin, IL-IN-WI",Chicago
2018-02-01,6.37,IL,"Chicago-Naperville-Elgin, IL-IN-WI",Chicago
2018-03-01,47.54,IL,"Chicago-Naperville-Elgin, IL-IN-WI",Chicago
2018-04-01,40.81,IL,"Chicago-Naperville-Elgin, IL-IN-WI",Chicago
2018-05-01,8.81,IL,"Chicago-Naperville-Elgin, IL-IN-WI",Chicago
2018-06-01,11.53,IL,"Chicago-Naperville-Elgin, IL-IN-WI",Chicago
2018-07-01,-14.11,IL,"Chicago-Naperville-Elgin, IL-IN-WI",Chicago
2018-08-01,-16.75,IL,"Chicago-Naperville-Elgin, IL-IN-WI",Chicago
2018-09-01,-15.63,IL,"Chicago-Naperville-Elgin, IL-IN-WI",Chicago
2018-10-01,-13.43,IL,"Chicago-Naperville-Elgin, IL-IN-WI",Chicago
2018-11-01,-16.58,IL,"Chicago-Naperville-Elgin, IL-IN-WI",Chicago
2018-12-01,-5.77,IL,"Chicago-Naperville-Elgin, IL-IN-WI",Chicago
2019-01-01,-17.35,IL,"Chicago-Naperville-Elgin, IL-IN-WI",Chicago
2019-02-01,5.76,IL,"Chicago-Naperville-Elgin, IL-IN-WI",Chicago
2019-03-01,-23.74,IL,"Chicago-Naperville-Elgin, IL-IN-WI",Chicago
2019-04-01,-56.63,IL,"Chicago-Naperville-Elgin, IL-IN-WI",Chicago
2019-05-01,-1.18,IL,"Chicago-Naperville-Elgin, IL-IN-WI",Chicago
2019-06-01,-9.52,IL,"Chicago-Naperville-Elgin, IL-IN-WI",Chicago
2019-07-01,3.95,IL,"Chicago-Naperville-Elgin, IL-IN-WI",Chicago
2019-08-01,393.67,IL,"Chicago-Naperville-Elgin, IL-IN-WI",Chicago
2019-09-01,40.26,IL,"Chicago-Naperville-Elgin, IL-IN-WI",Chicago
2019-10-01,-89.4,IL,"Chicago-Naperville-Elgin, IL-IN-WI",Chicago
2019-11-01,25.86,IL,"Chicago-Naperville-Elgin, IL-IN-WI",Chicago
2019-12-01,-23.29,IL,"Chicago-Naperville-Elgin, IL-IN-WI",Chicago
2020-01-01,26.79,IL,"Chicago-Naperville-Elgin, IL-IN-WI",Chicago
2020-02-01,7.04,IL,"Chicago-Naperville-Elgin, IL-IN-WI",Chicago
2020-03-01,9.21,IL,"Chicago-Naperville-Elgin, IL-IN-WI",Chicago
2020-04-01,-30.12,IL,"Chicago-Naperville-Elgin, IL-IN-WI",Chicago
2020-05-01,5.17,IL,"Chicago-Naperville-Elgin, IL-IN-WI",Chicago
2020-06-01,45.9,IL,"Chicago-Naperville-Elgin, IL-IN-WI",Chicago
2020-07-01,26.97,IL,"Chicago-Naperville-Elgin, IL-IN-WI",Chicago
2020-08-01,30.97,IL,"Chicago-Naperville-Elgin, IL-IN-WI",Chicago
2020-09-01,-11.49,IL,"Chicago-Naperville-Elgin, IL-IN-WI",Chicago
2020-10-01,6.11,IL,"Chicago-Naperville-Elgin, IL-IN-WI",Chicago
2020-11-01,-29.5,IL,"Chicago-Naperville-Elgin, IL-IN-WI",Chicago
2020-12-01,0.0,IL,"Chicago-Naperville-Elgin, IL-IN-WI",Chicago
2021-01-01,76.53,IL,"Chicago-Naperville-Elgin, IL-IN-WI",Chicago
2021-02-01,0.0,IL,"Chicago-Naperville-Elgin, IL-IN-WI",Chicago
2021-03-01,-9.25,IL,"Chicago-Naperville-Elgin, IL-IN-WI",Chicago
2021-04-01,-21.66,IL,"Chicago-Naperville-Elgin, IL-IN-WI",Chicago
2021-05-01,28.46,IL,"Chicago-Naperville-Elgin, IL-IN-WI",Chicago
2021-06-01,-29.75,IL,"Chicago-Naperville-Elgin, IL-IN-WI",Chicago
2021-07-01,-33.33,IL,"Chicago-Naperville-Elgin, IL-IN-WI",Chicago
2021-08-01,-24.32,IL,"Chicago-Naperville-Elgin, IL-IN-WI",Chicago
2021-09-01,3.57,IL,"Chicago-Naperville-Elgin, IL-IN-WI",Chicago
2021-10-01,5.17,IL,"Chicago-Naperville-Elgin, IL-IN-WI",Chicago
2021-11-01,22.95,IL,"Chicago-Naperville-Elgin, IL-IN-WI",Chicago
2017-07-01,8.43,TX,"Dallas-Fort Worth-Arlington, TX",Dallas
2017-08-01,-5.77,TX,"Dallas-Fort Worth-Arlington, TX",Dallas
2017-09-01,-17.5,TX,"Dallas-Fort Worth-Arlington, TX",Dallas
2017-10-01,-11.36,TX,"Dallas-Fort Worth-Arlington, TX",Dallas
2017-11-01,-12.14,TX,"Dallas-Fort Worth-Arlington, TX",Dallas
2017-12-01,9.73,TX,"Dallas-Fort Worth-Arlington, TX",Dallas
2018-01-01,-27.13,TX,"Dallas-Fort Worth-Arlington, TX",Dallas
2018-02-01,22.38,TX,"Dallas-Fort Worth-Arlington, TX",Dallas
2018-03-01,20.28,TX,"Dallas-Fort Worth-Arlington, TX",Dallas
2018-04-01,4.13,TX,"Dallas-Fort Worth-Arlington, TX",Dallas
2018-05-01,-63.65,TX,"Dallas-Fort Worth-Arlington, TX",Dallas
2018-06-01,17.47,TX,"Dallas-Fort Worth-Arlington, TX",Dallas
2018-07-01,14.87,TX,"Dallas-Fort Worth-Arlington, TX",Dallas
2018-08-01,104.85,TX,"Dallas-Fort Worth-Arlington, TX",Dallas
2018-09-01,-15.8,TX,"Dallas-Fort Worth-Arlington, TX",Dallas
2018-10-01,-11.82,TX,"Dallas-Fort Worth-Arlington, TX",Dallas
2018-11-01,-10.85,TX,"Dallas-Fort Worth-Arlington, TX",Dallas
2018-12-01,1.67,TX,"Dallas-Fort Worth-Arlington, TX",Dallas
2019-01-01,-22.77,TX,"Dallas-Fort Worth-Arlington, TX",Dallas
2019-02-01,17.63,TX,"Dallas-Fort Worth-Arlington, TX",Dallas
2019-03-01,-10.59,TX,"Dallas-Fort Worth-Arlington, TX",Dallas
2019-04-01,-18.21,TX,"Dallas-Fort Worth-Arlington, TX",Dallas
2019-05-01,-20.49,TX,"Dallas-Fort Worth-Arlington, TX",Dallas
2019-06-01,-15.11,TX,"Dallas-Fort Worth-Arlington, TX",Dallas
2019-07-01,-1.05,TX,"Dallas-Fort Worth-Arlington, TX",Dallas
2019-08-01,91.53,TX,"Dallas-Fort Worth-Arlington, TX",Dallas
2019-09-01,42.54,TX,"Dallas-Fort Worth-Arlington, TX",Dallas
2019-10-01,-65.12,TX,"Dallas-Fort Worth-Arlington, TX",Dallas
2019-11-01,-21.11,TX,"Dallas-Fort Worth-Arlington, TX",Dallas
2019-12-01,19.72,TX,"Dallas-Fort Worth-Arlington, TX",Dallas
2020-01-01,5.88,TX,"Dallas-Fort Worth-Arlington, TX",Dallas
2020-02-01,55.56,TX,"Dallas-Fort Worth-Arlington, TX",Dallas
2020-03-01,-21.79,TX,"Dallas-Fort Worth-Arlington, TX",Dallas
2020-04-01,-29.22,TX,"Dallas-Fort Worth-Arlington, TX",Dallas
2020-05-01,3.87,TX,"Dallas-Fort Worth-Arlington, TX",Dallas
2020-06-01,11.18,TX,"Dallas-Fort Worth-Arlington, TX",Dallas
2020-07-01,27.93,TX,"Dallas-Fort Worth-Arlington, TX",Dallas
2020-08-01,24.45,TX,"Dallas-Fort Worth-Arlington, TX",Dallas
2020-09-01,0.35,TX,"Dallas-Fort Worth-Arlington, TX",Dallas
2020-10-01,-22.03,TX,"Dallas-Fort Worth-Arlington, TX",Dallas
2020-11-01,-4.93,TX,"Dallas-Fort Worth-Arlington, TX",Dallas
2020-12-01,10.85,TX,"Dallas-Fort Worth-Arlington, TX",Dallas
2021-01-01,78.72,TX,"Dallas-Fort Worth-Arlington, TX",Dallas
2021-02-01,-36.19,TX,"Dallas-Fort Worth-Arlington, TX",Dallas
2021-03-01,-6.34,TX,"Dallas-Fort Worth-Arlington, TX",Dallas
2021-04-01,-12.35,TX,"Dallas-Fort Worth-Arlington, TX",Dallas
2021-05-01,-16.36,TX,"Dallas-Fort Worth-Arlington, TX",Dallas
2021-06-01,-4.35,TX,"Dallas-Fort Worth-Arlington, TX",Dallas
2021-07-01,-28.98,TX,"Dallas-Fort Worth-Arlington, TX",Dallas
2021-08-01,-1.6,TX,"Dallas-Fort Worth-Arlington, TX",Dallas
2021-09-01,-4.88,TX,"Dallas-Fort Worth-Arlington, TX",Dallas
2021-10-01,39.32,TX,"Dallas-Fort Worth-Arlington, TX",Dallas
2021-11-01,-3.07,TX,"Dallas-Fort Worth-Arlington, TX",Dallas
2017-07-01,0.43,TX,"Houston-The Woodlands-Sugar Land, TX",Houston
2017-08-01,-10.59,TX,"Houston-The Woodlands-Sugar Land, TX",Houston
2017-09-01,19.19,TX,"Houston-The Woodlands-Sugar Land, TX",Houston
2017-10-01,-2.39,TX,"Houston-The Woodlands-Sugar Land, TX",Houston
2017-11-01,-14.05,TX,"Houston-The Woodlands-Sugar Land, TX",Houston
2017-12-01,-3.55,TX,"Houston-The Woodlands-Sugar Land, TX",Houston
2018-01-01,-18.67,TX,"Houston-The Woodlands-Sugar Land, TX",Houston
2018-02-01,32.33,TX,"Houston-The Woodlands-Sugar Land, TX",Houston
2018-03-01,-4.79,TX,"Houston-The Woodlands-Sugar Land, TX",Houston
2018-04-01,24.94,TX,"Houston-The Woodlands-Sugar Land, TX",Houston
2018-05-01,3.45,TX,"Houston-The Woodlands-Sugar Land, TX",Houston
2018-06-01,10.02,TX,"Houston-The Woodlands-Sugar Land, TX",Houston
2018-07-01,-5.4,TX,"Houston-The Woodlands-Sugar Land, TX",Houston
2018-08-01,-10.87,TX,"Houston-The Woodlands-Sugar Land, TX",Houston
2018-09-01,-12.0,TX,"Houston-The Woodlands-Sugar Land, TX",Houston
2018-10-01,-8.86,TX,"Houston-The Woodlands-Sugar Land, TX",Houston
2018-11-01,-1.75,TX,"Houston-The Woodlands-Sugar Land, TX",Houston
2018-12-01,43.4,TX,"Houston-The Woodlands-Sugar Land, TX",Houston
2019-01-01,-24.78,TX,"Houston-The Woodlands-Sugar Land, TX",Houston
2019-02-01,-3.29,TX,"Houston-The Woodlands-Sugar Land, TX",Houston
2019-03-01,-20.68,TX,"Houston-The Woodlands-Sugar Land, TX",Houston
2019-04-01,-14.72,TX,"Houston-The Woodlands-Sugar Land, TX",Houston
2019-05-01,11.51,TX,"Houston-The Woodlands-Sugar Land, TX",Houston
2019-06-01,-26.45,TX,"Houston-The Woodlands-Sugar Land, TX",Houston
2019-07-01,16.23,TX,"Houston-The Woodlands-Sugar Land, TX",Houston
2019-08-01,37.36,TX,"Houston-The Woodlands-Sugar Land, TX",Houston
2019-09-01,49.73,TX,"Houston-The Woodlands-Sugar Land, TX",Houston
2019-10-01,-52.66,TX,"Houston-The Woodlands-Sugar Land, TX",Houston
2019-11-01,-25.97,TX,"Houston-The Woodlands-Sugar Land, TX",Houston
2019-12-01,9.42,TX,"Houston-The Woodlands-Sugar Land, TX",Houston
2020-01-01,11.48,TX,"Houston-The Woodlands-Sugar Land, TX",Houston
2020-02-01,17.6,TX,"Houston-The Woodlands-Sugar Land, TX",Houston
2020-03-01,-2.92,TX,"Houston-The Woodlands-Sugar Land, TX",Houston
2020-04-01,-40.98,TX,"Houston-The Woodlands-Sugar Land, TX",Houston
2020-05-01,43.95,TX,"Houston-The Woodlands-Sugar Land, TX",Houston
2020-06-01,34.51,TX,"Houston-The Woodlands-Sugar Land, TX",Houston
2020-07-01,-18.42,TX,"Houston-The Woodlands-Sugar Land, TX",Houston
2020-08-01,89.92,TX,"Houston-The Woodlands-Sugar Land, TX",Houston
2020-09-01,1.49,TX,"Houston-The Woodlands-Sugar Land, TX",Houston
2020-10-01,-21.55,TX,"Houston-The Woodlands-Sugar Land, TX",Houston
2020-11-01,-38.13,TX,"Houston-The Woodlands-Sugar Land, TX",Houston
2020-12-01,16.81,TX,"Houston-The Woodlands-Sugar Land, TX",Houston
2021-01-01,107.38,TX,"Houston-The Woodlands-Sugar Land, TX",Houston
2021-02-01,-11.92,TX,"Houston-The Woodlands-Sugar Land, TX",Houston
2021-03-01,21.82,TX,"Houston-The Woodlands-Sugar Land, TX",Houston
2021-04-01,-15.92,TX,"Houston-The Woodlands-Sugar Land, TX",Houston
2021-05-01,5.33,TX,"Houston-The Woodlands-Sugar Land, TX",Houston
2021-06-01,-18.35,TX,"Houston-The Woodlands-Sugar Land, TX",Houston
2021-07-01,-48.39,TX,"Houston-The Woodlands-Sugar Land, TX",Houston
2021-08-01,0.44,TX,"Houston-The Woodlands-Sugar Land, TX",Houston
2021-09-01,17.26,TX,"Houston-The Woodlands-Sugar Land, TX",Houston
2021-10-01,-10.57,TX,"Houston-The Woodlands-Sugar Land, TX",Houston
2021-11-01,29.11,TX,"Houston-The Woodlands-Sugar Land, TX",Houston
2017-07-01,11.67,MI,"Detroit-Warren-Dearborn, MI",Detroit
2017-08-01,4.48,MI,"Detroit-Warren-Dearborn, MI",Detroit
2017-09-01,-1.43,MI,"Detroit-Warren-Dearborn, MI",Detroit
2017-10-01,0.0,MI,"Detroit-Warren-Dearborn, MI",Detroit
2017-11-01,-17.39,MI,"Detroit-Warren-Dearborn, MI",Detroit
2017-12-01,-14.04,MI,"Detroit-Warren-Dearborn, MI",Detroit
2018-01-01,57.14,MI,"Detroit-Warren-Dearborn, MI",Detroit
2018-02-01,2.6,MI,"Detroit-Warren-Dearborn, MI",Detroit
2018-03-01,8.86,MI,"Detroit-Warren-Dearborn, MI",Detroit
2018-04-01,-9.3,MI,"Detroit-Warren-Dearborn, MI",Detroit
2018-05-01,-2.56,MI,"Detroit-Warren-Dearborn, MI",Detroit
2018-06-01,-14.47,MI,"Detroit-Warren-Dearborn, MI",Detroit
2018-07-01,-6.15,MI,"Detroit-Warren-Dearborn, MI",Detroit
2018-08-01,32.79,MI,"Detroit-Warren-Dearborn, MI",Detroit
2018-09-01,-16.05,MI,"Detroit-Warren-Dearborn, MI",Detroit
2018-10-01,-26.47,MI,"Detroit-Warren-Dearborn, MI",Detroit
2018-11-01,2.0,MI,"Detroit-Warren-Dearborn, MI",Detroit
2018-12-01,9.8,MI,"Detroit-Warren-Dearborn, MI",Detroit
2019-01-01,0.0,MI,"Detroit-Warren-Dearborn, MI",Detroit
2019-02-01,-12.5,MI,"Detroit-Warren-Dearborn, MI",Detroit
2019-03-01,42.86,MI,"Detroit-Warren-Dearborn, MI",Detroit
2019-04-01,-14.29,MI,"Detroit-Warren-Dearborn, MI",Detroit
2019-05-01,3.33,MI,"Detroit-Warren-Dearborn, MI",Detroit
2019-06-01,-22.58,MI,"Detroit-Warren-Dearborn, MI",Detroit
2019-07-01,39.58,MI,"Detroit-Warren-Dearborn, MI",Detroit
2019-08-01,188.06,MI,"Detroit-Warren-Dearborn, MI",Detroit
2019-09-01,58.03,MI,"Detroit-Warren-Dearborn, MI",Detroit
2019-10-01,-79.67,MI,"Detroit-Warren-Dearborn, MI",Detroit
2019-11-01,-25.81,MI,"Detroit-Warren-Dearborn, MI",Detroit
2019-12-01,-8.7,MI,"Detroit-Warren-Dearborn, MI",Detroit
2020-01-01,40.48,MI,"Detroit-Warren-Dearborn, MI",Detroit
2020-02-01,11.86,MI,"Detroit-Warren-Dearborn, MI",Detroit
2020-03-01,-9.09,MI,"Detroit-Warren-Dearborn, MI",Detroit
2020-04-01,-43.33,MI,"Detroit-Warren-Dearborn, MI",Detroit
2020-05-01,67.65,MI,"Detroit-Warren-Dearborn, MI",Detroit
2020-06-01,12.28,MI,"Detroit-Warren-Dearborn, MI",Detroit
2020-07-01,-9.38,MI,"Detroit-Warren-Dearborn, MI",Detroit
2020-08-01,65.52,MI,"Detroit-Warren-Dearborn, MI",Detroit
2020-09-01,-6.25,MI,"Detroit-Warren-Dearborn, MI",Detroit
2020-10-01,0.0,MI,"Detroit-Warren-Dearborn, MI",Detroit
2020-11-01,-34.44,MI,"Detroit-Warren-Dearborn, MI",Detroit
2020-12-01,5.08,MI,"Detroit-Warren-Dearborn, MI",Detroit
2021-01-01,79.03,MI,"Detroit-Warren-Dearborn, MI",Detroit
2021-02-01,-32.43,MI,"Detroit-Warren-Dearborn, MI",Detroit
2021-03-01,28.0,MI,"Detroit-Warren-Dearborn, MI",Detroit
2021-04-01,-4.17,MI,"Detroit-Warren-Dearborn, MI",Detroit
2021-05-01,0.0,MI,"Detroit-Warren-Dearborn, MI",Detroit
2021-06-01,-4.35,MI,"Detroit-Warren-Dearborn, MI",Detroit
2021-07-01,-17.05,MI,"Detroit-Warren-Dearborn, MI",Detroit
2021-08-01,-24.66,MI,"Detroit-Warren-Dearborn, MI",Detroit
2021-09-01,-23.64,MI,"Detroit-Warren-Dearborn, MI",Detroit
2021-10-01,0.0,MI,"Detroit-Warren-Dearborn, MI",Detroit
2021-11-01,-9.52,MI,"Detroit-Warren-Dearborn, MI",Detroit
2017-07-01,-18.18,OH,"Cincinnati, OH-KY-IN",Cincinnati
2017-08-01,44.44,OH,"Cincinnati, OH-KY-IN",Cincinnati
2017-09-01,-57.69,OH,"Cincinnati, OH-KY-IN",Cincinnati
2017-10-01,163.64,OH,"Cincinnati, OH-KY-IN",Cincinnati
2017-11-01,-58.62,OH,"Cincinnati, OH-KY-IN",Cincinnati
2017-12-01,16.67,OH,"Cincinnati, OH-KY-IN",Cincinnati
2018-01-01,21.43,OH,"Cincinnati, OH-KY-IN",Cincinnati
2018-02-01,23.53,OH,"Cincinnati, OH-KY-IN",Cincinnati
2018-03-01,-52.38,OH,"Cincinnati, OH-KY-IN",Cincinnati
2018-04-01,70.0,OH,"Cincinnati, OH-KY-IN",Cincinnati
2018-05-01,-17.65,OH,"Cincinnati, OH-KY-IN",Cincinnati
2018-06-01,28.57,OH,"Cincinnati, OH-KY-IN",Cincinnati
2018-07-01,-5.56,OH,"Cincinnati, OH-KY-IN",Cincinnati
2018-08-01,17.65,OH,"Cincinnati, OH-KY-IN",Cincinnati
2018-09-01,-35.0,OH,"Cincinnati, OH-KY-IN",Cincinnati
2018-10-01,15.38,OH,"Cincinnati, OH-KY-IN",Cincinnati
2018-11-01,-53.33,OH,"Cincinnati, OH-KY-IN",Cincinnati
2018-12-01,171.43,OH,"Cincinnati, OH-KY-IN",Cincinnati
2019-01-01,-26.32,OH,"Cincinnati, OH-KY-IN",Cincinnati
2019-02-01,14.29,OH,"Cincinnati, OH-KY-IN",Cincinnati
2019-03-01,118.75,OH,"Cincinnati, OH-KY-IN",Cincinnati
2019-04-01,-45.71,OH,"Cincinnati, OH-KY-IN",Cincinnati
2019-05-01,21.05,OH,"Cincinnati, OH-KY-IN",Cincinnati
2019-06-01,-30.43,OH,"Cincinnati, OH-KY-IN",Cincinnati
2019-07-01,0.0,OH,"Cincinnati, OH-KY-IN",Cincinnati
2019-08-01,262.5,OH,"Cincinnati, OH-KY-IN",Cincinnati
2019-09-01,50.0,OH,"Cincinnati, OH-KY-IN",Cincinnati
2019-10-01,-82.76,OH,"Cincinnati, OH-KY-IN",Cincinnati
2019-11-01,-33.33,OH,"Cincinnati, OH-KY-IN",Cincinnati
2019-12-01,0.0,OH,"Cincinnati, OH-KY-IN",Cincinnati
2020-01-01,20.0,OH,"Cincinnati, OH-KY-IN",Cincinnati
2020-02-01,-25.0,OH,"Cincinnati, OH-KY-IN",Cincinnati
2020-03-01,11.11,OH,"Cincinnati, OH-KY-IN",Cincinnati
2020-04-01,0.0,OH,"Cincinnati, OH-KY-IN",Cincinnati
2020-05-01,10.0,OH,"Cincinnati, OH-KY-IN",Cincinnati
2020-06-01,-27.27,OH,"Cincinnati, OH-KY-IN",Cincinnati
2020-07-01,-37.5,OH,"Cincinnati, OH-KY-IN",Cincinnati
2020-08-01,260.0,OH,"Cincinnati, OH-KY-IN",Cincinnati
2020-09-01,16.67,OH,"Cincinnati, OH-KY-IN",Cincinnati
2020-10-01,-38.1,OH,"Cincinnati, OH-KY-IN",Cincinnati
2020-11-01,0.0,OH,"Cincinnati, OH-KY-IN",Cincinnati
2020-12-01,-38.46,OH,"Cincinnati, OH-KY-IN",Cincinnati
2021-01-01,-12.5,OH,"Cincinnati, OH-KY-IN",Cincinnati
2021-02-01,285.71,OH,"Cincinnati, OH-KY-IN",Cincinnati
2021-03-01,-37.04,OH,"Cincinnati, OH-KY-IN",Cincinnati
2021-04-01,88.24,OH,"Cincinnati, OH-KY-IN",Cincinnati
2021-05-01,-34.38,OH,"Cincinnati, OH-KY-IN",Cincinnati
2021-06-01,-38.1,OH,"Cincinnati, OH-KY-IN",Cincinnati
2021-07-01,7.69,OH,"Cincinnati, OH-KY-IN",Cincinnati
2021-08-01,-21.43,OH,"Cincinnati, OH-KY-IN",Cincinnati
2021-09-01,-18.18,OH,"Cincinnati, OH-KY-IN",Cincinnati
2021-10-01,44.44,OH,"Cincinnati, OH-KY-IN",Cincinnati
2021-11-01,-46.15,OH,"Cincinnati, OH-KY-IN",Cincinnati
2017-07-01,-25.0,SC,"Charleston-North Charleston, SC",Charleston
2017-08-01,-14.04,SC,"Charleston-North Charleston, SC",Charleston
2017-09-01,-2.04,SC,"Charleston-North Charleston, SC",Charleston
2017-10-01,10.42,SC,"Charleston-North Charleston, SC",Charleston
2017-11-01,-47.17,SC,"Charleston-North Charleston, SC",Charleston
2017-12-01,82.14,SC,"Charleston-North Charleston, SC",Charleston
2018-01-01,54.9,SC,"Charleston-North Charleston, SC",Charleston
2018-02-01,-27.85,SC,"Charleston-North Charleston, SC",Charleston
2018-03-01,-3.51,SC,"Charleston-North Charleston, SC",Charleston
2018-04-01,10.91,SC,"Charleston-North Charleston, SC",Charleston
2018-05-01,13.11,SC,"Charleston-North Charleston, SC",Charleston
2018-06-01,-43.48,SC,"Charleston-North Charleston, SC",Charleston
2018-07-01,10.26,SC,"Charleston-North Charleston, SC",Charleston
2018-08-01,-11.63,SC,"Charleston-North Charleston, SC",Charleston
2018-09-01,-15.79,SC,"Charleston-North Charleston, SC",Charleston
2018-10-01,25.0,SC,"Charleston-North Charleston, SC",Charleston
2018-11-01,-10.0,SC,"Charleston-North Charleston, SC",Charleston
2018-12-01,-5.56,SC,"Charleston-North Charleston, SC",Charleston
2019-01-01,17.65,SC,"Charleston-North Charleston, SC",Charleston
2019-02-01,65.0,SC,"Charleston-North Charleston, SC",Charleston
2019-03-01,1.52,SC,"Charleston-North Charleston, SC",Charleston
2019-04-01,-13.43,SC,"Charleston-North Charleston, SC",Charleston
2019-05-01,-34.48,SC,"Charleston-North Charleston, SC",Charleston
2019-06-01,34.21,SC,"Charleston-North Charleston, SC",Charleston
2019-07-01,-19.61,SC,"Charleston-North Charleston, SC",Charleston
2019-08-01,63.41,SC,"Charleston-North Charleston, SC",Charleston
2019-09-01,41.79,SC,"Charleston-North Charleston, SC",Charleston
2019-10-01,-56.84,SC,"Charleston-North Charleston, SC",Charleston
2019-11-01,-36.59,SC,"Charleston-North Charleston, SC",Charleston
2019-12-01,-7.69,SC,"Charleston-North Charleston, SC",Charleston
2020-01-01,108.33,SC,"Charleston-North Charleston, SC",Charleston
2020-02-01,12.0,SC,"Charleston-North Charleston, SC",Charleston
2020-03-01,-26.79,SC,"Charleston-North Charleston, SC",Charleston
2020-04-01,-39.02,SC,"Charleston-North Charleston, SC",Charleston
2020-05-01,40.0,SC,"Charleston-North Charleston, SC",Charleston
2020-06-01,28.57,SC,"Charleston-North Charleston, SC",Charleston
2020-07-01,80.0,SC,"Charleston-North Charleston, SC",Charleston
2020-08-01,0.0,SC,"Charleston-North Charleston, SC",Charleston
2020-09-01,-24.69,SC,"Charleston-North Charleston, SC",Charleston
2020-10-01,8.2,SC,"Charleston-North Charleston, SC",Charleston
2020-11-01,-45.45,SC,"Charleston-North Charleston, SC",Charleston
2020-12-01,2.78,SC,"Charleston-North Charleston, SC",Charleston
2021-01-01,127.03,SC,"Charleston-North Charleston, SC",Charleston
2021-02-01,-36.9,SC,"Charleston-North Charleston, SC",Charleston
2021-03-01,-20.75,SC,"Charleston-North Charleston, SC",Charleston
2021-04-01,0.0,SC,"Charleston-North Charleston, SC",Charleston
2021-05-01,-35.71,SC,"Charleston-North Charleston, SC",Charleston
2021-06-01,-18.52,SC,"Charleston-North Charleston, SC",Charleston
2021-07-01,-4.55,SC,"Charleston-North Charleston, SC",Charleston
2021-08-01,104.76,SC,"Charleston-North Charleston, SC",Charleston
2021-09-01,-6.98,SC,"Charleston-North Charleston, SC",Charleston
2021-10-01,-45.0,SC,"Charleston-North Charleston, SC",Charleston
2021-11-01,150.0,SC,"Charleston-North Charleston, SC",Charleston
2017-07-01,12.5,UT,"Ogden-Clearfield, UT",Ogden
2017-08-01,33.33,UT,"Ogden-Clearfield, UT",Ogden
2017-09-01,0.0,UT,"Ogden-Clearfield, UT",Ogden
2017-10-01,-33.33,UT,"Ogden-Clearfield, UT",Ogden
2017-11-01,-12.5,UT,"Ogden-Clearfield, UT",Ogden
2017-12-01,-28.57,UT,"Ogden-Clearfield, UT",Ogden
2018-01-01,60.0,UT,"Ogden-Clearfield, UT",Ogden
2018-02-01,150.0,UT,"Ogden-Clearfield, UT",Ogden
2018-03-01,-10.0,UT,"Ogden-Clearfield, UT",Ogden
2018-04-01,-16.67,UT,"Ogden-Clearfield, UT",Ogden
2018-05-01,100.0,UT,"Ogden-Clearfield, UT",Ogden
2018-06-01,-50.0,UT,"Ogden-Clearfield, UT",Ogden
2018-07-01,-40.0,UT,"Ogden-Clearfield, UT",Ogden
2018-08-01,111.11,UT,"Ogden-Clearfield, UT",Ogden
2018-09-01,-31.58,UT,"Ogden-Clearfield, UT",Ogden
2018-10-01,15.38,UT,"Ogden-Clearfield, UT",Ogden
2018-11-01,-33.33,UT,"Ogden-Clearfield, UT",Ogden
2018-12-01,10.0,UT,"Ogden-Clearfield, UT",Ogden
2019-01-01,-18.18,UT,"Ogden-Clearfield, UT",Ogden
2019-02-01,0.0,UT,"Ogden-Clearfield, UT",Ogden
2019-03-01,55.56,UT,"Ogden-Clearfield, UT",Ogden
2019-04-01,7.14,UT,"Ogden-Clearfield, UT",Ogden
2019-05-01,6.67,UT,"Ogden-Clearfield, UT",Ogden
2019-06-01,-43.75,UT,"Ogden-Clearfield, UT",Ogden
2019-07-01,33.33,UT,"Ogden-Clearfield, UT",Ogden
2019-08-01,175.0,UT,"Ogden-Clearfield, UT",Ogden
2019-09-01,57.58,UT,"Ogden-Clearfield, UT",Ogden
2019-10-01,-86.54,UT,"Ogden-Clearfield, UT",Ogden
2019-11-01,42.86,UT,"Ogden-Clearfield, UT",Ogden
2019-12-01,-50.0,UT,"Ogden-Clearfield, UT",Ogden
2020-01-01,260.0,UT,"Ogden-Clearfield, UT",Ogden
2020-02-01,-5.56,UT,"Ogden-Clearfield, UT",Ogden
2020-03-01,-35.29,UT,"Ogden-Clearfield, UT",Ogden
2020-04-01,-9.09,UT,"Ogden-Clearfield, UT",Ogden
2020-05-01,20.0,UT,"Ogden-Clearfield, UT",Ogden
2020-06-01,8.33,UT,"Ogden-Clearfield, UT",Ogden
2020-07-01,23.08,UT,"Ogden-Clearfield, UT",Ogden
2020-08-01,-6.25,UT,"Ogden-Clearfield, UT",Ogden
2020-09-01,-6.67,UT,"Ogden-Clearfield, UT",Ogden
2020-10-01,-35.71,UT,"Ogden-Clearfield, UT",Ogden
2020-11-01,-55.56,UT,"Ogden-Clearfield, UT",Ogden
2020-12-01,75.0,UT,"Ogden-Clearfield, UT",Ogden
2021-01-01,42.86,UT,"Ogden-Clearfield, UT",Ogden
2021-02-01,-40.0,UT,"Ogden-Clearfield, UT",Ogden
2021-03-01,-33.33,UT,"Ogden-Clearfield, UT",Ogden
2021-04-01,-25.0,UT,"Ogden-Clearfield, UT",Ogden
2021-05-01,66.67,UT,"Ogden-Clearfield, UT",Ogden
2021-06-01,-40.0,UT,"Ogden-Clearfield, UT",Ogden
2021-07-01,100.0,UT,"Ogden-Clearfield, UT",Ogden
2021-08-01,83.33,UT,"Ogden-Clearfield, UT",Ogden
2021-09-01,-45.45,UT,"Ogden-Clearfield, UT",Ogden
2021-10-01,-16.67,UT,"Ogden-Clearfield, UT",Ogden
2021-11-01,60.0,UT,"Ogden-Clearfield, UT",Ogden
2017-07-01,0.0,KS,"Wichita, KS",Wichita
2017-08-01,60.0,KS,"Wichita, KS",Wichita
2017-09-01,25.0,KS,"Wichita, KS",Wichita
2017-10-01,-20.0,KS,"Wichita, KS",Wichita
2017-11-01,-25.0,KS,"Wichita, KS",Wichita
2017-12-01,-16.67,KS,"Wichita, KS",Wichita
2018-01-01,60.0,KS,"Wichita, KS",Wichita
2018-02-01,12.5,KS,"Wichita, KS",Wichita
2018-03-01,11.11,KS,"Wichita, KS",Wichita
2018-04-01,0.0,KS,"Wichita, KS",Wichita
2018-05-01,-20.0,KS,"Wichita, KS",Wichita
2018-06-01,12.5,KS,"Wichita, KS",Wichita
2018-07-01,0.0,KS,"Wichita, KS",Wichita
2018-08-01,-33.33,KS,"Wichita, KS",Wichita
2018-09-01,33.33,KS,"Wichita, KS",Wichita
2018-10-01,25.0,KS,"Wichita, KS",Wichita
2018-11-01,-40.0,KS,"Wichita, KS",Wichita
2018-12-01,-33.33,KS,"Wichita, KS",Wichita
2019-01-01,100.0,KS,"Wichita, KS",Wichita
2019-02-01,-62.5,KS,"Wichita, KS",Wichita
2019-03-01,100.0,KS,"Wichita, KS",Wichita
2019-04-01,33.33,KS,"Wichita, KS",Wichita
2019-05-01,-12.5,KS,"Wichita, KS",Wichita
2019-06-01,14.29,KS,"Wichita, KS",Wichita
2019-07-01,12.5,KS,"Wichita, KS",Wichita
2019-08-01,133.33,KS,"Wichita, KS",Wichita
2019-09-01,57.14,KS,"Wichita, KS",Wichita
2019-10-01,-69.7,KS,"Wichita, KS",Wichita
2019-11-01,-10.0,KS,"Wichita, KS",Wichita
2019-12-01,-44.44,KS,"Wichita, KS",Wichita
2020-01-01,140.0,KS,"Wichita, KS",Wichita
2020-02-01,-50.0,KS,"Wichita, KS",Wichita
2020-03-01,-50.0,KS,"Wichita, KS",Wichita
2020-04-01,200.0,KS,"Wichita, KS",Wichita
2020-05-01,-22.22,KS,"Wichita, KS",Wichita
2020-06-01,0.0,KS,"Wichita, KS",Wichita
2020-07-01,-14.29,KS,"Wichita, KS",Wichita
2020-08-01,116.67,KS,"Wichita, KS",Wichita
2020-09-01,-15.38,KS,"Wichita, KS",Wichita
2020-10-01,-27.27,KS,"Wichita, KS",Wichita
2020-11-01,-25.0,KS,"Wichita, KS",Wichita
2020-12-01,66.67,KS,"Wichita, KS",Wichita
2021-01-01,-40.0,KS,"Wichita, KS",Wichita
2021-02-01,33.33,KS,"Wichita, KS",Wichita
2021-03-01,200.0,KS,"Wichita, KS",Wichita
2021-04-01,-50.0,KS,"Wichita, KS",Wichita
2021-05-01,16.67,KS,"Wichita, KS",Wichita
2021-06-01,-21.43,KS,"Wichita, KS",Wichita
2021-07-01,18.18,KS,"Wichita, KS",Wichita
2021-08-01,0.0,KS,"Wichita, KS",Wichita
2021-09-01,-69.23,KS,"Wichita, KS",Wichita
2021-10-01,175.0,KS,"Wichita, KS",Wichita
2021-11-01,-45.45,KS,"Wichita, KS",Wichita
2017-07-01,-19.12,SC,"Myrtle Beach-Conway-North Myrtle Beach, SC-NC",Myrtle Beach
2017-08-01,-25.45,SC,"Myrtle Beach-Conway-North Myrtle Beach, SC-NC",Myrtle Beach
2017-09-01,7.32,SC,"Myrtle Beach-Conway-North Myrtle Beach, SC-NC",Myrtle Beach
2017-10-01,118.18,SC,"Myrtle Beach-Conway-North Myrtle Beach, SC-NC",Myrtle Beach
2017-11-01,-53.13,SC,"Myrtle Beach-Conway-North Myrtle Beach, SC-NC",Myrtle Beach
2017-12-01,-26.67,SC,"Myrtle Beach-Conway-North Myrtle Beach, SC-NC",Myrtle Beach
2018-01-01,36.36,SC,"Myrtle Beach-Conway-North Myrtle Beach, SC-NC",Myrtle Beach
2018-02-01,-4.44,SC,"Myrtle Beach-Conway-North Myrtle Beach, SC-NC",Myrtle Beach
2018-03-01,46.51,SC,"Myrtle Beach-Conway-North Myrtle Beach, SC-NC",Myrtle Beach
2018-04-01,7.94,SC,"Myrtle Beach-Conway-North Myrtle Beach, SC-NC",Myrtle Beach
2018-05-01,-11.76,SC,"Myrtle Beach-Conway-North Myrtle Beach, SC-NC",Myrtle Beach
2018-06-01,50.0,SC,"Myrtle Beach-Conway-North Myrtle Beach, SC-NC",Myrtle Beach
2018-07-01,-12.22,SC,"Myrtle Beach-Conway-North Myrtle Beach, SC-NC",Myrtle Beach
2018-08-01,-31.65,SC,"Myrtle Beach-Conway-North Myrtle Beach, SC-NC",Myrtle Beach
2018-09-01,-29.63,SC,"Myrtle Beach-Conway-North Myrtle Beach, SC-NC",Myrtle Beach
2018-10-01,44.74,SC,"Myrtle Beach-Conway-North Myrtle Beach, SC-NC",Myrtle Beach
2018-11-01,-43.64,SC,"Myrtle Beach-Conway-North Myrtle Beach, SC-NC",Myrtle Beach
2018-12-01,51.61,SC,"Myrtle Beach-Conway-North Myrtle Beach, SC-NC",Myrtle Beach
2019-01-01,-6.38,SC,"Myrtle Beach-Conway-North Myrtle Beach, SC-NC",Myrtle Beach
2019-02-01,40.91,SC,"Myrtle Beach-Conway-North Myrtle Beach, SC-NC",Myrtle Beach
2019-03-01,-8.06,SC,"Myrtle Beach-Conway-North Myrtle Beach, SC-NC",Myrtle Beach
2019-04-01,8.77,SC,"Myrtle Beach-Conway-North Myrtle Beach, SC-NC",Myrtle Beach
2019-05-01,-29.03,SC,"Myrtle Beach-Conway-North Myrtle Beach, SC-NC",Myrtle Beach
2019-06-01,-22.73,SC,"Myrtle Beach-Conway-North Myrtle Beach, SC-NC",Myrtle Beach
2019-07-01,20.59,SC,"Myrtle Beach-Conway-North Myrtle Beach, SC-NC",Myrtle Beach
2019-08-01,26.83,SC,"Myrtle Beach-Conway-North Myrtle Beach, SC-NC",Myrtle Beach
2019-09-01,55.77,SC,"Myrtle Beach-Conway-North Myrtle Beach, SC-NC",Myrtle Beach
2019-10-01,-60.49,SC,"Myrtle Beach-Conway-North Myrtle Beach, SC-NC",Myrtle Beach
2019-11-01,53.13,SC,"Myrtle Beach-Conway-North Myrtle Beach, SC-NC",Myrtle Beach
2019-12-01,-6.12,SC,"Myrtle Beach-Conway-North Myrtle Beach, SC-NC",Myrtle Beach
2020-01-01,-21.74,SC,"Myrtle Beach-Conway-North Myrtle Beach, SC-NC",Myrtle Beach
2020-02-01,33.33,SC,"Myrtle Beach-Conway-North Myrtle Beach, SC-NC",Myrtle Beach
2020-03-01,0.0,SC,"Myrtle Beach-Conway-North Myrtle Beach, SC-NC",Myrtle Beach
2020-04-01,-18.75,SC,"Myrtle Beach-Conway-North Myrtle Beach, SC-NC",Myrtle Beach
2020-05-01,17.95,SC,"Myrtle Beach-Conway-North Myrtle Beach, SC-NC",Myrtle Beach
2020-06-01,119.57,SC,"Myrtle Beach-Conway-North Myrtle Beach, SC-NC",Myrtle Beach
2020-07-01,-47.52,SC,"Myrtle Beach-Conway-North Myrtle Beach, SC-NC",Myrtle Beach
2020-08-01,60.38,SC,"Myrtle Beach-Conway-North Myrtle Beach, SC-NC",Myrtle Beach
2020-09-01,70.59,SC,"Myrtle Beach-Conway-North Myrtle Beach, SC-NC",Myrtle Beach
2020-10-01,-29.66,SC,"Myrtle Beach-Conway-North Myrtle Beach, SC-NC",Myrtle Beach
2020-11-01,-50.0,SC,"Myrtle Beach-Conway-North Myrtle Beach, SC-NC",Myrtle Beach
2020-12-01,125.49,SC,"Myrtle Beach-Conway-North Myrtle Beach, SC-NC",Myrtle Beach
2021-01-01,21.74,SC,"Myrtle Beach-Conway-North Myrtle Beach, SC-NC",Myrtle Beach
2021-02-01,14.29,SC,"Myrtle Beach-Conway-North Myrtle Beach, SC-NC",Myrtle Beach
2021-03-01,3.13,SC,"Myrtle Beach-Conway-North Myrtle Beach, SC-NC",Myrtle Beach
2021-04-01,4.24,SC,"Myrtle Beach-Conway-North Myrtle Beach, SC-NC",Myrtle Beach
2021-05-01,-22.09,SC,"Myrtle Beach-Conway-North Myrtle Beach, SC-NC",Myrtle Beach
2021-06-01,-58.96,SC,"Myrtle Beach-Conway-North Myrtle Beach, SC-NC",Myrtle Beach
2021-07-01,-10.91,SC,"Myrtle Beach-Conway-North Myrtle Beach, SC-NC",Myrtle Beach
2021-08-01,-4.08,SC,"Myrtle Beach-Conway-North Myrtle Beach, SC-NC",Myrtle Beach
2021-09-01,-2.13,SC,"Myrtle Beach-Conway-North Myrtle Beach, SC-NC",Myrtle Beach
2021-10-01,52.17,SC,"Myrtle Beach-Conway-North Myrtle Beach, SC-NC",Myrtle Beach
2021-11-01,28.57,SC,"Myrtle Beach-Conway-North Myrtle Beach, SC-NC",Myrtle Beach
2017-07-01,-7.14,NJ,"Trenton-Princeton, NJ",Trenton
2017-08-01,0.0,NJ,"Trenton-Princeton, NJ",Trenton
2017-09-01,-15.38,NJ,"Trenton-Princeton, NJ",Trenton
2017-10-01,-40.91,NJ,"Trenton-Princeton, NJ",Trenton
2017-11-01,-84.62,NJ,"Trenton-Princeton, NJ",Trenton
2017-12-01,0.0,NJ,"Trenton-Princeton, NJ",Trenton
2018-01-01,0.0,NJ,"Trenton-Princeton, NJ",Trenton
2018-02-01,100.0,NJ,"Trenton-Princeton, NJ",Trenton
2018-03-01,-50.0,NJ,"Trenton-Princeton, NJ",Trenton
2018-04-01,-50.0,NJ,"Trenton-Princeton, NJ",Trenton
2018-05-01,0.0,NJ,"Trenton-Princeton, NJ",Trenton
2018-06-01,500.0,NJ,"Trenton-Princeton, NJ",Trenton
2018-07-01,-16.67,NJ,"Trenton-Princeton, NJ",Trenton
2018-08-01,-60.0,NJ,"Trenton-Princeton, NJ",Trenton
2018-09-01,150.0,NJ,"Trenton-Princeton, NJ",Trenton
2018-10-01,-40.0,NJ,"Trenton-Princeton, NJ",Trenton
2018-11-01,-33.33,NJ,"Trenton-Princeton, NJ",Trenton
2018-12-01,0.0,NJ,"Trenton-Princeton, NJ",Trenton
2019-01-01,0.0,NJ,"Trenton-Princeton, NJ",Trenton
2019-02-01,-100.0,NJ,"Trenton-Princeton, NJ",Trenton
2019-03-01,.,NJ,"Trenton-Princeton, NJ",Trenton
2019-04-01,.,NJ,"Trenton-Princeton, NJ",Trenton
2019-05-01,50.0,NJ,"Trenton-Princeton, NJ",Trenton
2019-06-01,0.0,NJ,"Trenton-Princeton, NJ",Trenton
2019-07-01,0.0,NJ,"Trenton-Princeton, NJ",Trenton
2019-08-01,100.0,NJ,"Trenton-Princeton, NJ",Trenton
2019-09-01,83.33,NJ,"Trenton-Princeton, NJ",Trenton
2019-10-01,-81.82,NJ,"Trenton-Princeton, NJ",Trenton
2019-11-01,-50.0,NJ,"Trenton-Princeton, NJ",Trenton
2019-12-01,100.0,NJ,"Trenton-Princeton, NJ",Trenton
2020-01-01,0.0,NJ,"Trenton-Princeton, NJ",Trenton
2020-02-01,50.0,NJ,"Trenton-Princeton, NJ",Trenton
2020-03-01,-66.67,NJ,"Trenton-Princeton, NJ",Trenton
2020-04-01,100.0,NJ,"Trenton-Princeton, NJ",Trenton
2020-05-01,0.0,NJ,"Trenton-Princeton, NJ",Trenton
2020-06-01,50.0,NJ,"Trenton-Princeton, NJ",Trenton
2020-07-01,133.33,NJ,"Trenton-Princeton, NJ",Trenton
2020-08-01,-14.29,NJ,"Trenton-Princeton, NJ",Trenton
2020-09-01,-50.0,NJ,"Trenton-Princeton, NJ",Trenton
2020-10-01,66.67,NJ,"Trenton-Princeton, NJ",Trenton
2020-11-01,-40.0,NJ,"Trenton-Princeton, NJ",Trenton
2020-12-01,33.33,NJ,"Trenton-Princeton, NJ",Trenton
2021-01-01,-25.0,NJ,"Trenton-Princeton, NJ",Trenton
2021-02-01,100.0,NJ,"Trenton-Princeton, NJ",Trenton
2021-03-01,-16.67,NJ,"Trenton-Princeton, NJ",Trenton
2021-04-01,-20.0,NJ,"Trenton-Princeton, NJ",Trenton
2021-05-01,0.0,NJ,"Trenton-Princeton, NJ",Trenton
2021-06-01,0.0,NJ,"Trenton-Princeton, NJ",Trenton
2021-07-01,50.0,NJ,"Trenton-Princeton, NJ",Trenton
2021-08-01,-16.67,NJ,"Trenton-Princeton, NJ",Trenton
2021-09-01,-60.0,NJ,"Trenton-Princeton, NJ",Trenton
2021-10-01,50.0,NJ,"Trenton-Princeton, NJ",Trenton
2021-11-01,-66.67,NJ,"Trenton-Princeton, NJ",Trenton
2017-07-01,-100.0,NE,"Lincoln, NE",Lincoln
2017-08-01,.,NE,"Lincoln, NE",Lincoln
2017-09-01,33.33,NE,"Lincoln, NE",Lincoln
2017-10-01,-25.0,NE,"Lincoln, NE",Lincoln
2017-11-01,-100.0,NE,"Lincoln, NE",Lincoln
2017-12-01,.,NE,"Lincoln, NE",Lincoln
2018-01-01,50.0,NE,"Lincoln, NE",Lincoln
2018-02-01,0.0,NE,"Lincoln, NE",Lincoln
2018-03-01,0.0,NE,"Lincoln, NE",Lincoln
2018-04-01,-33.33,NE,"Lincoln, NE",Lincoln
2018-05-01,50.0,NE,"Lincoln, NE",Lincoln
2018-06-01,0.0,NE,"Lincoln, NE",Lincoln
2018-07-01,33.33,NE,"Lincoln, NE",Lincoln
2018-08-01,25.0,NE,"Lincoln, NE",Lincoln
2018-09-01,-80.0,NE,"Lincoln, NE",Lincoln
2018-10-01,100.0,NE,"Lincoln, NE",Lincoln
2018-11-01,0.0,NE,"Lincoln, NE",Lincoln
2018-12-01,-50.0,NE,"Lincoln, NE",Lincoln
2019-01-01,100.0,NE,"Lincoln, NE",Lincoln
2019-02-01,-50.0,NE,"Lincoln, NE",Lincoln
2019-03-01,2400.0,NE,"Lincoln, NE",Lincoln
2019-04-01,4.0,NE,"Lincoln, NE",Lincoln
2019-05-01,-80.77,NE,"Lincoln, NE",Lincoln
2019-06-01,-40.0,NE,"Lincoln, NE",Lincoln
2019-07-01,-33.33,NE,"Lincoln, NE",Lincoln
2019-08-01,200.0,NE,"Lincoln, NE",Lincoln
2019-09-01,116.67,NE,"Lincoln, NE",Lincoln
2019-10-01,-69.23,NE,"Lincoln, NE",Lincoln
2019-11-01,-50.0,NE,"Lincoln, NE",Lincoln
2019-12-01,0.0,NE,"Lincoln, NE",Lincoln
2020-01-01,0.0,NE,"Lincoln, NE",Lincoln
2020-02-01,50.0,NE,"Lincoln, NE",Lincoln
2020-03-01,0.0,NE,"Lincoln, NE",Lincoln
2020-04-01,33.33,NE,"Lincoln, NE",Lincoln
2020-05-01,0.0,NE,"Lincoln, NE",Lincoln
2020-06-01,-25.0,NE,"Lincoln, NE",Lincoln
2020-07-01,33.33,NE,"Lincoln, NE",Lincoln
2020-08-01,75.0,NE,"Lincoln, NE",Lincoln
2020-09-01,-28.57,NE,"Lincoln, NE",Lincoln
2020-10-01,-20.0,NE,"Lincoln, NE",Lincoln
2020-11-01,0.0,NE,"Lincoln, NE",Lincoln
2020-12-01,-75.0,NE,"Lincoln, NE",Lincoln
2021-01-01,700.0,NE,"Lincoln, NE",Lincoln
2021-02-01,12.5,NE,"Lincoln, NE",Lincoln
2021-03-01,44.44,NE,"Lincoln, NE",Lincoln
2021-04-01,-15.38,NE,"Lincoln, NE",Lincoln
2021-05-01,36.36,NE,"Lincoln, NE",Lincoln
2021-06-01,-73.33,NE,"Lincoln, NE",Lincoln
2021-07-01,-25.0,NE,"Lincoln, NE",Lincoln
2021-08-01,0.0,NE,"Lincoln, NE",Lincoln
2021-09-01,-33.33,NE,"Lincoln, NE",Lincoln
2021-10-01,50.0,NE,"Lincoln, NE",Lincoln
2021-11-01,0.0,NE,"Lincoln, NE",Lincoln
2017-07-01,11.11,IL,"Rockford, IL",Rockford
2017-08-01,10.0,IL,"Rockford, IL",Rockford
2017-09-01,-18.18,IL,"Rockford, IL",Rockford
2017-10-01,-22.22,IL,"Rockford, IL",Rockford
2017-11-01,-14.29,IL,"Rockford, IL",Rockford
2017-12-01,0.0,IL,"Rockford, IL",Rockford
2018-01-01,0.0,IL,"Rockford, IL",Rockford
2018-02-01,0.0,IL,"Rockford, IL",Rockford
2018-03-01,100.0,IL,"Rockford, IL",Rockford
2018-04-01,-8.33,IL,"Rockford, IL",Rockford
2018-05-01,0.0,IL,"Rockford, IL",Rockford
2018-06-01,36.36,IL,"Rockford, IL",Rockford
2018-07-01,-13.33,IL,"Rockford, IL",Rockford
2018-08-01,-15.38,IL,"Rockford, IL",Rockford
2018-09-01,-54.55,IL,"Rockford, IL",Rockford
2018-10-01,60.0,IL,"Rockford, IL",Rockford
2018-11-01,-12.5,IL,"Rockford, IL",Rockford
2018-12-01,0.0,IL,"Rockford, IL",Rockford
2019-01-01,-57.14,IL,"Rockford, IL",Rockford
2019-02-01,133.33,IL,"Rockford, IL",Rockford
2019-03-01,14.29,IL,"Rockford, IL",Rockford
2019-04-01,-62.5,IL,"Rockford, IL",Rockford
2019-05-01,0.0,IL,"Rockford, IL",Rockford
2019-06-01,33.33,IL,"Rockford, IL",Rockford
2019-07-01,-25.0,IL,"Rockford, IL",Rockford
2019-08-01,533.33,IL,"Rockford, IL",Rockford
2019-09-01,21.05,IL,"Rockford, IL",Rockford
2019-10-01,-95.65,IL,"Rockford, IL",Rockford
2019-11-01,100.0,IL,"Rockford, IL",Rockford
2019-12-01,0.0,IL,"Rockford, IL",Rockford
2020-01-01,0.0,IL,"Rockford, IL",Rockford
2020-02-01,0.0,IL,"Rockford, IL",Rockford
2020-03-01,-100.0,IL,"Rockford, IL",Rockford
2020-04-01,.,IL,"Rockford, IL",Rockford
2020-05-01,.,IL,"Rockford, IL",Rockford
2020-06-01,-50.0,IL,"Rockford, IL",Rockford
2020-07-01,100.0,IL,"Rockford, IL",Rockford
2020-08-01,100.0,IL,"Rockford, IL",Rockford
2020-09-01,-25.0,IL,"Rockford, IL",Rockford
2020-10-01,-66.67,IL,"Rockford, IL",Rockford
2020-11-01,100.0,IL,"Rockford, IL",Rockford
2020-12-01,0.0,IL,"Rockford, IL",Rockford
2021-01-01,50.0,IL,"Rockford, IL",Rockford
2021-02-01,-66.67,IL,"Rockford, IL",Rockford
2021-03-01,0.0,IL,"Rockford, IL",Rockford
2021-04-01,100.0,IL,"Rockford, IL",Rockford
2021-05-01,100.0,IL,"Rockford, IL",Rockford
2021-06-01,-75.0,IL,"Rockford, IL",Rockford
2021-07-01,0.0,IL,"Rockford, IL",Rockford
2021-08-01,300.0,IL,"Rockford, IL",Rockford
2021-09-01,-50.0,IL,"Rockford, IL",Rockford
2021-10-01,-100.0,IL,"Rockford, IL",Rockford
2017-07-01,20.0,WA,"Kennewick-Richland, WA",Kennewick
2017-08-01,33.33,WA,"Kennewick-Richland, WA",Kennewick
2017-09-01,-25.0,WA,"Kennewick-Richland, WA",Kennewick
2017-10-01,33.33,WA,"Kennewick-Richland, WA",Kennewick
2017-11-01,0.0,WA,"Kennewick-Richland, WA",Kennewick
2017-12-01,-62.5,WA,"Kennewick-Richland, WA",Kennewick
2018-01-01,433.33,WA,"Kennewick-Richland, WA",Kennewick
2018-02-01,-31.25,WA,"Kennewick-Richland, WA",Kennewick
2018-03-01,63.64,WA,"Kennewick-Richland, WA",Kennewick
2018-04-01,-38.89,WA,"Kennewick-Richland, WA",Kennewick
2018-05-01,-36.36,WA,"Kennewick-Richland, WA",Kennewick
2018-06-01,28.57,WA,"Kennewick-Richland, WA",Kennewick
2018-07-01,-11.11,WA,"Kennewick-Richland, WA",Kennewick
2018-08-01,-12.5,WA,"Kennewick-Richland, WA",Kennewick
2018-09-01,0.0,WA,"Kennewick-Richland, WA",Kennewick
2018-10-01,14.29,WA,"Kennewick-Richland, WA",Kennewick
2018-11-01,-75.0,WA,"Kennewick-Richland, WA",Kennewick
2018-12-01,100.0,WA,"Kennewick-Richland, WA",Kennewick
2019-01-01,50.0,WA,"Kennewick-Richland, WA",Kennewick
2019-02-01,16.67,WA,"Kennewick-Richland, WA",Kennewick
2019-03-01,42.86,WA,"Kennewick-Richland, WA",Kennewick
2019-04-01,-20.0,WA,"Kennewick-Richland, WA",Kennewick
2019-05-01,-12.5,WA,"Kennewick-Richland, WA",Kennewick
2019-06-01,-71.43,WA,"Kennewick-Richland, WA",Kennewick
2019-07-01,0.0,WA,"Kennewick-Richland, WA",Kennewick
2019-08-01,300.0,WA,"Kennewick-Richland, WA",Kennewick
2019-09-01,100.0,WA,"Kennewick-Richland, WA",Kennewick
2019-10-01,-62.5,WA,"Kennewick-Richland, WA",Kennewick
2019-11-01,-50.0,WA,"Kennewick-Richland, WA",Kennewick
2019-12-01,33.33,WA,"Kennewick-Richland, WA",Kennewick
2020-01-01,75.0,WA,"Kennewick-Richland, WA",Kennewick
2020-02-01,42.86,WA,"Kennewick-Richland, WA",Kennewick
2020-03-01,0.0,WA,"Kennewick-Richland, WA",Kennewick
2020-04-01,-70.0,WA,"Kennewick-Richland, WA",Kennewick
2020-05-01,33.33,WA,"Kennewick-Richland, WA",Kennewick
2020-06-01,100.0,WA,"Kennewick-Richland, WA",Kennewick
2020-07-01,-25.0,WA,"Kennewick-Richland, WA",Kennewick
2020-08-01,16.67,WA,"Kennewick-Richland, WA",Kennewick
2020-09-01,100.0,WA,"Kennewick-Richland, WA",Kennewick
2020-10-01,-50.0,WA,"Kennewick-Richland, WA",Kennewick
2020-11-01,-28.57,WA,"Kennewick-Richland, WA",Kennewick
2020-12-01,100.0,WA,"Kennewick-Richland, WA",Kennewick
2021-01-01,-10.0,WA,"Kennewick-Richland, WA",Kennewick
2021-02-01,11.11,WA,"Kennewick-Richland, WA",Kennewick
2021-03-01,10.0,WA,"Kennewick-Richland, WA",Kennewick
2021-04-01,-45.45,WA,"Kennewick-Richland, WA",Kennewick
2021-05-01,16.67,WA,"Kennewick-Richland, WA",Kennewick
2021-06-01,-42.86,WA,"Kennewick-Richland, WA",Kennewick
2021-07-01,0.0,WA,"Kennewick-Richland, WA",Kennewick
2021-08-01,-25.0,WA,"Kennewick-Richland, WA",Kennewick
2021-09-01,-33.33,WA,"Kennewick-Richland, WA",Kennewick
2021-10-01,0.0,WA,"Kennewick-Richland, WA",Kennewick
2021-11-01,100.0,WA,"Kennewick-Richland, WA",Kennewick
2017-07-01,20.0,VA,"Charlottesville, VA",Charlottesville
2017-08-01,0.0,VA,"Charlottesville, VA",Charlottesville
2017-09-01,66.67,VA,"Charlottesville, VA",Charlottesville
2017-10-01,20.0,VA,"Charlottesville, VA",Charlottesville
2017-11-01,16.67,VA,"Charlottesville, VA",Charlottesville
2017-12-01,35.71,VA,"Charlottesville, VA",Charlottesville
2018-01-01,-42.11,VA,"Charlottesville, VA",Charlottesville
2018-02-01,27.27,VA,"Charlottesville, VA",Charlottesville
2018-03-01,50.0,VA,"Charlottesville, VA",Charlottesville
2018-04-01,23.81,VA,"Charlottesville, VA",Charlottesville
2018-05-01,7.69,VA,"Charlottesville, VA",Charlottesville
2018-06-01,-3.57,VA,"Charlottesville, VA",Charlottesville
2018-07-01,-22.22,VA,"Charlottesville, VA",Charlottesville
2018-08-01,4.76,VA,"Charlottesville, VA",Charlottesville
2018-09-01,-4.55,VA,"Charlottesville, VA",Charlottesville
2018-10-01,-33.33,VA,"Charlottesville, VA",Charlottesville
2018-11-01,14.29,VA,"Charlottesville, VA",Charlottesville
2018-12-01,-25.0,VA,"Charlottesville, VA",Charlottesville
2019-01-01,8.33,VA,"Charlottesville, VA",Charlottesville
2019-02-01,7.69,VA,"Charlottesville, VA",Charlottesville
2019-03-01,0.0,VA,"Charlottesville, VA",Charlottesville
2019-04-01,-7.14,VA,"Charlottesville, VA",Charlottesville
2019-05-01,-69.23,VA,"Charlottesville, VA",Charlottesville
2019-06-01,175.0,VA,"Charlottesville, VA",Charlottesville
2019-07-01,-45.45,VA,"Charlottesville, VA",Charlottesville
2019-08-01,116.67,VA,"Charlottesville, VA",Charlottesville
2019-09-01,46.15,VA,"Charlottesville, VA",Charlottesville
2019-10-01,-89.47,VA,"Charlottesville, VA",Charlottesville
2019-11-01,150.0,VA,"Charlottesville, VA",Charlottesville
2019-12-01,-20.0,VA,"Charlottesville, VA",Charlottesville
2020-01-01,125.0,VA,"Charlottesville, VA",Charlottesville
2020-02-01,-11.11,VA,"Charlottesville, VA",Charlottesville
2020-03-01,62.5,VA,"Charlottesville, VA",Charlottesville
2020-04-01,-84.62,VA,"Charlottesville, VA",Charlottesville
2020-05-01,150.0,VA,"Charlottesville, VA",Charlottesville
2020-06-01,20.0,VA,"Charlottesville, VA",Charlottesville
2020-07-01,16.67,VA,"Charlottesville, VA",Charlottesville
2020-08-01,0.0,VA,"Charlottesville, VA",Charlottesville
2020-09-01,200.0,VA,"Charlottesville, VA",Charlottesville
2020-10-01,-38.1,VA,"Charlottesville, VA",Charlottesville
2020-11-01,-76.92,VA,"Charlottesville, VA",Charlottesville
2020-12-01,100.0,VA,"Charlottesville, VA",Charlottesville
2021-01-01,16.67,VA,"Charlottesville, VA",Charlottesville
2021-02-01,114.29,VA,"Charlottesville, VA",Charlottesville
2021-03-01,13.33,VA,"Charlottesville, VA",Charlottesville
2021-04-01,47.06,VA,"Charlottesville, VA",Charlottesville
2021-05-01,-40.0,VA,"Charlottesville, VA",Charlottesville
2021-06-01,33.33,VA,"Charlottesville, VA",Charlottesville
2021-07-01,-40.0,VA,"Charlottesville, VA",Charlottesville
2021-08-01,-33.33,VA,"Charlottesville, VA",Charlottesville
2021-09-01,-50.0,VA,"Charlottesville, VA",Charlottesville
2021-10-01,50.0,VA,"Charlottesville, VA",Charlottesville
2021-11-01,-16.67,VA,"Charlottesville, VA",Charlottesville
2017-07-01,-27.27,GA,"Gainesville, GA",Gainesville
2017-08-01,43.75,GA,"Gainesville, GA",Gainesville
2017-09-01,17.39,GA,"Gainesville, GA",Gainesville
2017-10-01,-51.85,GA,"Gainesville, GA",Gainesville
2017-11-01,53.85,GA,"Gainesville, GA",Gainesville
2017-12-01,-25.0,GA,"Gainesville, GA",Gainesville
2018-01-01,40.0,GA,"Gainesville, GA",Gainesville
2018-02-01,-33.33,GA,"Gainesville, GA",Gainesville
2018-03-01,21.43,GA,"Gainesville, GA",Gainesville
2018-04-01,141.18,GA,"Gainesville, GA",Gainesville
2018-05-01,46.34,GA,"Gainesville, GA",Gainesville
2018-06-01,-33.33,GA,"Gainesville, GA",Gainesville
2018-07-01,-7.5,GA,"Gainesville, GA",Gainesville
2018-08-01,-2.7,GA,"Gainesville, GA",Gainesville
2018-09-01,-33.33,GA,"Gainesville, GA",Gainesville
2018-10-01,-4.17,GA,"Gainesville, GA",Gainesville
2018-11-01,-39.13,GA,"Gainesville, GA",Gainesville
2018-12-01,-14.29,GA,"Gainesville, GA",Gainesville
2019-01-01,183.33,GA,"Gainesville, GA",Gainesville
2019-02-01,35.29,GA,"Gainesville, GA",Gainesville
2019-03-01,-54.35,GA,"Gainesville, GA",Gainesville
2019-04-01,-33.33,GA,"Gainesville, GA",Gainesville
2019-05-01,-21.43,GA,"Gainesville, GA",Gainesville
2019-06-01,-9.09,GA,"Gainesville, GA",Gainesville
2019-07-01,50.0,GA,"Gainesville, GA",Gainesville
2019-08-01,53.33,GA,"Gainesville, GA",Gainesville
2019-09-01,39.13,GA,"Gainesville, GA",Gainesville
2019-10-01,25.0,GA,"Gainesville, GA",Gainesville
2019-11-01,-52.5,GA,"Gainesville, GA",Gainesville
2019-12-01,-21.05,GA,"Gainesville, GA",Gainesville
2020-01-01,-26.67,GA,"Gainesville, GA",Gainesville
2020-02-01,-9.09,GA,"Gainesville, GA",Gainesville
2020-03-01,90.0,GA,"Gainesville, GA",Gainesville
2020-04-01,-31.58,GA,"Gainesville, GA",Gainesville
2020-05-01,153.85,GA,"Gainesville, GA",Gainesville
2020-06-01,9.09,GA,"Gainesville, GA",Gainesville
2020-07-01,5.56,GA,"Gainesville, GA",Gainesville
2020-08-01,-5.26,GA,"Gainesville, GA",Gainesville
2020-09-01,-38.89,GA,"Gainesville, GA",Gainesville
2020-10-01,81.82,GA,"Gainesville, GA",Gainesville
2020-11-01,-45.0,GA,"Gainesville, GA",Gainesville
2020-12-01,18.18,GA,"Gainesville, GA",Gainesville
2021-01-01,-65.38,GA,"Gainesville, GA",Gainesville
2021-02-01,0.0,GA,"Gainesville, GA",Gainesville
2021-03-01,22.22,GA,"Gainesville, GA",Gainesville
2021-04-01,-72.73,GA,"Gainesville, GA",Gainesville
2021-05-01,133.33,GA,"Gainesville, GA",Gainesville
2021-06-01,-42.86,GA,"Gainesville, GA",Gainesville
2021-07-01,50.0,GA,"Gainesville, GA",Gainesville
2021-08-01,-16.67,GA,"Gainesville, GA",Gainesville
2021-09-01,40.0,GA,"Gainesville, GA",Gainesville
2021-10-01,-14.29,GA,"Gainesville, GA",Gainesville
2021-11-01,150.0,GA,"Gainesville, GA",Gainesville
2017-07-01,-12.0,FL,"Punta Gorda, FL",Punta Gorda
2017-08-01,-9.09,FL,"Punta Gorda, FL",Punta Gorda
2017-09-01,10.0,FL,"Punta Gorda, FL",Punta Gorda
2017-10-01,-18.18,FL,"Punta Gorda, FL",Punta Gorda
2017-11-01,0.0,FL,"Punta Gorda, FL",Punta Gorda
2017-12-01,11.11,FL,"Punta Gorda, FL",Punta Gorda
2018-01-01,-30.0,FL,"Punta Gorda, FL",Punta Gorda
2018-02-01,42.86,FL,"Punta Gorda, FL",Punta Gorda
2018-03-01,0.0,FL,"Punta Gorda, FL",Punta Gorda
2018-04-01,30.0,FL,"Punta Gorda, FL",Punta Gorda
2018-05-01,11.54,FL,"Punta Gorda, FL",Punta Gorda
2018-06-01,-37.93,FL,"Punta Gorda, FL",Punta Gorda
2018-07-01,33.33,FL,"Punta Gorda, FL",Punta Gorda
2018-08-01,4.17,FL,"Punta Gorda, FL",Punta Gorda
2018-09-01,-20.0,FL,"Punta Gorda, FL",Punta Gorda
2018-10-01,-60.0,FL,"Punta Gorda, FL",Punta Gorda
2018-11-01,25.0,FL,"Punta Gorda, FL",Punta Gorda
2018-12-01,-40.0,FL,"Punta Gorda, FL",Punta Gorda
2019-01-01,-16.67,FL,"Punta Gorda, FL",Punta Gorda
2019-02-01,0.0,FL,"Punta Gorda, FL",Punta Gorda
2019-03-01,20.0,FL,"Punta Gorda, FL",Punta Gorda
2019-04-01,66.67,FL,"Punta Gorda, FL",Punta Gorda
2019-05-01,20.0,FL,"Punta Gorda, FL",Punta Gorda
2019-06-01,-58.33,FL,"Punta Gorda, FL",Punta Gorda
2019-07-01,100.0,FL,"Punta Gorda, FL",Punta Gorda
2019-08-01,50.0,FL,"Punta Gorda, FL",Punta Gorda
2019-09-01,13.33,FL,"Punta Gorda, FL",Punta Gorda
2019-10-01,0.0,FL,"Punta Gorda, FL",Punta Gorda
2019-11-01,-58.82,FL,"Punta Gorda, FL",Punta Gorda
2019-12-01,0.0,FL,"Punta Gorda, FL",Punta Gorda
2020-01-01,28.57,FL,"Punta Gorda, FL",Punta Gorda
2020-02-01,-11.11,FL,"Punta Gorda, FL",Punta Gorda
2020-03-01,0.0,FL,"Punta Gorda, FL",Punta Gorda
2020-04-01,-25.0,FL,"Punta Gorda, FL",Punta Gorda
2020-05-01,83.33,FL,"Punta Gorda, FL",Punta Gorda
2020-06-01,18.18,FL,"Punta Gorda, FL",Punta Gorda
2020-07-01,-15.38,FL,"Punta Gorda, FL",Punta Gorda
2020-08-01,18.18,FL,"Punta Gorda, FL",Punta Gorda
2020-09-01,169.23,FL,"Punta Gorda, FL",Punta Gorda
2020-10-01,-57.14,FL,"Punta Gorda, FL",Punta Gorda
2020-11-01,106.67,FL,"Punta Gorda, FL",Punta Gorda
2020-12-01,-48.39,FL,"Punta Gorda, FL",Punta Gorda
2021-01-01,150.0,FL,"Punta Gorda, FL",Punta Gorda
2021-02-01,-37.5,FL,"Punta Gorda, FL",Punta Gorda
2021-03-01,-4.0,FL,"Punta Gorda, FL",Punta Gorda
2021-04-01,0.0,FL,"Punta Gorda, FL",Punta Gorda
2021-05-01,-12.5,FL,"Punta Gorda, FL",Punta Gorda
2021-06-01,-28.57,FL,"Punta Gorda, FL",Punta Gorda
2021-07-01,6.67,FL,"Punta Gorda, FL",Punta Gorda
2021-08-01,-37.5,FL,"Punta Gorda, FL",Punta Gorda
2021-09-01,80.0,FL,"Punta Gorda, FL",Punta Gorda
2021-10-01,-50.0,FL,"Punta Gorda, FL",Punta Gorda
2021-11-01,77.78,FL,"Punta Gorda, FL",Punta Gorda
2017-07-01,0.0,CO,"Pueblo, CO",Pueblo
2017-08-01,0.0,CO,"Pueblo, CO",Pueblo
2017-09-01,300.0,CO,"Pueblo, CO",Pueblo
2017-10-01,-75.0,CO,"Pueblo, CO",Pueblo
2017-11-01,0.0,CO,"Pueblo, CO",Pueblo
2017-12-01,200.0,CO,"Pueblo, CO",Pueblo
2018-01-01,-66.67,CO,"Pueblo, CO",Pueblo
2018-02-01,0.0,CO,"Pueblo, CO",Pueblo
2018-03-01,100.0,CO,"Pueblo, CO",Pueblo
2018-04-01,-50.0,CO,"Pueblo, CO",Pueblo
2018-05-01,0.0,CO,"Pueblo, CO",Pueblo
2018-06-01,100.0,CO,"Pueblo, CO",Pueblo
2018-07-01,50.0,CO,"Pueblo, CO",Pueblo
2018-08-01,-33.33,CO,"Pueblo, CO",Pueblo
2018-09-01,0.0,CO,"Pueblo, CO",Pueblo
2018-10-01,100.0,CO,"Pueblo, CO",Pueblo
2018-11-01,-75.0,CO,"Pueblo, CO",Pueblo
2018-12-01,0.0,CO,"Pueblo, CO",Pueblo
2019-01-01,100.0,CO,"Pueblo, CO",Pueblo
2019-02-01,-50.0,CO,"Pueblo, CO",Pueblo
2019-03-01,-100.0,CO,"Pueblo, CO",Pueblo
2019-04-01,.,CO,"Pueblo, CO",Pueblo
2019-05-01,300.0,CO,"Pueblo, CO",Pueblo
2019-06-01,-25.0,CO,"Pueblo, CO",Pueblo
2019-07-01,-33.33,CO,"Pueblo, CO",Pueblo
2019-08-01,100.0,CO,"Pueblo, CO",Pueblo
2019-09-01,50.0,CO,"Pueblo, CO",Pueblo
2019-10-01,-50.0,CO,"Pueblo, CO",Pueblo
2019-11-01,-66.67,CO,"Pueblo, CO",Pueblo
2019-12-01,-100.0,CO,"Pueblo, CO",Pueblo
2020-01-01,.,CO,"Pueblo, CO",Pueblo
2020-02-01,200.0,CO,"Pueblo, CO",Pueblo
2020-03-01,33.33,CO,"Pueblo, CO",Pueblo
2020-04-01,-50.0,CO,"Pueblo, CO",Pueblo
2020-05-01,-50.0,CO,"Pueblo, CO",Pueblo
2020-06-01,0.0,CO,"Pueblo, CO",Pueblo
2020-07-01,100.0,CO,"Pueblo, CO",Pueblo
2020-08-01,50.0,CO,"Pueblo, CO",Pueblo
2020-09-01,-66.67,CO,"Pueblo, CO",Pueblo
2020-10-01,-100.0,CO,"Pueblo, CO",Pueblo
2020-11-01,.,CO,"Pueblo, CO",Pueblo
2020-12-01,0.0,CO,"Pueblo, CO",Pueblo
2021-01-01,100.0,CO,"Pueblo, CO",Pueblo
2021-02-01,50.0,CO,"Pueblo, CO",Pueblo
2021-03-01,-66.67,CO,"Pueblo, CO",Pueblo
2021-04-01,300.0,CO,"Pueblo, CO",Pueblo
2021-05-01,0.0,CO,"Pueblo, CO",Pueblo
2021-06-01,25.0,CO,"Pueblo, CO",Pueblo
2021-07-01,-40.0,CO,"Pueblo, CO",Pueblo
2021-08-01,0.0,CO,"Pueblo, CO",Pueblo
2021-09-01,-33.33,CO,"Pueblo, CO",Pueblo
2021-10-01,50.0,CO,"Pueblo, CO",Pueblo
2021-11-01,-66.67,CO,"Pueblo, CO",Pueblo
2017-08-01,-100.0,WV,"Morgantown, WV",Morgantown
2017-09-01,.,WV,"Morgantown, WV",Morgantown
2017-10-01,0.0,WV,"Morgantown, WV",Morgantown
2017-11-01,0.0,WV,"Morgantown, WV",Morgantown
2017-12-01,0.0,WV,"Morgantown, WV",Morgantown
2018-01-01,-100.0,WV,"Morgantown, WV",Morgantown
2018-02-01,.,WV,"Morgantown, WV",Morgantown
2018-03-01,.,WV,"Morgantown, WV",Morgantown
2018-04-01,-50.0,WV,"Morgantown, WV",Morgantown
2018-05-01,0.0,WV,"Morgantown, WV",Morgantown
2018-06-01,0.0,WV,"Morgantown, WV",Morgantown
2018-07-01,0.0,WV,"Morgantown, WV",Morgantown
2018-08-01,200.0,WV,"Morgantown, WV",Morgantown
2018-09-01,-33.33,WV,"Morgantown, WV",Morgantown
2018-10-01,-50.0,WV,"Morgantown, WV",Morgantown
2018-11-01,-100.0,WV,"Morgantown, WV",Morgantown
2018-12-01,.,WV,"Morgantown, WV",Morgantown
2019-01-01,-100.0,WV,"Morgantown, WV",Morgantown
2019-02-01,.,WV,"Morgantown, WV",Morgantown
2019-03-01,.,WV,"Morgantown, WV",Morgantown
2019-04-01,0.0,WV,"Morgantown, WV",Morgantown
2019-05-01,100.0,WV,"Morgantown, WV",Morgantown
2019-06-01,-100.0,WV,"Morgantown, WV",Morgantown
2019-07-01,.,WV,"Morgantown, WV",Morgantown
2019-08-01,.,WV,"Morgantown, WV",Morgantown
2019-09-01,.,WV,"Morgantown, WV",Morgantown
2019-10-01,-100.0,WV,"Morgantown, WV",Morgantown
2019-11-01,.,WV,"Morgantown, WV",Morgantown
2019-12-01,.,WV,"Morgantown, WV",Morgantown
2020-01-01,.,WV,"Morgantown, WV",Morgantown
2020-02-01,.,WV,"Morgantown, WV",Morgantown
2020-03-01,.,WV,"Morgantown, WV",Morgantown
2020-04-01,0.0,WV,"Morgantown, WV",Morgantown
2020-05-01,-100.0,WV,"Morgantown, WV",Morgantown
2020-06-01,.,WV,"Morgantown, WV",Morgantown
2020-07-01,-100.0,WV,"Morgantown, WV",Morgantown
2020-08-01,.,WV,"Morgantown, WV",Morgantown
2020-09-01,-100.0,WV,"Morgantown, WV",Morgantown
2020-10-01,.,WV,"Morgantown, WV",Morgantown
2020-11-01,.,WV,"Morgantown, WV",Morgantown
2020-12-01,.,WV,"Morgantown, WV",Morgantown
2021-01-01,0.0,WV,"Morgantown, WV",Morgantown
2021-02-01,200.0,WV,"Morgantown, WV",Morgantown
2021-03-01,0.0,WV,"Morgantown, WV",Morgantown
2021-04-01,33.33,WV,"Morgantown, WV",Morgantown
2021-05-01,0.0,WV,"Morgantown, WV",Morgantown
2021-06-01,-75.0,WV,"Morgantown, WV",Morgantown
2021-07-01,0.0,WV,"Morgantown, WV",Morgantown
2021-08-01,-100.0,WV,"Morgantown, WV",Morgantown
2021-09-01,.,WV,"Morgantown, WV",Morgantown
2021-10-01,.,WV,"Morgantown, WV",Morgantown
2021-11-01,-100.0,WV,"Morgantown, WV",Morgantown
2017-07-01,-40.0,CA,"Napa, CA",Napa
2017-08-01,0.0,CA,"Napa, CA",Napa
2017-09-01,-33.33,CA,"Napa, CA",Napa
2017-10-01,50.0,CA,"Napa, CA",Napa
2017-11-01,-66.67,CA,"Napa, CA",Napa
2017-12-01,0.0,CA,"Napa, CA",Napa
2018-01-01,0.0,CA,"Napa, CA",Napa
2018-02-01,-100.0,CA,"Napa, CA",Napa
2018-03-01,.,CA,"Napa, CA",Napa
2018-04-01,-100.0,CA,"Napa, CA",Napa
2018-05-01,.,CA,"Napa, CA",Napa
2018-06-01,100.0,CA,"Napa, CA",Napa
2018-07-01,-75.0,CA,"Napa, CA",Napa
2018-08-01,100.0,CA,"Napa, CA",Napa
2018-09-01,100.0,CA,"Napa, CA",Napa
2018-10-01,-50.0,CA,"Napa, CA",Napa
2018-11-01,0.0,CA,"Napa, CA",Napa
2018-12-01,-50.0,CA,"Napa, CA",Napa
2019-01-01,0.0,CA,"Napa, CA",Napa
2019-02-01,-100.0,CA,"Napa, CA",Napa
2019-03-01,.,CA,"Napa, CA",Napa
2019-04-01,.,CA,"Napa, CA",Napa
2019-05-01,.,CA,"Napa, CA",Napa
2019-06-01,-100.0,CA,"Napa, CA",Napa
2019-07-01,.,CA,"Napa, CA",Napa
2019-08-01,.,CA,"Napa, CA",Napa
2019-09-01,.,CA,"Napa, CA",Napa
2019-10-01,-100.0,CA,"Napa, CA",Napa
2019-11-01,.,CA,"Napa, CA",Napa
2019-12-01,-100.0,CA,"Napa, CA",Napa
2020-01-01,.,CA,"Napa, CA",Napa
2020-02-01,.,CA,"Napa, CA",Napa
2020-03-01,.,CA,"Napa, CA",Napa
2020-04-01,.,CA,"Napa, CA",Napa
2020-05-01,.,CA,"Napa, CA",Napa
2020-06-01,0.0,CA,"Napa, CA",Napa
2020-07-01,0.0,CA,"Napa, CA",Napa
2020-08-01,0.0,CA,"Napa, CA",Napa
2020-09-01,0.0,CA,"Napa, CA",Napa
2020-10-01,0.0,CA,"Napa, CA",Napa
2020-11-01,0.0,CA,"Napa, CA",Napa
2020-12-01,100.0,CA,"Napa, CA",Napa
2021-01-01,0.0,CA,"Napa, CA",Napa
2021-02-01,-100.0,CA,"Napa, CA",Napa
2021-03-01,.,CA,"Napa, CA",Napa
2021-04-01,.,CA,"Napa, CA",Napa
2021-05-01,0.0,CA,"Napa, CA",Napa
2021-06-01,200.0,CA,"Napa, CA",Napa
2021-07-01,-100.0,CA,"Napa, CA",Napa
2021-08-01,.,CA,"Napa, CA",Napa
2021-09-01,-50.0,CA,"Napa, CA",Napa
2021-10-01,-100.0,CA,"Napa, CA",Napa
2017-10-01,-100.0,ID,"Lewiston, ID-WA",Lewiston
2017-11-01,.,ID,"Lewiston, ID-WA",Lewiston
2017-12-01,.,ID,"Lewiston, ID-WA",Lewiston
2018-01-01,-100.0,ID,"Lewiston, ID-WA",Lewiston
2018-02-01,.,ID,"Lewiston, ID-WA",Lewiston
2018-03-01,-100.0,ID,"Lewiston, ID-WA",Lewiston
2018-04-01,.,ID,"Lewiston, ID-WA",Lewiston
2018-05-01,.,ID,"Lewiston, ID-WA",Lewiston
2018-06-01,.,ID,"Lewiston, ID-WA",Lewiston
2018-07-01,.,ID,"Lewiston, ID-WA",Lewiston
2018-08-01,.,ID,"Lewiston, ID-WA",Lewiston
2018-09-01,-100.0,ID,"Lewiston, ID-WA",Lewiston
2018-10-01,.,ID,"Lewiston, ID-WA",Lewiston
2018-11-01,.,ID,"Lewiston, ID-WA",Lewiston
2018-12-01,.,ID,"Lewiston, ID-WA",Lewiston
2019-01-01,.,ID,"Lewiston, ID-WA",Lewiston
2019-02-01,.,ID,"Lewiston, ID-WA",Lewiston
2019-03-01,.,ID,"Lewiston, ID-WA",Lewiston
2019-04-01,.,ID,"Lewiston, ID-WA",Lewiston
2019-05-01,.,ID,"Lewiston, ID-WA",Lewiston
2019-06-01,.,ID,"Lewiston, ID-WA",Lewiston
2019-07-01,.,ID,"Lewiston, ID-WA",Lewiston
2019-08-01,.,ID,"Lewiston, ID-WA",Lewiston
2019-09-01,.,ID,"Lewiston, ID-WA",Lewiston
2019-10-01,-100.0,ID,"Lewiston, ID-WA",Lewiston
2019-11-01,.,ID,"Lewiston, ID-WA",Lewiston
2019-12-01,.,ID,"Lewiston, ID-WA",Lewiston
2020-01-01,.,ID,"Lewiston, ID-WA",Lewiston
2020-02-01,.,ID,"Lewiston, ID-WA",Lewiston
2020-03-01,.,ID,"Lewiston, ID-WA",Lewiston
2020-04-01,.,ID,"Lewiston, ID-WA",Lewiston
2020-05-01,.,ID,"Lewiston, ID-WA",Lewiston
2020-06-01,.,ID,"Lewiston, ID-WA",Lewiston
2020-07-01,.,ID,"Lewiston, ID-WA",Lewiston
2020-08-01,.,ID,"Lewiston, ID-WA",Lewiston
2020-09-01,.,ID,"Lewiston, ID-WA",Lewiston
2020-10-01,.,ID,"Lewiston, ID-WA",Lewiston
2020-11-01,.,ID,"Lewiston, ID-WA",Lewiston
2020-12-01,.,ID,"Lewiston, ID-WA",Lewiston
2021-01-01,.,ID,"Lewiston, ID-WA",Lewiston
2021-02-01,.,ID,"Lewiston, ID-WA",Lewiston
2021-03-01,.,ID,"Lewiston, ID-WA",Lewiston
2021-04-01,.,ID,"Lewiston, ID-WA",Lewiston
2021-05-01,.,ID,"Lewiston, ID-WA",Lewiston
2021-06-01,.,ID,"Lewiston, ID-WA",Lewiston
2021-07-01,.,ID,"Lewiston, ID-WA",Lewiston
2021-08-01,.,ID,"Lewiston, ID-WA",Lewiston
2021-09-01,.,ID,"Lewiston, ID-WA",Lewiston
2021-10-01,.,ID,"Lewiston, ID-WA",Lewiston
2021-11-01,-100.0,ID,"Lewiston, ID-WA",Lewiston
