date,Housing Inventory: Median Listing Price per Square Feet Year-Over-Year,state,msa,city
2017-07-01,12.8,NY,"New York-Newark-Jersey City, NY-NJ-PA",New York
2017-08-01,11.81,NY,"New York-Newark-Jersey City, NY-NJ-PA",New York
2017-09-01,11.24,NY,"New York-Newark-Jersey City, NY-NJ-PA",New York
2017-10-01,9.76,NY,"New York-Newark-Jersey City, NY-NJ-PA",New York
2017-11-01,7.29,NY,"New York-Newark-Jersey City, NY-NJ-PA",New York
2017-12-01,7.2,NY,"New York-Newark-Jersey City, NY-NJ-PA",New York
2018-01-01,8.42,NY,"New York-Newark-Jersey City, NY-NJ-PA",New York
2018-02-01,9.62,NY,"New York-Newark-Jersey City, NY-NJ-PA",New York
2018-03-01,11.36,NY,"New York-Newark-Jersey City, NY-NJ-PA",New York
2018-04-01,10.02,NY,"New York-Newark-Jersey City, NY-NJ-PA",New York
2018-05-01,9.16,NY,"New York-Newark-Jersey City, NY-NJ-PA",New York
2018-06-01,9.79,NY,"New York-Newark-Jersey City, NY-NJ-PA",New York
2018-07-01,9.82,NY,"New York-Newark-Jersey City, NY-NJ-PA",New York
2018-08-01,9.24,NY,"New York-Newark-Jersey City, NY-NJ-PA",New York
2018-09-01,10.83,NY,"New York-Newark-Jersey City, NY-NJ-PA",New York
2018-10-01,10.86,NY,"New York-Newark-Jersey City, NY-NJ-PA",New York
2018-11-01,12.16,NY,"New York-Newark-Jersey City, NY-NJ-PA",New York
2018-12-01,12.4,NY,"New York-Newark-Jersey City, NY-NJ-PA",New York
2019-01-01,11.56,NY,"New York-Newark-Jersey City, NY-NJ-PA",New York
2019-02-01,8.29,NY,"New York-Newark-Jersey City, NY-NJ-PA",New York
2019-03-01,6.08,NY,"New York-Newark-Jersey City, NY-NJ-PA",New York
2019-04-01,6.31,NY,"New York-Newark-Jersey City, NY-NJ-PA",New York
2019-05-01,5.76,NY,"New York-Newark-Jersey City, NY-NJ-PA",New York
2019-06-01,5.06,NY,"New York-Newark-Jersey City, NY-NJ-PA",New York
2019-07-01,4.66,NY,"New York-Newark-Jersey City, NY-NJ-PA",New York
2019-08-01,5.06,NY,"New York-Newark-Jersey City, NY-NJ-PA",New York
2019-09-01,2.48,NY,"New York-Newark-Jersey City, NY-NJ-PA",New York
2019-10-01,6.09,NY,"New York-Newark-Jersey City, NY-NJ-PA",New York
2019-11-01,6.85,NY,"New York-Newark-Jersey City, NY-NJ-PA",New York
2019-12-01,8.71,NY,"New York-Newark-Jersey City, NY-NJ-PA",New York
2020-01-01,7.63,NY,"New York-Newark-Jersey City, NY-NJ-PA",New York
2020-02-01,7.91,NY,"New York-Newark-Jersey City, NY-NJ-PA",New York
2020-03-01,7.37,NY,"New York-Newark-Jersey City, NY-NJ-PA",New York
2020-04-01,8.58,NY,"New York-Newark-Jersey City, NY-NJ-PA",New York
2020-05-01,8.78,NY,"New York-Newark-Jersey City, NY-NJ-PA",New York
2020-06-01,9.79,NY,"New York-Newark-Jersey City, NY-NJ-PA",New York
2020-07-01,18.78,NY,"New York-Newark-Jersey City, NY-NJ-PA",New York
2020-08-01,33.24,NY,"New York-Newark-Jersey City, NY-NJ-PA",New York
2020-09-01,39.2,NY,"New York-Newark-Jersey City, NY-NJ-PA",New York
2020-10-01,43.09,NY,"New York-Newark-Jersey City, NY-NJ-PA",New York
2020-11-01,37.85,NY,"New York-Newark-Jersey City, NY-NJ-PA",New York
2020-12-01,38.8,NY,"New York-Newark-Jersey City, NY-NJ-PA",New York
2021-01-01,43.92,NY,"New York-Newark-Jersey City, NY-NJ-PA",New York
2021-02-01,42.22,NY,"New York-Newark-Jersey City, NY-NJ-PA",New York
2021-03-01,40.96,NY,"New York-Newark-Jersey City, NY-NJ-PA",New York
2021-04-01,40.16,NY,"New York-Newark-Jersey City, NY-NJ-PA",New York
2021-05-01,37.32,NY,"New York-Newark-Jersey City, NY-NJ-PA",New York
2021-06-01,31.54,NY,"New York-Newark-Jersey City, NY-NJ-PA",New York
2021-07-01,19.02,NY,"New York-Newark-Jersey City, NY-NJ-PA",New York
2021-08-01,11.62,NY,"New York-Newark-Jersey City, NY-NJ-PA",New York
2021-09-01,9.86,NY,"New York-Newark-Jersey City, NY-NJ-PA",New York
2021-10-01,4.53,NY,"New York-Newark-Jersey City, NY-NJ-PA",New York
2021-11-01,17.54,NY,"New York-Newark-Jersey City, NY-NJ-PA",New York
2017-07-01,5.96,IL,"Chicago-Naperville-Elgin, IL-IN-WI",Chicago
2017-08-01,5.57,IL,"Chicago-Naperville-Elgin, IL-IN-WI",Chicago
2017-09-01,5.77,IL,"Chicago-Naperville-Elgin, IL-IN-WI",Chicago
2017-10-01,5.99,IL,"Chicago-Naperville-Elgin, IL-IN-WI",Chicago
2017-11-01,5.9,IL,"Chicago-Naperville-Elgin, IL-IN-WI",Chicago
2017-12-01,6.26,IL,"Chicago-Naperville-Elgin, IL-IN-WI",Chicago
2018-01-01,5.98,IL,"Chicago-Naperville-Elgin, IL-IN-WI",Chicago
2018-02-01,6.26,IL,"Chicago-Naperville-Elgin, IL-IN-WI",Chicago
2018-03-01,7.61,IL,"Chicago-Naperville-Elgin, IL-IN-WI",Chicago
2018-04-01,7.51,IL,"Chicago-Naperville-Elgin, IL-IN-WI",Chicago
2018-05-01,6.78,IL,"Chicago-Naperville-Elgin, IL-IN-WI",Chicago
2018-06-01,5.87,IL,"Chicago-Naperville-Elgin, IL-IN-WI",Chicago
2018-07-01,5.59,IL,"Chicago-Naperville-Elgin, IL-IN-WI",Chicago
2018-08-01,5.49,IL,"Chicago-Naperville-Elgin, IL-IN-WI",Chicago
2018-09-01,4.87,IL,"Chicago-Naperville-Elgin, IL-IN-WI",Chicago
2018-10-01,4.16,IL,"Chicago-Naperville-Elgin, IL-IN-WI",Chicago
2018-11-01,4.61,IL,"Chicago-Naperville-Elgin, IL-IN-WI",Chicago
2018-12-01,4.51,IL,"Chicago-Naperville-Elgin, IL-IN-WI",Chicago
2019-01-01,4.54,IL,"Chicago-Naperville-Elgin, IL-IN-WI",Chicago
2019-02-01,4.06,IL,"Chicago-Naperville-Elgin, IL-IN-WI",Chicago
2019-03-01,2.73,IL,"Chicago-Naperville-Elgin, IL-IN-WI",Chicago
2019-04-01,3.16,IL,"Chicago-Naperville-Elgin, IL-IN-WI",Chicago
2019-05-01,2.57,IL,"Chicago-Naperville-Elgin, IL-IN-WI",Chicago
2019-06-01,3.1,IL,"Chicago-Naperville-Elgin, IL-IN-WI",Chicago
2019-07-01,2.52,IL,"Chicago-Naperville-Elgin, IL-IN-WI",Chicago
2019-08-01,2.11,IL,"Chicago-Naperville-Elgin, IL-IN-WI",Chicago
2019-09-01,1.61,IL,"Chicago-Naperville-Elgin, IL-IN-WI",Chicago
2019-10-01,1.21,IL,"Chicago-Naperville-Elgin, IL-IN-WI",Chicago
2019-11-01,0.91,IL,"Chicago-Naperville-Elgin, IL-IN-WI",Chicago
2019-12-01,1.28,IL,"Chicago-Naperville-Elgin, IL-IN-WI",Chicago
2020-01-01,1.52,IL,"Chicago-Naperville-Elgin, IL-IN-WI",Chicago
2020-02-01,1.74,IL,"Chicago-Naperville-Elgin, IL-IN-WI",Chicago
2020-03-01,0.48,IL,"Chicago-Naperville-Elgin, IL-IN-WI",Chicago
2020-04-01,-2.33,IL,"Chicago-Naperville-Elgin, IL-IN-WI",Chicago
2020-05-01,-0.82,IL,"Chicago-Naperville-Elgin, IL-IN-WI",Chicago
2020-06-01,2.22,IL,"Chicago-Naperville-Elgin, IL-IN-WI",Chicago
2020-07-01,6.33,IL,"Chicago-Naperville-Elgin, IL-IN-WI",Chicago
2020-08-01,10.81,IL,"Chicago-Naperville-Elgin, IL-IN-WI",Chicago
2020-09-01,15.83,IL,"Chicago-Naperville-Elgin, IL-IN-WI",Chicago
2020-10-01,18.02,IL,"Chicago-Naperville-Elgin, IL-IN-WI",Chicago
2020-11-01,19.6,IL,"Chicago-Naperville-Elgin, IL-IN-WI",Chicago
2020-12-01,20.41,IL,"Chicago-Naperville-Elgin, IL-IN-WI",Chicago
2021-01-01,22.3,IL,"Chicago-Naperville-Elgin, IL-IN-WI",Chicago
2021-02-01,25.96,IL,"Chicago-Naperville-Elgin, IL-IN-WI",Chicago
2021-03-01,27.31,IL,"Chicago-Naperville-Elgin, IL-IN-WI",Chicago
2021-04-01,29.11,IL,"Chicago-Naperville-Elgin, IL-IN-WI",Chicago
2021-05-01,26.41,IL,"Chicago-Naperville-Elgin, IL-IN-WI",Chicago
2021-06-01,20.37,IL,"Chicago-Naperville-Elgin, IL-IN-WI",Chicago
2021-07-01,14.44,IL,"Chicago-Naperville-Elgin, IL-IN-WI",Chicago
2021-08-01,9.06,IL,"Chicago-Naperville-Elgin, IL-IN-WI",Chicago
2021-09-01,4.66,IL,"Chicago-Naperville-Elgin, IL-IN-WI",Chicago
2021-10-01,3.1,IL,"Chicago-Naperville-Elgin, IL-IN-WI",Chicago
2021-11-01,2.44,IL,"Chicago-Naperville-Elgin, IL-IN-WI",Chicago
2017-07-01,5.03,TX,"Dallas-Fort Worth-Arlington, TX",Dallas
2017-08-01,4.01,TX,"Dallas-Fort Worth-Arlington, TX",Dallas
2017-09-01,3.25,TX,"Dallas-Fort Worth-Arlington, TX",Dallas
2017-10-01,2.62,TX,"Dallas-Fort Worth-Arlington, TX",Dallas
2017-11-01,2.53,TX,"Dallas-Fort Worth-Arlington, TX",Dallas
2017-12-01,3.15,TX,"Dallas-Fort Worth-Arlington, TX",Dallas
2018-01-01,3.54,TX,"Dallas-Fort Worth-Arlington, TX",Dallas
2018-02-01,3.53,TX,"Dallas-Fort Worth-Arlington, TX",Dallas
2018-03-01,3.32,TX,"Dallas-Fort Worth-Arlington, TX",Dallas
2018-04-01,2.95,TX,"Dallas-Fort Worth-Arlington, TX",Dallas
2018-05-01,4.46,TX,"Dallas-Fort Worth-Arlington, TX",Dallas
2018-06-01,4.22,TX,"Dallas-Fort Worth-Arlington, TX",Dallas
2018-07-01,3.99,TX,"Dallas-Fort Worth-Arlington, TX",Dallas
2018-08-01,4.06,TX,"Dallas-Fort Worth-Arlington, TX",Dallas
2018-09-01,3.52,TX,"Dallas-Fort Worth-Arlington, TX",Dallas
2018-10-01,3.57,TX,"Dallas-Fort Worth-Arlington, TX",Dallas
2018-11-01,3.42,TX,"Dallas-Fort Worth-Arlington, TX",Dallas
2018-12-01,3.28,TX,"Dallas-Fort Worth-Arlington, TX",Dallas
2019-01-01,2.46,TX,"Dallas-Fort Worth-Arlington, TX",Dallas
2019-02-01,1.9,TX,"Dallas-Fort Worth-Arlington, TX",Dallas
2019-03-01,2.1,TX,"Dallas-Fort Worth-Arlington, TX",Dallas
2019-04-01,2.05,TX,"Dallas-Fort Worth-Arlington, TX",Dallas
2019-05-01,1.37,TX,"Dallas-Fort Worth-Arlington, TX",Dallas
2019-06-01,1.81,TX,"Dallas-Fort Worth-Arlington, TX",Dallas
2019-07-01,2.28,TX,"Dallas-Fort Worth-Arlington, TX",Dallas
2019-08-01,2.95,TX,"Dallas-Fort Worth-Arlington, TX",Dallas
2019-09-01,3.19,TX,"Dallas-Fort Worth-Arlington, TX",Dallas
2019-10-01,3.01,TX,"Dallas-Fort Worth-Arlington, TX",Dallas
2019-11-01,3.03,TX,"Dallas-Fort Worth-Arlington, TX",Dallas
2019-12-01,2.64,TX,"Dallas-Fort Worth-Arlington, TX",Dallas
2020-01-01,2.64,TX,"Dallas-Fort Worth-Arlington, TX",Dallas
2020-02-01,2.68,TX,"Dallas-Fort Worth-Arlington, TX",Dallas
2020-03-01,2.05,TX,"Dallas-Fort Worth-Arlington, TX",Dallas
2020-04-01,0.55,TX,"Dallas-Fort Worth-Arlington, TX",Dallas
2020-05-01,2.12,TX,"Dallas-Fort Worth-Arlington, TX",Dallas
2020-06-01,3.88,TX,"Dallas-Fort Worth-Arlington, TX",Dallas
2020-07-01,5.55,TX,"Dallas-Fort Worth-Arlington, TX",Dallas
2020-08-01,7.52,TX,"Dallas-Fort Worth-Arlington, TX",Dallas
2020-09-01,10.18,TX,"Dallas-Fort Worth-Arlington, TX",Dallas
2020-10-01,11.04,TX,"Dallas-Fort Worth-Arlington, TX",Dallas
2020-11-01,12.7,TX,"Dallas-Fort Worth-Arlington, TX",Dallas
2020-12-01,13.77,TX,"Dallas-Fort Worth-Arlington, TX",Dallas
2021-01-01,14.7,TX,"Dallas-Fort Worth-Arlington, TX",Dallas
2021-02-01,16.47,TX,"Dallas-Fort Worth-Arlington, TX",Dallas
2021-03-01,17.51,TX,"Dallas-Fort Worth-Arlington, TX",Dallas
2021-04-01,19.81,TX,"Dallas-Fort Worth-Arlington, TX",Dallas
2021-05-01,18.44,TX,"Dallas-Fort Worth-Arlington, TX",Dallas
2021-06-01,19.68,TX,"Dallas-Fort Worth-Arlington, TX",Dallas
2021-07-01,19.14,TX,"Dallas-Fort Worth-Arlington, TX",Dallas
2021-08-01,18.98,TX,"Dallas-Fort Worth-Arlington, TX",Dallas
2021-09-01,17.51,TX,"Dallas-Fort Worth-Arlington, TX",Dallas
2021-10-01,16.45,TX,"Dallas-Fort Worth-Arlington, TX",Dallas
2021-11-01,16.28,TX,"Dallas-Fort Worth-Arlington, TX",Dallas
2017-07-01,-1.55,TX,"Houston-The Woodlands-Sugar Land, TX",Houston
2017-08-01,-0.2,TX,"Houston-The Woodlands-Sugar Land, TX",Houston
2017-09-01,0.6,TX,"Houston-The Woodlands-Sugar Land, TX",Houston
2017-10-01,1.88,TX,"Houston-The Woodlands-Sugar Land, TX",Houston
2017-11-01,2.48,TX,"Houston-The Woodlands-Sugar Land, TX",Houston
2017-12-01,2.99,TX,"Houston-The Woodlands-Sugar Land, TX",Houston
2018-01-01,2.99,TX,"Houston-The Woodlands-Sugar Land, TX",Houston
2018-02-01,3.93,TX,"Houston-The Woodlands-Sugar Land, TX",Houston
2018-03-01,4.19,TX,"Houston-The Woodlands-Sugar Land, TX",Houston
2018-04-01,4.0,TX,"Houston-The Woodlands-Sugar Land, TX",Houston
2018-05-01,4.1,TX,"Houston-The Woodlands-Sugar Land, TX",Houston
2018-06-01,4.15,TX,"Houston-The Woodlands-Sugar Land, TX",Houston
2018-07-01,4.4,TX,"Houston-The Woodlands-Sugar Land, TX",Houston
2018-08-01,4.48,TX,"Houston-The Woodlands-Sugar Land, TX",Houston
2018-09-01,4.07,TX,"Houston-The Woodlands-Sugar Land, TX",Houston
2018-10-01,2.86,TX,"Houston-The Woodlands-Sugar Land, TX",Houston
2018-11-01,2.55,TX,"Houston-The Woodlands-Sugar Land, TX",Houston
2018-12-01,2.01,TX,"Houston-The Woodlands-Sugar Land, TX",Houston
2019-01-01,2.1,TX,"Houston-The Woodlands-Sugar Land, TX",Houston
2019-02-01,1.63,TX,"Houston-The Woodlands-Sugar Land, TX",Houston
2019-03-01,1.49,TX,"Houston-The Woodlands-Sugar Land, TX",Houston
2019-04-01,1.83,TX,"Houston-The Woodlands-Sugar Land, TX",Houston
2019-05-01,1.89,TX,"Houston-The Woodlands-Sugar Land, TX",Houston
2019-06-01,1.87,TX,"Houston-The Woodlands-Sugar Land, TX",Houston
2019-07-01,2.2,TX,"Houston-The Woodlands-Sugar Land, TX",Houston
2019-08-01,2.56,TX,"Houston-The Woodlands-Sugar Land, TX",Houston
2019-09-01,2.4,TX,"Houston-The Woodlands-Sugar Land, TX",Houston
2019-10-01,2.51,TX,"Houston-The Woodlands-Sugar Land, TX",Houston
2019-11-01,2.19,TX,"Houston-The Woodlands-Sugar Land, TX",Houston
2019-12-01,2.1,TX,"Houston-The Woodlands-Sugar Land, TX",Houston
2020-01-01,2.1,TX,"Houston-The Woodlands-Sugar Land, TX",Houston
2020-02-01,2.26,TX,"Houston-The Woodlands-Sugar Land, TX",Houston
2020-03-01,2.78,TX,"Houston-The Woodlands-Sugar Land, TX",Houston
2020-04-01,2.03,TX,"Houston-The Woodlands-Sugar Land, TX",Houston
2020-05-01,3.39,TX,"Houston-The Woodlands-Sugar Land, TX",Houston
2020-06-01,5.98,TX,"Houston-The Woodlands-Sugar Land, TX",Houston
2020-07-01,6.97,TX,"Houston-The Woodlands-Sugar Land, TX",Houston
2020-08-01,8.72,TX,"Houston-The Woodlands-Sugar Land, TX",Houston
2020-09-01,13.23,TX,"Houston-The Woodlands-Sugar Land, TX",Houston
2020-10-01,14.88,TX,"Houston-The Woodlands-Sugar Land, TX",Houston
2020-11-01,15.78,TX,"Houston-The Woodlands-Sugar Land, TX",Houston
2020-12-01,15.81,TX,"Houston-The Woodlands-Sugar Land, TX",Houston
2021-01-01,16.17,TX,"Houston-The Woodlands-Sugar Land, TX",Houston
2021-02-01,17.41,TX,"Houston-The Woodlands-Sugar Land, TX",Houston
2021-03-01,17.93,TX,"Houston-The Woodlands-Sugar Land, TX",Houston
2021-04-01,20.69,TX,"Houston-The Woodlands-Sugar Land, TX",Houston
2021-05-01,22.45,TX,"Houston-The Woodlands-Sugar Land, TX",Houston
2021-06-01,21.11,TX,"Houston-The Woodlands-Sugar Land, TX",Houston
2021-07-01,20.2,TX,"Houston-The Woodlands-Sugar Land, TX",Houston
2021-08-01,17.88,TX,"Houston-The Woodlands-Sugar Land, TX",Houston
2021-09-01,14.2,TX,"Houston-The Woodlands-Sugar Land, TX",Houston
2021-10-01,12.62,TX,"Houston-The Woodlands-Sugar Land, TX",Houston
2021-11-01,13.12,TX,"Houston-The Woodlands-Sugar Land, TX",Houston
2017-07-01,9.62,MI,"Detroit-Warren-Dearborn, MI",Detroit
2017-08-01,8.14,MI,"Detroit-Warren-Dearborn, MI",Detroit
2017-09-01,8.57,MI,"Detroit-Warren-Dearborn, MI",Detroit
2017-10-01,7.32,MI,"Detroit-Warren-Dearborn, MI",Detroit
2017-11-01,6.58,MI,"Detroit-Warren-Dearborn, MI",Detroit
2017-12-01,6.75,MI,"Detroit-Warren-Dearborn, MI",Detroit
2018-01-01,5.92,MI,"Detroit-Warren-Dearborn, MI",Detroit
2018-02-01,5.53,MI,"Detroit-Warren-Dearborn, MI",Detroit
2018-03-01,5.61,MI,"Detroit-Warren-Dearborn, MI",Detroit
2018-04-01,6.26,MI,"Detroit-Warren-Dearborn, MI",Detroit
2018-05-01,5.34,MI,"Detroit-Warren-Dearborn, MI",Detroit
2018-06-01,6.1,MI,"Detroit-Warren-Dearborn, MI",Detroit
2018-07-01,5.84,MI,"Detroit-Warren-Dearborn, MI",Detroit
2018-08-01,6.47,MI,"Detroit-Warren-Dearborn, MI",Detroit
2018-09-01,6.71,MI,"Detroit-Warren-Dearborn, MI",Detroit
2018-10-01,6.68,MI,"Detroit-Warren-Dearborn, MI",Detroit
2018-11-01,6.68,MI,"Detroit-Warren-Dearborn, MI",Detroit
2018-12-01,6.77,MI,"Detroit-Warren-Dearborn, MI",Detroit
2019-01-01,7.19,MI,"Detroit-Warren-Dearborn, MI",Detroit
2019-02-01,6.39,MI,"Detroit-Warren-Dearborn, MI",Detroit
2019-03-01,5.66,MI,"Detroit-Warren-Dearborn, MI",Detroit
2019-04-01,4.56,MI,"Detroit-Warren-Dearborn, MI",Detroit
2019-05-01,3.87,MI,"Detroit-Warren-Dearborn, MI",Detroit
2019-06-01,3.15,MI,"Detroit-Warren-Dearborn, MI",Detroit
2019-07-01,2.67,MI,"Detroit-Warren-Dearborn, MI",Detroit
2019-08-01,2.21,MI,"Detroit-Warren-Dearborn, MI",Detroit
2019-09-01,0.88,MI,"Detroit-Warren-Dearborn, MI",Detroit
2019-10-01,2.07,MI,"Detroit-Warren-Dearborn, MI",Detroit
2019-11-01,2.38,MI,"Detroit-Warren-Dearborn, MI",Detroit
2019-12-01,2.02,MI,"Detroit-Warren-Dearborn, MI",Detroit
2020-01-01,2.18,MI,"Detroit-Warren-Dearborn, MI",Detroit
2020-02-01,2.2,MI,"Detroit-Warren-Dearborn, MI",Detroit
2020-03-01,2.35,MI,"Detroit-Warren-Dearborn, MI",Detroit
2020-04-01,1.08,MI,"Detroit-Warren-Dearborn, MI",Detroit
2020-05-01,2.31,MI,"Detroit-Warren-Dearborn, MI",Detroit
2020-06-01,4.27,MI,"Detroit-Warren-Dearborn, MI",Detroit
2020-07-01,7.01,MI,"Detroit-Warren-Dearborn, MI",Detroit
2020-08-01,9.08,MI,"Detroit-Warren-Dearborn, MI",Detroit
2020-09-01,11.48,MI,"Detroit-Warren-Dearborn, MI",Detroit
2020-10-01,11.34,MI,"Detroit-Warren-Dearborn, MI",Detroit
2020-11-01,12.01,MI,"Detroit-Warren-Dearborn, MI",Detroit
2020-12-01,13.46,MI,"Detroit-Warren-Dearborn, MI",Detroit
2021-01-01,14.17,MI,"Detroit-Warren-Dearborn, MI",Detroit
2021-02-01,16.87,MI,"Detroit-Warren-Dearborn, MI",Detroit
2021-03-01,16.47,MI,"Detroit-Warren-Dearborn, MI",Detroit
2021-04-01,15.96,MI,"Detroit-Warren-Dearborn, MI",Detroit
2021-05-01,14.83,MI,"Detroit-Warren-Dearborn, MI",Detroit
2021-06-01,12.43,MI,"Detroit-Warren-Dearborn, MI",Detroit
2021-07-01,11.66,MI,"Detroit-Warren-Dearborn, MI",Detroit
2021-08-01,9.74,MI,"Detroit-Warren-Dearborn, MI",Detroit
2021-09-01,6.68,MI,"Detroit-Warren-Dearborn, MI",Detroit
2021-10-01,6.12,MI,"Detroit-Warren-Dearborn, MI",Detroit
2021-11-01,4.51,MI,"Detroit-Warren-Dearborn, MI",Detroit
2017-07-01,11.6,OH,"Cincinnati, OH-KY-IN",Cincinnati
2017-08-01,11.69,OH,"Cincinnati, OH-KY-IN",Cincinnati
2017-09-01,10.76,OH,"Cincinnati, OH-KY-IN",Cincinnati
2017-10-01,10.54,OH,"Cincinnati, OH-KY-IN",Cincinnati
2017-11-01,10.46,OH,"Cincinnati, OH-KY-IN",Cincinnati
2017-12-01,10.77,OH,"Cincinnati, OH-KY-IN",Cincinnati
2018-01-01,10.92,OH,"Cincinnati, OH-KY-IN",Cincinnati
2018-02-01,11.97,OH,"Cincinnati, OH-KY-IN",Cincinnati
2018-03-01,11.87,OH,"Cincinnati, OH-KY-IN",Cincinnati
2018-04-01,11.67,OH,"Cincinnati, OH-KY-IN",Cincinnati
2018-05-01,11.75,OH,"Cincinnati, OH-KY-IN",Cincinnati
2018-06-01,9.75,OH,"Cincinnati, OH-KY-IN",Cincinnati
2018-07-01,8.98,OH,"Cincinnati, OH-KY-IN",Cincinnati
2018-08-01,8.3,OH,"Cincinnati, OH-KY-IN",Cincinnati
2018-09-01,9.57,OH,"Cincinnati, OH-KY-IN",Cincinnati
2018-10-01,9.82,OH,"Cincinnati, OH-KY-IN",Cincinnati
2018-11-01,9.31,OH,"Cincinnati, OH-KY-IN",Cincinnati
2018-12-01,8.58,OH,"Cincinnati, OH-KY-IN",Cincinnati
2019-01-01,9.45,OH,"Cincinnati, OH-KY-IN",Cincinnati
2019-02-01,8.98,OH,"Cincinnati, OH-KY-IN",Cincinnati
2019-03-01,5.98,OH,"Cincinnati, OH-KY-IN",Cincinnati
2019-04-01,5.23,OH,"Cincinnati, OH-KY-IN",Cincinnati
2019-05-01,4.92,OH,"Cincinnati, OH-KY-IN",Cincinnati
2019-06-01,6.37,OH,"Cincinnati, OH-KY-IN",Cincinnati
2019-07-01,6.14,OH,"Cincinnati, OH-KY-IN",Cincinnati
2019-08-01,6.46,OH,"Cincinnati, OH-KY-IN",Cincinnati
2019-09-01,5.74,OH,"Cincinnati, OH-KY-IN",Cincinnati
2019-10-01,4.41,OH,"Cincinnati, OH-KY-IN",Cincinnati
2019-11-01,4.63,OH,"Cincinnati, OH-KY-IN",Cincinnati
2019-12-01,5.55,OH,"Cincinnati, OH-KY-IN",Cincinnati
2020-01-01,5.79,OH,"Cincinnati, OH-KY-IN",Cincinnati
2020-02-01,6.58,OH,"Cincinnati, OH-KY-IN",Cincinnati
2020-03-01,8.11,OH,"Cincinnati, OH-KY-IN",Cincinnati
2020-04-01,6.44,OH,"Cincinnati, OH-KY-IN",Cincinnati
2020-05-01,6.78,OH,"Cincinnati, OH-KY-IN",Cincinnati
2020-06-01,7.26,OH,"Cincinnati, OH-KY-IN",Cincinnati
2020-07-01,10.38,OH,"Cincinnati, OH-KY-IN",Cincinnati
2020-08-01,12.46,OH,"Cincinnati, OH-KY-IN",Cincinnati
2020-09-01,13.79,OH,"Cincinnati, OH-KY-IN",Cincinnati
2020-10-01,14.89,OH,"Cincinnati, OH-KY-IN",Cincinnati
2020-11-01,15.0,OH,"Cincinnati, OH-KY-IN",Cincinnati
2020-12-01,16.32,OH,"Cincinnati, OH-KY-IN",Cincinnati
2021-01-01,17.32,OH,"Cincinnati, OH-KY-IN",Cincinnati
2021-02-01,16.41,OH,"Cincinnati, OH-KY-IN",Cincinnati
2021-03-01,14.69,OH,"Cincinnati, OH-KY-IN",Cincinnati
2021-04-01,18.73,OH,"Cincinnati, OH-KY-IN",Cincinnati
2021-05-01,21.65,OH,"Cincinnati, OH-KY-IN",Cincinnati
2021-06-01,19.06,OH,"Cincinnati, OH-KY-IN",Cincinnati
2021-07-01,15.71,OH,"Cincinnati, OH-KY-IN",Cincinnati
2021-08-01,10.45,OH,"Cincinnati, OH-KY-IN",Cincinnati
2021-09-01,10.18,OH,"Cincinnati, OH-KY-IN",Cincinnati
2021-10-01,12.3,OH,"Cincinnati, OH-KY-IN",Cincinnati
2021-11-01,12.29,OH,"Cincinnati, OH-KY-IN",Cincinnati
2017-07-01,2.54,SC,"Charleston-North Charleston, SC",Charleston
2017-08-01,3.49,SC,"Charleston-North Charleston, SC",Charleston
2017-09-01,2.46,SC,"Charleston-North Charleston, SC",Charleston
2017-10-01,1.24,SC,"Charleston-North Charleston, SC",Charleston
2017-11-01,1.74,SC,"Charleston-North Charleston, SC",Charleston
2017-12-01,0.87,SC,"Charleston-North Charleston, SC",Charleston
2018-01-01,0.48,SC,"Charleston-North Charleston, SC",Charleston
2018-02-01,-0.06,SC,"Charleston-North Charleston, SC",Charleston
2018-03-01,2.74,SC,"Charleston-North Charleston, SC",Charleston
2018-04-01,2.42,SC,"Charleston-North Charleston, SC",Charleston
2018-05-01,2.77,SC,"Charleston-North Charleston, SC",Charleston
2018-06-01,2.61,SC,"Charleston-North Charleston, SC",Charleston
2018-07-01,2.92,SC,"Charleston-North Charleston, SC",Charleston
2018-08-01,2.48,SC,"Charleston-North Charleston, SC",Charleston
2018-09-01,3.75,SC,"Charleston-North Charleston, SC",Charleston
2018-10-01,5.23,SC,"Charleston-North Charleston, SC",Charleston
2018-11-01,4.61,SC,"Charleston-North Charleston, SC",Charleston
2018-12-01,5.0,SC,"Charleston-North Charleston, SC",Charleston
2019-01-01,5.75,SC,"Charleston-North Charleston, SC",Charleston
2019-02-01,8.09,SC,"Charleston-North Charleston, SC",Charleston
2019-03-01,6.91,SC,"Charleston-North Charleston, SC",Charleston
2019-04-01,7.58,SC,"Charleston-North Charleston, SC",Charleston
2019-05-01,6.9,SC,"Charleston-North Charleston, SC",Charleston
2019-06-01,8.37,SC,"Charleston-North Charleston, SC",Charleston
2019-07-01,8.17,SC,"Charleston-North Charleston, SC",Charleston
2019-08-01,8.13,SC,"Charleston-North Charleston, SC",Charleston
2019-09-01,7.0,SC,"Charleston-North Charleston, SC",Charleston
2019-10-01,5.43,SC,"Charleston-North Charleston, SC",Charleston
2019-11-01,6.39,SC,"Charleston-North Charleston, SC",Charleston
2019-12-01,6.43,SC,"Charleston-North Charleston, SC",Charleston
2020-01-01,6.79,SC,"Charleston-North Charleston, SC",Charleston
2020-02-01,4.99,SC,"Charleston-North Charleston, SC",Charleston
2020-03-01,5.53,SC,"Charleston-North Charleston, SC",Charleston
2020-04-01,2.44,SC,"Charleston-North Charleston, SC",Charleston
2020-05-01,4.85,SC,"Charleston-North Charleston, SC",Charleston
2020-06-01,6.04,SC,"Charleston-North Charleston, SC",Charleston
2020-07-01,8.1,SC,"Charleston-North Charleston, SC",Charleston
2020-08-01,11.59,SC,"Charleston-North Charleston, SC",Charleston
2020-09-01,15.91,SC,"Charleston-North Charleston, SC",Charleston
2020-10-01,17.69,SC,"Charleston-North Charleston, SC",Charleston
2020-11-01,16.67,SC,"Charleston-North Charleston, SC",Charleston
2020-12-01,19.08,SC,"Charleston-North Charleston, SC",Charleston
2021-01-01,21.23,SC,"Charleston-North Charleston, SC",Charleston
2021-02-01,29.47,SC,"Charleston-North Charleston, SC",Charleston
2021-03-01,27.49,SC,"Charleston-North Charleston, SC",Charleston
2021-04-01,32.41,SC,"Charleston-North Charleston, SC",Charleston
2021-05-01,35.41,SC,"Charleston-North Charleston, SC",Charleston
2021-06-01,28.01,SC,"Charleston-North Charleston, SC",Charleston
2021-07-01,18.1,SC,"Charleston-North Charleston, SC",Charleston
2021-08-01,10.37,SC,"Charleston-North Charleston, SC",Charleston
2021-09-01,0.95,SC,"Charleston-North Charleston, SC",Charleston
2021-10-01,3.1,SC,"Charleston-North Charleston, SC",Charleston
2021-11-01,1.05,SC,"Charleston-North Charleston, SC",Charleston
2017-07-01,8.04,UT,"Ogden-Clearfield, UT",Ogden
2017-08-01,7.67,UT,"Ogden-Clearfield, UT",Ogden
2017-09-01,6.24,UT,"Ogden-Clearfield, UT",Ogden
2017-10-01,6.59,UT,"Ogden-Clearfield, UT",Ogden
2017-11-01,8.83,UT,"Ogden-Clearfield, UT",Ogden
2017-12-01,7.29,UT,"Ogden-Clearfield, UT",Ogden
2018-01-01,8.28,UT,"Ogden-Clearfield, UT",Ogden
2018-02-01,8.93,UT,"Ogden-Clearfield, UT",Ogden
2018-03-01,11.95,UT,"Ogden-Clearfield, UT",Ogden
2018-04-01,10.38,UT,"Ogden-Clearfield, UT",Ogden
2018-05-01,10.2,UT,"Ogden-Clearfield, UT",Ogden
2018-06-01,10.23,UT,"Ogden-Clearfield, UT",Ogden
2018-07-01,10.97,UT,"Ogden-Clearfield, UT",Ogden
2018-08-01,10.78,UT,"Ogden-Clearfield, UT",Ogden
2018-09-01,10.3,UT,"Ogden-Clearfield, UT",Ogden
2018-10-01,10.67,UT,"Ogden-Clearfield, UT",Ogden
2018-11-01,10.64,UT,"Ogden-Clearfield, UT",Ogden
2018-12-01,12.45,UT,"Ogden-Clearfield, UT",Ogden
2019-01-01,10.91,UT,"Ogden-Clearfield, UT",Ogden
2019-02-01,9.14,UT,"Ogden-Clearfield, UT",Ogden
2019-03-01,6.92,UT,"Ogden-Clearfield, UT",Ogden
2019-04-01,6.3,UT,"Ogden-Clearfield, UT",Ogden
2019-05-01,5.98,UT,"Ogden-Clearfield, UT",Ogden
2019-06-01,7.2,UT,"Ogden-Clearfield, UT",Ogden
2019-07-01,6.7,UT,"Ogden-Clearfield, UT",Ogden
2019-08-01,6.98,UT,"Ogden-Clearfield, UT",Ogden
2019-09-01,7.5,UT,"Ogden-Clearfield, UT",Ogden
2019-10-01,7.18,UT,"Ogden-Clearfield, UT",Ogden
2019-11-01,6.67,UT,"Ogden-Clearfield, UT",Ogden
2019-12-01,7.31,UT,"Ogden-Clearfield, UT",Ogden
2020-01-01,7.92,UT,"Ogden-Clearfield, UT",Ogden
2020-02-01,10.26,UT,"Ogden-Clearfield, UT",Ogden
2020-03-01,12.91,UT,"Ogden-Clearfield, UT",Ogden
2020-04-01,11.23,UT,"Ogden-Clearfield, UT",Ogden
2020-05-01,11.55,UT,"Ogden-Clearfield, UT",Ogden
2020-06-01,14.37,UT,"Ogden-Clearfield, UT",Ogden
2020-07-01,17.86,UT,"Ogden-Clearfield, UT",Ogden
2020-08-01,19.82,UT,"Ogden-Clearfield, UT",Ogden
2020-09-01,20.76,UT,"Ogden-Clearfield, UT",Ogden
2020-10-01,25.1,UT,"Ogden-Clearfield, UT",Ogden
2020-11-01,24.9,UT,"Ogden-Clearfield, UT",Ogden
2020-12-01,29.43,UT,"Ogden-Clearfield, UT",Ogden
2021-01-01,30.79,UT,"Ogden-Clearfield, UT",Ogden
2021-02-01,29.54,UT,"Ogden-Clearfield, UT",Ogden
2021-03-01,27.61,UT,"Ogden-Clearfield, UT",Ogden
2021-04-01,27.07,UT,"Ogden-Clearfield, UT",Ogden
2021-05-01,26.74,UT,"Ogden-Clearfield, UT",Ogden
2021-06-01,28.55,UT,"Ogden-Clearfield, UT",Ogden
2021-07-01,25.14,UT,"Ogden-Clearfield, UT",Ogden
2021-08-01,24.06,UT,"Ogden-Clearfield, UT",Ogden
2021-09-01,24.88,UT,"Ogden-Clearfield, UT",Ogden
2021-10-01,20.35,UT,"Ogden-Clearfield, UT",Ogden
2021-11-01,21.39,UT,"Ogden-Clearfield, UT",Ogden
2017-07-01,5.33,KS,"Wichita, KS",Wichita
2017-08-01,4.43,KS,"Wichita, KS",Wichita
2017-09-01,3.26,KS,"Wichita, KS",Wichita
2017-10-01,4.34,KS,"Wichita, KS",Wichita
2017-11-01,4.02,KS,"Wichita, KS",Wichita
2017-12-01,4.86,KS,"Wichita, KS",Wichita
2018-01-01,5.0,KS,"Wichita, KS",Wichita
2018-02-01,6.59,KS,"Wichita, KS",Wichita
2018-03-01,5.0,KS,"Wichita, KS",Wichita
2018-04-01,6.79,KS,"Wichita, KS",Wichita
2018-05-01,5.42,KS,"Wichita, KS",Wichita
2018-06-01,5.27,KS,"Wichita, KS",Wichita
2018-07-01,5.35,KS,"Wichita, KS",Wichita
2018-08-01,5.57,KS,"Wichita, KS",Wichita
2018-09-01,4.68,KS,"Wichita, KS",Wichita
2018-10-01,4.77,KS,"Wichita, KS",Wichita
2018-11-01,3.67,KS,"Wichita, KS",Wichita
2018-12-01,3.81,KS,"Wichita, KS",Wichita
2019-01-01,3.56,KS,"Wichita, KS",Wichita
2019-02-01,3.65,KS,"Wichita, KS",Wichita
2019-03-01,5.1,KS,"Wichita, KS",Wichita
2019-04-01,5.27,KS,"Wichita, KS",Wichita
2019-05-01,7.12,KS,"Wichita, KS",Wichita
2019-06-01,6.68,KS,"Wichita, KS",Wichita
2019-07-01,5.68,KS,"Wichita, KS",Wichita
2019-08-01,4.47,KS,"Wichita, KS",Wichita
2019-09-01,7.07,KS,"Wichita, KS",Wichita
2019-10-01,10.47,KS,"Wichita, KS",Wichita
2019-11-01,10.82,KS,"Wichita, KS",Wichita
2019-12-01,9.17,KS,"Wichita, KS",Wichita
2020-01-01,8.13,KS,"Wichita, KS",Wichita
2020-02-01,8.53,KS,"Wichita, KS",Wichita
2020-03-01,8.66,KS,"Wichita, KS",Wichita
2020-04-01,7.48,KS,"Wichita, KS",Wichita
2020-05-01,10.38,KS,"Wichita, KS",Wichita
2020-06-01,12.51,KS,"Wichita, KS",Wichita
2020-07-01,11.1,KS,"Wichita, KS",Wichita
2020-08-01,13.92,KS,"Wichita, KS",Wichita
2020-09-01,13.8,KS,"Wichita, KS",Wichita
2020-10-01,8.67,KS,"Wichita, KS",Wichita
2020-11-01,8.15,KS,"Wichita, KS",Wichita
2020-12-01,7.7,KS,"Wichita, KS",Wichita
2021-01-01,11.88,KS,"Wichita, KS",Wichita
2021-02-01,16.1,KS,"Wichita, KS",Wichita
2021-03-01,14.21,KS,"Wichita, KS",Wichita
2021-04-01,11.05,KS,"Wichita, KS",Wichita
2021-05-01,7.01,KS,"Wichita, KS",Wichita
2021-06-01,4.24,KS,"Wichita, KS",Wichita
2021-07-01,6.26,KS,"Wichita, KS",Wichita
2021-08-01,3.94,KS,"Wichita, KS",Wichita
2021-09-01,2.78,KS,"Wichita, KS",Wichita
2021-10-01,6.41,KS,"Wichita, KS",Wichita
2021-11-01,7.8,KS,"Wichita, KS",Wichita
2017-07-01,3.11,SC,"Myrtle Beach-Conway-North Myrtle Beach, SC-NC",Myrtle Beach
2017-08-01,3.23,SC,"Myrtle Beach-Conway-North Myrtle Beach, SC-NC",Myrtle Beach
2017-09-01,3.29,SC,"Myrtle Beach-Conway-North Myrtle Beach, SC-NC",Myrtle Beach
2017-10-01,3.72,SC,"Myrtle Beach-Conway-North Myrtle Beach, SC-NC",Myrtle Beach
2017-11-01,4.53,SC,"Myrtle Beach-Conway-North Myrtle Beach, SC-NC",Myrtle Beach
2017-12-01,4.32,SC,"Myrtle Beach-Conway-North Myrtle Beach, SC-NC",Myrtle Beach
2018-01-01,4.62,SC,"Myrtle Beach-Conway-North Myrtle Beach, SC-NC",Myrtle Beach
2018-02-01,4.53,SC,"Myrtle Beach-Conway-North Myrtle Beach, SC-NC",Myrtle Beach
2018-03-01,5.11,SC,"Myrtle Beach-Conway-North Myrtle Beach, SC-NC",Myrtle Beach
2018-04-01,4.64,SC,"Myrtle Beach-Conway-North Myrtle Beach, SC-NC",Myrtle Beach
2018-05-01,4.89,SC,"Myrtle Beach-Conway-North Myrtle Beach, SC-NC",Myrtle Beach
2018-06-01,5.1,SC,"Myrtle Beach-Conway-North Myrtle Beach, SC-NC",Myrtle Beach
2018-07-01,4.97,SC,"Myrtle Beach-Conway-North Myrtle Beach, SC-NC",Myrtle Beach
2018-08-01,5.17,SC,"Myrtle Beach-Conway-North Myrtle Beach, SC-NC",Myrtle Beach
2018-09-01,4.93,SC,"Myrtle Beach-Conway-North Myrtle Beach, SC-NC",Myrtle Beach
2018-10-01,4.12,SC,"Myrtle Beach-Conway-North Myrtle Beach, SC-NC",Myrtle Beach
2018-11-01,4.11,SC,"Myrtle Beach-Conway-North Myrtle Beach, SC-NC",Myrtle Beach
2018-12-01,4.54,SC,"Myrtle Beach-Conway-North Myrtle Beach, SC-NC",Myrtle Beach
2019-01-01,5.15,SC,"Myrtle Beach-Conway-North Myrtle Beach, SC-NC",Myrtle Beach
2019-02-01,5.07,SC,"Myrtle Beach-Conway-North Myrtle Beach, SC-NC",Myrtle Beach
2019-03-01,8.22,SC,"Myrtle Beach-Conway-North Myrtle Beach, SC-NC",Myrtle Beach
2019-04-01,13.38,SC,"Myrtle Beach-Conway-North Myrtle Beach, SC-NC",Myrtle Beach
2019-05-01,13.2,SC,"Myrtle Beach-Conway-North Myrtle Beach, SC-NC",Myrtle Beach
2019-06-01,12.69,SC,"Myrtle Beach-Conway-North Myrtle Beach, SC-NC",Myrtle Beach
2019-07-01,12.61,SC,"Myrtle Beach-Conway-North Myrtle Beach, SC-NC",Myrtle Beach
2019-08-01,12.09,SC,"Myrtle Beach-Conway-North Myrtle Beach, SC-NC",Myrtle Beach
2019-09-01,12.28,SC,"Myrtle Beach-Conway-North Myrtle Beach, SC-NC",Myrtle Beach
2019-10-01,13.32,SC,"Myrtle Beach-Conway-North Myrtle Beach, SC-NC",Myrtle Beach
2019-11-01,12.99,SC,"Myrtle Beach-Conway-North Myrtle Beach, SC-NC",Myrtle Beach
2019-12-01,11.8,SC,"Myrtle Beach-Conway-North Myrtle Beach, SC-NC",Myrtle Beach
2020-01-01,8.5,SC,"Myrtle Beach-Conway-North Myrtle Beach, SC-NC",Myrtle Beach
2020-02-01,2.5,SC,"Myrtle Beach-Conway-North Myrtle Beach, SC-NC",Myrtle Beach
2020-03-01,-0.68,SC,"Myrtle Beach-Conway-North Myrtle Beach, SC-NC",Myrtle Beach
2020-04-01,-4.57,SC,"Myrtle Beach-Conway-North Myrtle Beach, SC-NC",Myrtle Beach
2020-05-01,-3.75,SC,"Myrtle Beach-Conway-North Myrtle Beach, SC-NC",Myrtle Beach
2020-06-01,-4.1,SC,"Myrtle Beach-Conway-North Myrtle Beach, SC-NC",Myrtle Beach
2020-07-01,-6.71,SC,"Myrtle Beach-Conway-North Myrtle Beach, SC-NC",Myrtle Beach
2020-08-01,-6.61,SC,"Myrtle Beach-Conway-North Myrtle Beach, SC-NC",Myrtle Beach
2020-09-01,-5.68,SC,"Myrtle Beach-Conway-North Myrtle Beach, SC-NC",Myrtle Beach
2020-10-01,-4.44,SC,"Myrtle Beach-Conway-North Myrtle Beach, SC-NC",Myrtle Beach
2020-11-01,-3.8,SC,"Myrtle Beach-Conway-North Myrtle Beach, SC-NC",Myrtle Beach
2020-12-01,-3.12,SC,"Myrtle Beach-Conway-North Myrtle Beach, SC-NC",Myrtle Beach
2021-01-01,0.17,SC,"Myrtle Beach-Conway-North Myrtle Beach, SC-NC",Myrtle Beach
2021-02-01,8.08,SC,"Myrtle Beach-Conway-North Myrtle Beach, SC-NC",Myrtle Beach
2021-03-01,11.05,SC,"Myrtle Beach-Conway-North Myrtle Beach, SC-NC",Myrtle Beach
2021-04-01,12.07,SC,"Myrtle Beach-Conway-North Myrtle Beach, SC-NC",Myrtle Beach
2021-05-01,16.08,SC,"Myrtle Beach-Conway-North Myrtle Beach, SC-NC",Myrtle Beach
2021-06-01,20.6,SC,"Myrtle Beach-Conway-North Myrtle Beach, SC-NC",Myrtle Beach
2021-07-01,26.72,SC,"Myrtle Beach-Conway-North Myrtle Beach, SC-NC",Myrtle Beach
2021-08-01,25.44,SC,"Myrtle Beach-Conway-North Myrtle Beach, SC-NC",Myrtle Beach
2021-09-01,23.87,SC,"Myrtle Beach-Conway-North Myrtle Beach, SC-NC",Myrtle Beach
2021-10-01,18.97,SC,"Myrtle Beach-Conway-North Myrtle Beach, SC-NC",Myrtle Beach
2021-11-01,18.76,SC,"Myrtle Beach-Conway-North Myrtle Beach, SC-NC",Myrtle Beach
2017-07-01,4.51,NJ,"Trenton-Princeton, NJ",Trenton
2017-08-01,5.52,NJ,"Trenton-Princeton, NJ",Trenton
2017-09-01,5.27,NJ,"Trenton-Princeton, NJ",Trenton
2017-10-01,2.95,NJ,"Trenton-Princeton, NJ",Trenton
2017-11-01,21.93,NJ,"Trenton-Princeton, NJ",Trenton
2017-12-01,0.86,NJ,"Trenton-Princeton, NJ",Trenton
2018-01-01,-0.35,NJ,"Trenton-Princeton, NJ",Trenton
2018-02-01,-0.73,NJ,"Trenton-Princeton, NJ",Trenton
2018-03-01,2.02,NJ,"Trenton-Princeton, NJ",Trenton
2018-04-01,4.45,NJ,"Trenton-Princeton, NJ",Trenton
2018-05-01,5.83,NJ,"Trenton-Princeton, NJ",Trenton
2018-06-01,2.31,NJ,"Trenton-Princeton, NJ",Trenton
2018-07-01,2.72,NJ,"Trenton-Princeton, NJ",Trenton
2018-08-01,2.97,NJ,"Trenton-Princeton, NJ",Trenton
2018-09-01,3.4,NJ,"Trenton-Princeton, NJ",Trenton
2018-10-01,6.11,NJ,"Trenton-Princeton, NJ",Trenton
2018-11-01,-10.53,NJ,"Trenton-Princeton, NJ",Trenton
2018-12-01,8.88,NJ,"Trenton-Princeton, NJ",Trenton
2019-01-01,11.77,NJ,"Trenton-Princeton, NJ",Trenton
2019-02-01,15.61,NJ,"Trenton-Princeton, NJ",Trenton
2019-03-01,12.2,NJ,"Trenton-Princeton, NJ",Trenton
2019-04-01,9.53,NJ,"Trenton-Princeton, NJ",Trenton
2019-05-01,9.38,NJ,"Trenton-Princeton, NJ",Trenton
2019-06-01,12.59,NJ,"Trenton-Princeton, NJ",Trenton
2019-07-01,10.24,NJ,"Trenton-Princeton, NJ",Trenton
2019-08-01,8.99,NJ,"Trenton-Princeton, NJ",Trenton
2019-09-01,9.86,NJ,"Trenton-Princeton, NJ",Trenton
2019-10-01,8.95,NJ,"Trenton-Princeton, NJ",Trenton
2019-11-01,7.92,NJ,"Trenton-Princeton, NJ",Trenton
2019-12-01,9.87,NJ,"Trenton-Princeton, NJ",Trenton
2020-01-01,9.11,NJ,"Trenton-Princeton, NJ",Trenton
2020-02-01,6.26,NJ,"Trenton-Princeton, NJ",Trenton
2020-03-01,7.87,NJ,"Trenton-Princeton, NJ",Trenton
2020-04-01,5.64,NJ,"Trenton-Princeton, NJ",Trenton
2020-05-01,1.62,NJ,"Trenton-Princeton, NJ",Trenton
2020-06-01,2.53,NJ,"Trenton-Princeton, NJ",Trenton
2020-07-01,5.14,NJ,"Trenton-Princeton, NJ",Trenton
2020-08-01,5.22,NJ,"Trenton-Princeton, NJ",Trenton
2020-09-01,6.91,NJ,"Trenton-Princeton, NJ",Trenton
2020-10-01,10.04,NJ,"Trenton-Princeton, NJ",Trenton
2020-11-01,12.16,NJ,"Trenton-Princeton, NJ",Trenton
2020-12-01,7.67,NJ,"Trenton-Princeton, NJ",Trenton
2021-01-01,9.26,NJ,"Trenton-Princeton, NJ",Trenton
2021-02-01,6.3,NJ,"Trenton-Princeton, NJ",Trenton
2021-03-01,10.59,NJ,"Trenton-Princeton, NJ",Trenton
2021-04-01,12.01,NJ,"Trenton-Princeton, NJ",Trenton
2021-05-01,13.6,NJ,"Trenton-Princeton, NJ",Trenton
2021-06-01,6.82,NJ,"Trenton-Princeton, NJ",Trenton
2021-07-01,5.7,NJ,"Trenton-Princeton, NJ",Trenton
2021-08-01,8.12,NJ,"Trenton-Princeton, NJ",Trenton
2021-09-01,6.41,NJ,"Trenton-Princeton, NJ",Trenton
2021-10-01,1.51,NJ,"Trenton-Princeton, NJ",Trenton
2021-11-01,-0.89,NJ,"Trenton-Princeton, NJ",Trenton
2017-07-01,8.04,NE,"Lincoln, NE",Lincoln
2017-08-01,10.67,NE,"Lincoln, NE",Lincoln
2017-09-01,8.15,NE,"Lincoln, NE",Lincoln
2017-10-01,9.21,NE,"Lincoln, NE",Lincoln
2017-11-01,13.53,NE,"Lincoln, NE",Lincoln
2017-12-01,12.09,NE,"Lincoln, NE",Lincoln
2018-01-01,13.79,NE,"Lincoln, NE",Lincoln
2018-02-01,16.4,NE,"Lincoln, NE",Lincoln
2018-03-01,16.62,NE,"Lincoln, NE",Lincoln
2018-04-01,10.74,NE,"Lincoln, NE",Lincoln
2018-05-01,9.32,NE,"Lincoln, NE",Lincoln
2018-06-01,9.46,NE,"Lincoln, NE",Lincoln
2018-07-01,10.19,NE,"Lincoln, NE",Lincoln
2018-08-01,10.49,NE,"Lincoln, NE",Lincoln
2018-09-01,10.62,NE,"Lincoln, NE",Lincoln
2018-10-01,9.04,NE,"Lincoln, NE",Lincoln
2018-11-01,4.85,NE,"Lincoln, NE",Lincoln
2018-12-01,5.43,NE,"Lincoln, NE",Lincoln
2019-01-01,1.72,NE,"Lincoln, NE",Lincoln
2019-02-01,-0.53,NE,"Lincoln, NE",Lincoln
2019-03-01,-9.48,NE,"Lincoln, NE",Lincoln
2019-04-01,-27.57,NE,"Lincoln, NE",Lincoln
2019-05-01,-31.8,NE,"Lincoln, NE",Lincoln
2019-06-01,-31.16,NE,"Lincoln, NE",Lincoln
2019-07-01,-30.8,NE,"Lincoln, NE",Lincoln
2019-08-01,-32.18,NE,"Lincoln, NE",Lincoln
2019-09-01,-31.17,NE,"Lincoln, NE",Lincoln
2019-10-01,-29.9,NE,"Lincoln, NE",Lincoln
2019-11-01,-28.88,NE,"Lincoln, NE",Lincoln
2019-12-01,-29.32,NE,"Lincoln, NE",Lincoln
2020-01-01,-28.28,NE,"Lincoln, NE",Lincoln
2020-02-01,-30.1,NE,"Lincoln, NE",Lincoln
2020-03-01,-23.04,NE,"Lincoln, NE",Lincoln
2020-04-01,-4.72,NE,"Lincoln, NE",Lincoln
2020-05-01,3.56,NE,"Lincoln, NE",Lincoln
2020-06-01,4.79,NE,"Lincoln, NE",Lincoln
2020-07-01,6.74,NE,"Lincoln, NE",Lincoln
2020-08-01,6.09,NE,"Lincoln, NE",Lincoln
2020-09-01,9.39,NE,"Lincoln, NE",Lincoln
2020-10-01,9.89,NE,"Lincoln, NE",Lincoln
2020-11-01,12.47,NE,"Lincoln, NE",Lincoln
2020-12-01,12.8,NE,"Lincoln, NE",Lincoln
2021-01-01,13.23,NE,"Lincoln, NE",Lincoln
2021-02-01,15.11,NE,"Lincoln, NE",Lincoln
2021-03-01,14.12,NE,"Lincoln, NE",Lincoln
2021-04-01,17.14,NE,"Lincoln, NE",Lincoln
2021-05-01,15.28,NE,"Lincoln, NE",Lincoln
2021-06-01,14.57,NE,"Lincoln, NE",Lincoln
2021-07-01,10.74,NE,"Lincoln, NE",Lincoln
2021-08-01,14.64,NE,"Lincoln, NE",Lincoln
2021-09-01,10.42,NE,"Lincoln, NE",Lincoln
2021-10-01,10.75,NE,"Lincoln, NE",Lincoln
2021-11-01,12.96,NE,"Lincoln, NE",Lincoln
2017-07-01,2.99,IL,"Rockford, IL",Rockford
2017-08-01,-7.57,IL,"Rockford, IL",Rockford
2017-09-01,-7.86,IL,"Rockford, IL",Rockford
2017-10-01,-8.81,IL,"Rockford, IL",Rockford
2017-11-01,-7.39,IL,"Rockford, IL",Rockford
2017-12-01,4.23,IL,"Rockford, IL",Rockford
2018-01-01,5.54,IL,"Rockford, IL",Rockford
2018-02-01,7.98,IL,"Rockford, IL",Rockford
2018-03-01,8.44,IL,"Rockford, IL",Rockford
2018-04-01,8.82,IL,"Rockford, IL",Rockford
2018-05-01,8.72,IL,"Rockford, IL",Rockford
2018-06-01,8.96,IL,"Rockford, IL",Rockford
2018-07-01,7.63,IL,"Rockford, IL",Rockford
2018-08-01,5.67,IL,"Rockford, IL",Rockford
2018-09-01,5.49,IL,"Rockford, IL",Rockford
2018-10-01,7.65,IL,"Rockford, IL",Rockford
2018-11-01,7.66,IL,"Rockford, IL",Rockford
2018-12-01,6.05,IL,"Rockford, IL",Rockford
2019-01-01,7.73,IL,"Rockford, IL",Rockford
2019-02-01,5.95,IL,"Rockford, IL",Rockford
2019-03-01,9.52,IL,"Rockford, IL",Rockford
2019-04-01,15.91,IL,"Rockford, IL",Rockford
2019-05-01,16.27,IL,"Rockford, IL",Rockford
2019-06-01,16.99,IL,"Rockford, IL",Rockford
2019-07-01,7.12,IL,"Rockford, IL",Rockford
2019-08-01,6.47,IL,"Rockford, IL",Rockford
2019-09-01,7.19,IL,"Rockford, IL",Rockford
2019-10-01,5.87,IL,"Rockford, IL",Rockford
2019-11-01,5.54,IL,"Rockford, IL",Rockford
2019-12-01,8.03,IL,"Rockford, IL",Rockford
2020-01-01,6.5,IL,"Rockford, IL",Rockford
2020-02-01,7.18,IL,"Rockford, IL",Rockford
2020-03-01,2.57,IL,"Rockford, IL",Rockford
2020-04-01,-4.29,IL,"Rockford, IL",Rockford
2020-05-01,-5.24,IL,"Rockford, IL",Rockford
2020-06-01,-2.59,IL,"Rockford, IL",Rockford
2020-07-01,5.48,IL,"Rockford, IL",Rockford
2020-08-01,5.35,IL,"Rockford, IL",Rockford
2020-09-01,7.62,IL,"Rockford, IL",Rockford
2020-10-01,6.99,IL,"Rockford, IL",Rockford
2020-11-01,6.04,IL,"Rockford, IL",Rockford
2020-12-01,4.78,IL,"Rockford, IL",Rockford
2021-01-01,3.35,IL,"Rockford, IL",Rockford
2021-02-01,6.45,IL,"Rockford, IL",Rockford
2021-03-01,9.67,IL,"Rockford, IL",Rockford
2021-04-01,15.33,IL,"Rockford, IL",Rockford
2021-05-01,16.36,IL,"Rockford, IL",Rockford
2021-06-01,10.11,IL,"Rockford, IL",Rockford
2021-07-01,7.2,IL,"Rockford, IL",Rockford
2021-08-01,16.05,IL,"Rockford, IL",Rockford
2021-09-01,15.29,IL,"Rockford, IL",Rockford
2021-10-01,15.87,IL,"Rockford, IL",Rockford
2021-11-01,13.86,IL,"Rockford, IL",Rockford
2017-07-01,10.48,WA,"Kennewick-Richland, WA",Kennewick
2017-08-01,9.61,WA,"Kennewick-Richland, WA",Kennewick
2017-09-01,8.52,WA,"Kennewick-Richland, WA",Kennewick
2017-10-01,7.4,WA,"Kennewick-Richland, WA",Kennewick
2017-11-01,7.02,WA,"Kennewick-Richland, WA",Kennewick
2017-12-01,6.41,WA,"Kennewick-Richland, WA",Kennewick
2018-01-01,6.65,WA,"Kennewick-Richland, WA",Kennewick
2018-02-01,7.21,WA,"Kennewick-Richland, WA",Kennewick
2018-03-01,6.82,WA,"Kennewick-Richland, WA",Kennewick
2018-04-01,5.92,WA,"Kennewick-Richland, WA",Kennewick
2018-05-01,6.32,WA,"Kennewick-Richland, WA",Kennewick
2018-06-01,7.11,WA,"Kennewick-Richland, WA",Kennewick
2018-07-01,9.73,WA,"Kennewick-Richland, WA",Kennewick
2018-08-01,9.47,WA,"Kennewick-Richland, WA",Kennewick
2018-09-01,10.74,WA,"Kennewick-Richland, WA",Kennewick
2018-10-01,10.56,WA,"Kennewick-Richland, WA",Kennewick
2018-11-01,9.42,WA,"Kennewick-Richland, WA",Kennewick
2018-12-01,8.85,WA,"Kennewick-Richland, WA",Kennewick
2019-01-01,8.78,WA,"Kennewick-Richland, WA",Kennewick
2019-02-01,7.84,WA,"Kennewick-Richland, WA",Kennewick
2019-03-01,7.68,WA,"Kennewick-Richland, WA",Kennewick
2019-04-01,9.17,WA,"Kennewick-Richland, WA",Kennewick
2019-05-01,10.35,WA,"Kennewick-Richland, WA",Kennewick
2019-06-01,8.85,WA,"Kennewick-Richland, WA",Kennewick
2019-07-01,7.4,WA,"Kennewick-Richland, WA",Kennewick
2019-08-01,8.68,WA,"Kennewick-Richland, WA",Kennewick
2019-09-01,8.26,WA,"Kennewick-Richland, WA",Kennewick
2019-10-01,8.21,WA,"Kennewick-Richland, WA",Kennewick
2019-11-01,11.16,WA,"Kennewick-Richland, WA",Kennewick
2019-12-01,11.05,WA,"Kennewick-Richland, WA",Kennewick
2020-01-01,10.25,WA,"Kennewick-Richland, WA",Kennewick
2020-02-01,12.39,WA,"Kennewick-Richland, WA",Kennewick
2020-03-01,11.76,WA,"Kennewick-Richland, WA",Kennewick
2020-04-01,9.83,WA,"Kennewick-Richland, WA",Kennewick
2020-05-01,8.41,WA,"Kennewick-Richland, WA",Kennewick
2020-06-01,10.61,WA,"Kennewick-Richland, WA",Kennewick
2020-07-01,11.41,WA,"Kennewick-Richland, WA",Kennewick
2020-08-01,10.86,WA,"Kennewick-Richland, WA",Kennewick
2020-09-01,13.11,WA,"Kennewick-Richland, WA",Kennewick
2020-10-01,13.63,WA,"Kennewick-Richland, WA",Kennewick
2020-11-01,11.76,WA,"Kennewick-Richland, WA",Kennewick
2020-12-01,13.61,WA,"Kennewick-Richland, WA",Kennewick
2021-01-01,14.43,WA,"Kennewick-Richland, WA",Kennewick
2021-02-01,16.17,WA,"Kennewick-Richland, WA",Kennewick
2021-03-01,16.29,WA,"Kennewick-Richland, WA",Kennewick
2021-04-01,16.35,WA,"Kennewick-Richland, WA",Kennewick
2021-05-01,15.15,WA,"Kennewick-Richland, WA",Kennewick
2021-06-01,16.15,WA,"Kennewick-Richland, WA",Kennewick
2021-07-01,17.28,WA,"Kennewick-Richland, WA",Kennewick
2021-08-01,24.23,WA,"Kennewick-Richland, WA",Kennewick
2021-09-01,24.48,WA,"Kennewick-Richland, WA",Kennewick
2021-10-01,28.76,WA,"Kennewick-Richland, WA",Kennewick
2021-11-01,28.46,WA,"Kennewick-Richland, WA",Kennewick
2017-07-01,4.61,VA,"Charlottesville, VA",Charlottesville
2017-08-01,2.34,VA,"Charlottesville, VA",Charlottesville
2017-09-01,0.98,VA,"Charlottesville, VA",Charlottesville
2017-10-01,1.31,VA,"Charlottesville, VA",Charlottesville
2017-11-01,2.11,VA,"Charlottesville, VA",Charlottesville
2017-12-01,0.94,VA,"Charlottesville, VA",Charlottesville
2018-01-01,-0.72,VA,"Charlottesville, VA",Charlottesville
2018-02-01,-0.98,VA,"Charlottesville, VA",Charlottesville
2018-03-01,0.61,VA,"Charlottesville, VA",Charlottesville
2018-04-01,0.06,VA,"Charlottesville, VA",Charlottesville
2018-05-01,0.24,VA,"Charlottesville, VA",Charlottesville
2018-06-01,0.44,VA,"Charlottesville, VA",Charlottesville
2018-07-01,0.99,VA,"Charlottesville, VA",Charlottesville
2018-08-01,1.77,VA,"Charlottesville, VA",Charlottesville
2018-09-01,2.44,VA,"Charlottesville, VA",Charlottesville
2018-10-01,1.62,VA,"Charlottesville, VA",Charlottesville
2018-11-01,1.35,VA,"Charlottesville, VA",Charlottesville
2018-12-01,1.64,VA,"Charlottesville, VA",Charlottesville
2019-01-01,3.06,VA,"Charlottesville, VA",Charlottesville
2019-02-01,3.3,VA,"Charlottesville, VA",Charlottesville
2019-03-01,2.76,VA,"Charlottesville, VA",Charlottesville
2019-04-01,2.96,VA,"Charlottesville, VA",Charlottesville
2019-05-01,3.71,VA,"Charlottesville, VA",Charlottesville
2019-06-01,4.79,VA,"Charlottesville, VA",Charlottesville
2019-07-01,4.91,VA,"Charlottesville, VA",Charlottesville
2019-08-01,4.87,VA,"Charlottesville, VA",Charlottesville
2019-09-01,4.68,VA,"Charlottesville, VA",Charlottesville
2019-10-01,5.85,VA,"Charlottesville, VA",Charlottesville
2019-11-01,5.86,VA,"Charlottesville, VA",Charlottesville
2019-12-01,8.77,VA,"Charlottesville, VA",Charlottesville
2020-01-01,8.31,VA,"Charlottesville, VA",Charlottesville
2020-02-01,7.43,VA,"Charlottesville, VA",Charlottesville
2020-03-01,6.57,VA,"Charlottesville, VA",Charlottesville
2020-04-01,7.27,VA,"Charlottesville, VA",Charlottesville
2020-05-01,7.65,VA,"Charlottesville, VA",Charlottesville
2020-06-01,8.27,VA,"Charlottesville, VA",Charlottesville
2020-07-01,9.41,VA,"Charlottesville, VA",Charlottesville
2020-08-01,9.98,VA,"Charlottesville, VA",Charlottesville
2020-09-01,15.17,VA,"Charlottesville, VA",Charlottesville
2020-10-01,15.64,VA,"Charlottesville, VA",Charlottesville
2020-11-01,13.54,VA,"Charlottesville, VA",Charlottesville
2020-12-01,11.12,VA,"Charlottesville, VA",Charlottesville
2021-01-01,12.72,VA,"Charlottesville, VA",Charlottesville
2021-02-01,15.58,VA,"Charlottesville, VA",Charlottesville
2021-03-01,14.89,VA,"Charlottesville, VA",Charlottesville
2021-04-01,15.03,VA,"Charlottesville, VA",Charlottesville
2021-05-01,12.95,VA,"Charlottesville, VA",Charlottesville
2021-06-01,13.53,VA,"Charlottesville, VA",Charlottesville
2021-07-01,12.29,VA,"Charlottesville, VA",Charlottesville
2021-08-01,9.81,VA,"Charlottesville, VA",Charlottesville
2021-09-01,6.14,VA,"Charlottesville, VA",Charlottesville
2021-10-01,8.79,VA,"Charlottesville, VA",Charlottesville
2021-11-01,9.47,VA,"Charlottesville, VA",Charlottesville
2017-07-01,3.94,GA,"Gainesville, GA",Gainesville
2017-08-01,6.67,GA,"Gainesville, GA",Gainesville
2017-09-01,6.66,GA,"Gainesville, GA",Gainesville
2017-10-01,8.43,GA,"Gainesville, GA",Gainesville
2017-11-01,8.13,GA,"Gainesville, GA",Gainesville
2017-12-01,5.67,GA,"Gainesville, GA",Gainesville
2018-01-01,8.07,GA,"Gainesville, GA",Gainesville
2018-02-01,6.6,GA,"Gainesville, GA",Gainesville
2018-03-01,6.74,GA,"Gainesville, GA",Gainesville
2018-04-01,7.93,GA,"Gainesville, GA",Gainesville
2018-05-01,8.02,GA,"Gainesville, GA",Gainesville
2018-06-01,8.19,GA,"Gainesville, GA",Gainesville
2018-07-01,8.06,GA,"Gainesville, GA",Gainesville
2018-08-01,5.86,GA,"Gainesville, GA",Gainesville
2018-09-01,6.25,GA,"Gainesville, GA",Gainesville
2018-10-01,4.62,GA,"Gainesville, GA",Gainesville
2018-11-01,4.06,GA,"Gainesville, GA",Gainesville
2018-12-01,4.95,GA,"Gainesville, GA",Gainesville
2019-01-01,4.7,GA,"Gainesville, GA",Gainesville
2019-02-01,2.71,GA,"Gainesville, GA",Gainesville
2019-03-01,3.22,GA,"Gainesville, GA",Gainesville
2019-04-01,4.83,GA,"Gainesville, GA",Gainesville
2019-05-01,3.91,GA,"Gainesville, GA",Gainesville
2019-06-01,2.55,GA,"Gainesville, GA",Gainesville
2019-07-01,3.78,GA,"Gainesville, GA",Gainesville
2019-08-01,4.67,GA,"Gainesville, GA",Gainesville
2019-09-01,4.92,GA,"Gainesville, GA",Gainesville
2019-10-01,5.94,GA,"Gainesville, GA",Gainesville
2019-11-01,5.49,GA,"Gainesville, GA",Gainesville
2019-12-01,4.76,GA,"Gainesville, GA",Gainesville
2020-01-01,1.12,GA,"Gainesville, GA",Gainesville
2020-02-01,3.07,GA,"Gainesville, GA",Gainesville
2020-03-01,2.7,GA,"Gainesville, GA",Gainesville
2020-04-01,0.78,GA,"Gainesville, GA",Gainesville
2020-05-01,1.67,GA,"Gainesville, GA",Gainesville
2020-06-01,3.06,GA,"Gainesville, GA",Gainesville
2020-07-01,3.17,GA,"Gainesville, GA",Gainesville
2020-08-01,3.16,GA,"Gainesville, GA",Gainesville
2020-09-01,3.5,GA,"Gainesville, GA",Gainesville
2020-10-01,3.43,GA,"Gainesville, GA",Gainesville
2020-11-01,7.01,GA,"Gainesville, GA",Gainesville
2020-12-01,8.62,GA,"Gainesville, GA",Gainesville
2021-01-01,9.46,GA,"Gainesville, GA",Gainesville
2021-02-01,12.77,GA,"Gainesville, GA",Gainesville
2021-03-01,13.96,GA,"Gainesville, GA",Gainesville
2021-04-01,18.3,GA,"Gainesville, GA",Gainesville
2021-05-01,17.67,GA,"Gainesville, GA",Gainesville
2021-06-01,22.3,GA,"Gainesville, GA",Gainesville
2021-07-01,25.04,GA,"Gainesville, GA",Gainesville
2021-08-01,24.72,GA,"Gainesville, GA",Gainesville
2021-09-01,27.04,GA,"Gainesville, GA",Gainesville
2021-10-01,27.69,GA,"Gainesville, GA",Gainesville
2021-11-01,28.0,GA,"Gainesville, GA",Gainesville
2017-07-01,0.19,FL,"Punta Gorda, FL",Punta Gorda
2017-08-01,0.34,FL,"Punta Gorda, FL",Punta Gorda
2017-09-01,1.24,FL,"Punta Gorda, FL",Punta Gorda
2017-10-01,1.39,FL,"Punta Gorda, FL",Punta Gorda
2017-11-01,0.89,FL,"Punta Gorda, FL",Punta Gorda
2017-12-01,-0.09,FL,"Punta Gorda, FL",Punta Gorda
2018-01-01,1.32,FL,"Punta Gorda, FL",Punta Gorda
2018-02-01,2.91,FL,"Punta Gorda, FL",Punta Gorda
2018-03-01,3.86,FL,"Punta Gorda, FL",Punta Gorda
2018-04-01,3.77,FL,"Punta Gorda, FL",Punta Gorda
2018-05-01,5.91,FL,"Punta Gorda, FL",Punta Gorda
2018-06-01,6.92,FL,"Punta Gorda, FL",Punta Gorda
2018-07-01,6.1,FL,"Punta Gorda, FL",Punta Gorda
2018-08-01,6.04,FL,"Punta Gorda, FL",Punta Gorda
2018-09-01,5.63,FL,"Punta Gorda, FL",Punta Gorda
2018-10-01,6.95,FL,"Punta Gorda, FL",Punta Gorda
2018-11-01,6.75,FL,"Punta Gorda, FL",Punta Gorda
2018-12-01,7.76,FL,"Punta Gorda, FL",Punta Gorda
2019-01-01,6.42,FL,"Punta Gorda, FL",Punta Gorda
2019-02-01,4.62,FL,"Punta Gorda, FL",Punta Gorda
2019-03-01,3.49,FL,"Punta Gorda, FL",Punta Gorda
2019-04-01,2.73,FL,"Punta Gorda, FL",Punta Gorda
2019-05-01,1.29,FL,"Punta Gorda, FL",Punta Gorda
2019-06-01,0.61,FL,"Punta Gorda, FL",Punta Gorda
2019-07-01,2.05,FL,"Punta Gorda, FL",Punta Gorda
2019-08-01,2.42,FL,"Punta Gorda, FL",Punta Gorda
2019-09-01,2.0,FL,"Punta Gorda, FL",Punta Gorda
2019-10-01,0.85,FL,"Punta Gorda, FL",Punta Gorda
2019-11-01,1.28,FL,"Punta Gorda, FL",Punta Gorda
2019-12-01,0.8,FL,"Punta Gorda, FL",Punta Gorda
2020-01-01,-0.04,FL,"Punta Gorda, FL",Punta Gorda
2020-02-01,1.04,FL,"Punta Gorda, FL",Punta Gorda
2020-03-01,0.49,FL,"Punta Gorda, FL",Punta Gorda
2020-04-01,0.66,FL,"Punta Gorda, FL",Punta Gorda
2020-05-01,1.68,FL,"Punta Gorda, FL",Punta Gorda
2020-06-01,2.75,FL,"Punta Gorda, FL",Punta Gorda
2020-07-01,2.19,FL,"Punta Gorda, FL",Punta Gorda
2020-08-01,2.13,FL,"Punta Gorda, FL",Punta Gorda
2020-09-01,2.01,FL,"Punta Gorda, FL",Punta Gorda
2020-10-01,1.8,FL,"Punta Gorda, FL",Punta Gorda
2020-11-01,0.66,FL,"Punta Gorda, FL",Punta Gorda
2020-12-01,3.28,FL,"Punta Gorda, FL",Punta Gorda
2021-01-01,5.01,FL,"Punta Gorda, FL",Punta Gorda
2021-02-01,7.24,FL,"Punta Gorda, FL",Punta Gorda
2021-03-01,13.2,FL,"Punta Gorda, FL",Punta Gorda
2021-04-01,19.96,FL,"Punta Gorda, FL",Punta Gorda
2021-05-01,21.27,FL,"Punta Gorda, FL",Punta Gorda
2021-06-01,24.74,FL,"Punta Gorda, FL",Punta Gorda
2021-07-01,29.29,FL,"Punta Gorda, FL",Punta Gorda
2021-08-01,33.46,FL,"Punta Gorda, FL",Punta Gorda
2021-09-01,34.57,FL,"Punta Gorda, FL",Punta Gorda
2021-10-01,34.72,FL,"Punta Gorda, FL",Punta Gorda
2021-11-01,41.91,FL,"Punta Gorda, FL",Punta Gorda
2017-07-01,10.21,CO,"Pueblo, CO",Pueblo
2017-08-01,9.13,CO,"Pueblo, CO",Pueblo
2017-09-01,5.46,CO,"Pueblo, CO",Pueblo
2017-10-01,11.46,CO,"Pueblo, CO",Pueblo
2017-11-01,10.52,CO,"Pueblo, CO",Pueblo
2017-12-01,8.18,CO,"Pueblo, CO",Pueblo
2018-01-01,5.02,CO,"Pueblo, CO",Pueblo
2018-02-01,6.95,CO,"Pueblo, CO",Pueblo
2018-03-01,6.39,CO,"Pueblo, CO",Pueblo
2018-04-01,3.96,CO,"Pueblo, CO",Pueblo
2018-05-01,2.17,CO,"Pueblo, CO",Pueblo
2018-06-01,4.19,CO,"Pueblo, CO",Pueblo
2018-07-01,8.72,CO,"Pueblo, CO",Pueblo
2018-08-01,10.12,CO,"Pueblo, CO",Pueblo
2018-09-01,11.85,CO,"Pueblo, CO",Pueblo
2018-10-01,9.12,CO,"Pueblo, CO",Pueblo
2018-11-01,10.43,CO,"Pueblo, CO",Pueblo
2018-12-01,9.98,CO,"Pueblo, CO",Pueblo
2019-01-01,10.29,CO,"Pueblo, CO",Pueblo
2019-02-01,8.29,CO,"Pueblo, CO",Pueblo
2019-03-01,6.98,CO,"Pueblo, CO",Pueblo
2019-04-01,4.88,CO,"Pueblo, CO",Pueblo
2019-05-01,5.27,CO,"Pueblo, CO",Pueblo
2019-06-01,3.45,CO,"Pueblo, CO",Pueblo
2019-07-01,0.69,CO,"Pueblo, CO",Pueblo
2019-08-01,2.23,CO,"Pueblo, CO",Pueblo
2019-09-01,3.88,CO,"Pueblo, CO",Pueblo
2019-10-01,0.15,CO,"Pueblo, CO",Pueblo
2019-11-01,-1.73,CO,"Pueblo, CO",Pueblo
2019-12-01,-0.34,CO,"Pueblo, CO",Pueblo
2020-01-01,-0.51,CO,"Pueblo, CO",Pueblo
2020-02-01,-0.02,CO,"Pueblo, CO",Pueblo
2020-03-01,3.96,CO,"Pueblo, CO",Pueblo
2020-04-01,8.1,CO,"Pueblo, CO",Pueblo
2020-05-01,9.57,CO,"Pueblo, CO",Pueblo
2020-06-01,5.32,CO,"Pueblo, CO",Pueblo
2020-07-01,9.23,CO,"Pueblo, CO",Pueblo
2020-08-01,15.01,CO,"Pueblo, CO",Pueblo
2020-09-01,17.35,CO,"Pueblo, CO",Pueblo
2020-10-01,20.2,CO,"Pueblo, CO",Pueblo
2020-11-01,25.79,CO,"Pueblo, CO",Pueblo
2020-12-01,27.34,CO,"Pueblo, CO",Pueblo
2021-01-01,28.91,CO,"Pueblo, CO",Pueblo
2021-02-01,34.47,CO,"Pueblo, CO",Pueblo
2021-03-01,30.07,CO,"Pueblo, CO",Pueblo
2021-04-01,31.71,CO,"Pueblo, CO",Pueblo
2021-05-01,27.12,CO,"Pueblo, CO",Pueblo
2021-06-01,30.51,CO,"Pueblo, CO",Pueblo
2021-07-01,29.2,CO,"Pueblo, CO",Pueblo
2021-08-01,18.83,CO,"Pueblo, CO",Pueblo
2021-09-01,14.79,CO,"Pueblo, CO",Pueblo
2021-10-01,16.31,CO,"Pueblo, CO",Pueblo
2021-11-01,12.04,CO,"Pueblo, CO",Pueblo
2017-07-01,1.78,WV,"Morgantown, WV",Morgantown
2017-08-01,2.6,WV,"Morgantown, WV",Morgantown
2017-09-01,3.53,WV,"Morgantown, WV",Morgantown
2017-10-01,1.37,WV,"Morgantown, WV",Morgantown
2017-11-01,1.38,WV,"Morgantown, WV",Morgantown
2017-12-01,0.27,WV,"Morgantown, WV",Morgantown
2018-01-01,-0.38,WV,"Morgantown, WV",Morgantown
2018-02-01,1.91,WV,"Morgantown, WV",Morgantown
2018-03-01,2.5,WV,"Morgantown, WV",Morgantown
2018-04-01,2.65,WV,"Morgantown, WV",Morgantown
2018-05-01,2.75,WV,"Morgantown, WV",Morgantown
2018-06-01,1.73,WV,"Morgantown, WV",Morgantown
2018-07-01,2.78,WV,"Morgantown, WV",Morgantown
2018-08-01,3.0,WV,"Morgantown, WV",Morgantown
2018-09-01,2.82,WV,"Morgantown, WV",Morgantown
2018-10-01,5.43,WV,"Morgantown, WV",Morgantown
2018-11-01,4.55,WV,"Morgantown, WV",Morgantown
2018-12-01,4.07,WV,"Morgantown, WV",Morgantown
2019-01-01,4.12,WV,"Morgantown, WV",Morgantown
2019-02-01,3.21,WV,"Morgantown, WV",Morgantown
2019-03-01,2.64,WV,"Morgantown, WV",Morgantown
2019-04-01,2.87,WV,"Morgantown, WV",Morgantown
2019-05-01,2.76,WV,"Morgantown, WV",Morgantown
2019-06-01,2.83,WV,"Morgantown, WV",Morgantown
2019-07-01,2.19,WV,"Morgantown, WV",Morgantown
2019-08-01,1.68,WV,"Morgantown, WV",Morgantown
2019-09-01,1.59,WV,"Morgantown, WV",Morgantown
2019-10-01,0.57,WV,"Morgantown, WV",Morgantown
2019-11-01,1.49,WV,"Morgantown, WV",Morgantown
2019-12-01,1.4,WV,"Morgantown, WV",Morgantown
2020-01-01,1.13,WV,"Morgantown, WV",Morgantown
2020-02-01,-0.74,WV,"Morgantown, WV",Morgantown
2020-03-01,-0.19,WV,"Morgantown, WV",Morgantown
2020-04-01,-0.66,WV,"Morgantown, WV",Morgantown
2020-05-01,1.27,WV,"Morgantown, WV",Morgantown
2020-06-01,1.81,WV,"Morgantown, WV",Morgantown
2020-07-01,3.77,WV,"Morgantown, WV",Morgantown
2020-08-01,4.05,WV,"Morgantown, WV",Morgantown
2020-09-01,2.52,WV,"Morgantown, WV",Morgantown
2020-10-01,2.04,WV,"Morgantown, WV",Morgantown
2020-11-01,2.3,WV,"Morgantown, WV",Morgantown
2020-12-01,7.04,WV,"Morgantown, WV",Morgantown
2021-01-01,5.78,WV,"Morgantown, WV",Morgantown
2021-02-01,6.93,WV,"Morgantown, WV",Morgantown
2021-03-01,7.07,WV,"Morgantown, WV",Morgantown
2021-04-01,10.42,WV,"Morgantown, WV",Morgantown
2021-05-01,9.34,WV,"Morgantown, WV",Morgantown
2021-06-01,14.0,WV,"Morgantown, WV",Morgantown
2021-07-01,12.07,WV,"Morgantown, WV",Morgantown
2021-08-01,8.08,WV,"Morgantown, WV",Morgantown
2021-09-01,9.67,WV,"Morgantown, WV",Morgantown
2021-10-01,6.22,WV,"Morgantown, WV",Morgantown
2021-11-01,8.96,WV,"Morgantown, WV",Morgantown
2017-07-01,-1.87,CA,"Napa, CA",Napa
2017-08-01,1.93,CA,"Napa, CA",Napa
2017-09-01,5.66,CA,"Napa, CA",Napa
2017-10-01,10.39,CA,"Napa, CA",Napa
2017-11-01,7.96,CA,"Napa, CA",Napa
2017-12-01,9.75,CA,"Napa, CA",Napa
2018-01-01,14.1,CA,"Napa, CA",Napa
2018-02-01,13.41,CA,"Napa, CA",Napa
2018-03-01,10.2,CA,"Napa, CA",Napa
2018-04-01,17.36,CA,"Napa, CA",Napa
2018-05-01,20.86,CA,"Napa, CA",Napa
2018-06-01,22.81,CA,"Napa, CA",Napa
2018-07-01,15.96,CA,"Napa, CA",Napa
2018-08-01,8.45,CA,"Napa, CA",Napa
2018-09-01,2.72,CA,"Napa, CA",Napa
2018-10-01,-1.92,CA,"Napa, CA",Napa
2018-11-01,2.18,CA,"Napa, CA",Napa
2018-12-01,-3.73,CA,"Napa, CA",Napa
2019-01-01,-7.79,CA,"Napa, CA",Napa
2019-02-01,-10.03,CA,"Napa, CA",Napa
2019-03-01,-5.25,CA,"Napa, CA",Napa
2019-04-01,-3.41,CA,"Napa, CA",Napa
2019-05-01,-1.99,CA,"Napa, CA",Napa
2019-06-01,-1.3,CA,"Napa, CA",Napa
2019-07-01,-3.03,CA,"Napa, CA",Napa
2019-08-01,2.68,CA,"Napa, CA",Napa
2019-09-01,9.67,CA,"Napa, CA",Napa
2019-10-01,10.64,CA,"Napa, CA",Napa
2019-11-01,11.4,CA,"Napa, CA",Napa
2019-12-01,16.36,CA,"Napa, CA",Napa
2020-01-01,15.89,CA,"Napa, CA",Napa
2020-02-01,15.32,CA,"Napa, CA",Napa
2020-03-01,14.42,CA,"Napa, CA",Napa
2020-04-01,4.65,CA,"Napa, CA",Napa
2020-05-01,-0.39,CA,"Napa, CA",Napa
2020-06-01,8.39,CA,"Napa, CA",Napa
2020-07-01,18.8,CA,"Napa, CA",Napa
2020-08-01,28.3,CA,"Napa, CA",Napa
2020-09-01,29.0,CA,"Napa, CA",Napa
2020-10-01,27.37,CA,"Napa, CA",Napa
2020-11-01,25.12,CA,"Napa, CA",Napa
2020-12-01,31.2,CA,"Napa, CA",Napa
2021-01-01,24.51,CA,"Napa, CA",Napa
2021-02-01,22.26,CA,"Napa, CA",Napa
2021-03-01,17.01,CA,"Napa, CA",Napa
2021-04-01,22.93,CA,"Napa, CA",Napa
2021-05-01,34.47,CA,"Napa, CA",Napa
2021-06-01,22.06,CA,"Napa, CA",Napa
2021-07-01,15.8,CA,"Napa, CA",Napa
2021-08-01,1.51,CA,"Napa, CA",Napa
2021-09-01,-1.19,CA,"Napa, CA",Napa
2021-10-01,1.71,CA,"Napa, CA",Napa
2021-11-01,4.44,CA,"Napa, CA",Napa
2017-07-01,0.82,ID,"Lewiston, ID-WA",Lewiston
2017-08-01,4.34,ID,"Lewiston, ID-WA",Lewiston
2017-09-01,7.3,ID,"Lewiston, ID-WA",Lewiston
2017-10-01,10.6,ID,"Lewiston, ID-WA",Lewiston
2017-11-01,12.15,ID,"Lewiston, ID-WA",Lewiston
2017-12-01,13.06,ID,"Lewiston, ID-WA",Lewiston
2018-01-01,15.15,ID,"Lewiston, ID-WA",Lewiston
2018-02-01,12.69,ID,"Lewiston, ID-WA",Lewiston
2018-03-01,6.0,ID,"Lewiston, ID-WA",Lewiston
2018-04-01,9.39,ID,"Lewiston, ID-WA",Lewiston
2018-05-01,12.7,ID,"Lewiston, ID-WA",Lewiston
2018-06-01,13.06,ID,"Lewiston, ID-WA",Lewiston
2018-07-01,10.66,ID,"Lewiston, ID-WA",Lewiston
2018-08-01,11.05,ID,"Lewiston, ID-WA",Lewiston
2018-09-01,10.16,ID,"Lewiston, ID-WA",Lewiston
2018-10-01,6.23,ID,"Lewiston, ID-WA",Lewiston
2018-11-01,3.86,ID,"Lewiston, ID-WA",Lewiston
2018-12-01,3.88,ID,"Lewiston, ID-WA",Lewiston
2019-01-01,3.15,ID,"Lewiston, ID-WA",Lewiston
2019-02-01,10.9,ID,"Lewiston, ID-WA",Lewiston
2019-03-01,10.72,ID,"Lewiston, ID-WA",Lewiston
2019-04-01,9.27,ID,"Lewiston, ID-WA",Lewiston
2019-05-01,6.26,ID,"Lewiston, ID-WA",Lewiston
2019-06-01,6.76,ID,"Lewiston, ID-WA",Lewiston
2019-07-01,-0.22,ID,"Lewiston, ID-WA",Lewiston
2019-08-01,-1.96,ID,"Lewiston, ID-WA",Lewiston
2019-09-01,-3.04,ID,"Lewiston, ID-WA",Lewiston
2019-10-01,-3.4,ID,"Lewiston, ID-WA",Lewiston
2019-11-01,-3.25,ID,"Lewiston, ID-WA",Lewiston
2019-12-01,-2.67,ID,"Lewiston, ID-WA",Lewiston
2020-01-01,-5.05,ID,"Lewiston, ID-WA",Lewiston
2020-02-01,-6.48,ID,"Lewiston, ID-WA",Lewiston
2020-03-01,-2.67,ID,"Lewiston, ID-WA",Lewiston
2020-04-01,0.3,ID,"Lewiston, ID-WA",Lewiston
2020-05-01,3.55,ID,"Lewiston, ID-WA",Lewiston
2020-06-01,8.9,ID,"Lewiston, ID-WA",Lewiston
2020-07-01,17.12,ID,"Lewiston, ID-WA",Lewiston
2020-08-01,21.99,ID,"Lewiston, ID-WA",Lewiston
2020-09-01,17.93,ID,"Lewiston, ID-WA",Lewiston
2020-10-01,22.71,ID,"Lewiston, ID-WA",Lewiston
2020-11-01,25.93,ID,"Lewiston, ID-WA",Lewiston
2020-12-01,31.07,ID,"Lewiston, ID-WA",Lewiston
2021-01-01,31.85,ID,"Lewiston, ID-WA",Lewiston
2021-02-01,33.47,ID,"Lewiston, ID-WA",Lewiston
2021-03-01,33.09,ID,"Lewiston, ID-WA",Lewiston
2021-04-01,31.6,ID,"Lewiston, ID-WA",Lewiston
2021-05-01,23.76,ID,"Lewiston, ID-WA",Lewiston
2021-06-01,17.29,ID,"Lewiston, ID-WA",Lewiston
2021-07-01,29.01,ID,"Lewiston, ID-WA",Lewiston
2021-08-01,21.67,ID,"Lewiston, ID-WA",Lewiston
2021-09-01,27.87,ID,"Lewiston, ID-WA",Lewiston
2021-10-01,27.14,ID,"Lewiston, ID-WA",Lewiston
2021-11-01,24.47,ID,"Lewiston, ID-WA",Lewiston
