date,Housing Inventory: New Listing Count Year-Over-Year,state,msa,city
2017-07-01,12.88,NY,"New York-Newark-Jersey City, NY-NJ-PA",New York
2017-08-01,25.18,NY,"New York-Newark-Jersey City, NY-NJ-PA",New York
2017-09-01,0.89,NY,"New York-Newark-Jersey City, NY-NJ-PA",New York
2017-10-01,17.36,NY,"New York-Newark-Jersey City, NY-NJ-PA",New York
2017-11-01,-1.04,NY,"New York-Newark-Jersey City, NY-NJ-PA",New York
2017-12-01,8.26,NY,"New York-Newark-Jersey City, NY-NJ-PA",New York
2018-01-01,4.55,NY,"New York-Newark-Jersey City, NY-NJ-PA",New York
2018-02-01,5.98,NY,"New York-Newark-Jersey City, NY-NJ-PA",New York
2018-03-01,-4.3,NY,"New York-Newark-Jersey City, NY-NJ-PA",New York
2018-04-01,12.02,NY,"New York-Newark-Jersey City, NY-NJ-PA",New York
2018-05-01,4.77,NY,"New York-Newark-Jersey City, NY-NJ-PA",New York
2018-06-01,5.08,NY,"New York-Newark-Jersey City, NY-NJ-PA",New York
2018-07-01,6.29,NY,"New York-Newark-Jersey City, NY-NJ-PA",New York
2018-08-01,3.14,NY,"New York-Newark-Jersey City, NY-NJ-PA",New York
2018-09-01,19.45,NY,"New York-Newark-Jersey City, NY-NJ-PA",New York
2018-10-01,6.02,NY,"New York-Newark-Jersey City, NY-NJ-PA",New York
2018-11-01,8.06,NY,"New York-Newark-Jersey City, NY-NJ-PA",New York
2018-12-01,10.36,NY,"New York-Newark-Jersey City, NY-NJ-PA",New York
2019-01-01,16.11,NY,"New York-Newark-Jersey City, NY-NJ-PA",New York
2019-02-01,-4.32,NY,"New York-Newark-Jersey City, NY-NJ-PA",New York
2019-03-01,6.85,NY,"New York-Newark-Jersey City, NY-NJ-PA",New York
2019-04-01,1.63,NY,"New York-Newark-Jersey City, NY-NJ-PA",New York
2019-05-01,6.34,NY,"New York-Newark-Jersey City, NY-NJ-PA",New York
2019-06-01,4.52,NY,"New York-Newark-Jersey City, NY-NJ-PA",New York
2019-07-01,-4.32,NY,"New York-Newark-Jersey City, NY-NJ-PA",New York
2019-08-01,14.02,NY,"New York-Newark-Jersey City, NY-NJ-PA",New York
2019-09-01,5.99,NY,"New York-Newark-Jersey City, NY-NJ-PA",New York
2019-10-01,-6.28,NY,"New York-Newark-Jersey City, NY-NJ-PA",New York
2019-11-01,-2.05,NY,"New York-Newark-Jersey City, NY-NJ-PA",New York
2019-12-01,-19.32,NY,"New York-Newark-Jersey City, NY-NJ-PA",New York
2020-01-01,-4.01,NY,"New York-Newark-Jersey City, NY-NJ-PA",New York
2020-02-01,8.91,NY,"New York-Newark-Jersey City, NY-NJ-PA",New York
2020-03-01,-16.75,NY,"New York-Newark-Jersey City, NY-NJ-PA",New York
2020-04-01,-70.99,NY,"New York-Newark-Jersey City, NY-NJ-PA",New York
2020-05-01,-40.92,NY,"New York-Newark-Jersey City, NY-NJ-PA",New York
2020-06-01,-1.35,NY,"New York-Newark-Jersey City, NY-NJ-PA",New York
2020-07-01,24.12,NY,"New York-Newark-Jersey City, NY-NJ-PA",New York
2020-08-01,9.25,NY,"New York-Newark-Jersey City, NY-NJ-PA",New York
2020-09-01,5.72,NY,"New York-Newark-Jersey City, NY-NJ-PA",New York
2020-10-01,28.06,NY,"New York-Newark-Jersey City, NY-NJ-PA",New York
2020-11-01,3.49,NY,"New York-Newark-Jersey City, NY-NJ-PA",New York
2020-12-01,21.56,NY,"New York-Newark-Jersey City, NY-NJ-PA",New York
2021-01-01,-9.63,NY,"New York-Newark-Jersey City, NY-NJ-PA",New York
2021-02-01,-26.88,NY,"New York-Newark-Jersey City, NY-NJ-PA",New York
2021-03-01,9.11,NY,"New York-Newark-Jersey City, NY-NJ-PA",New York
2021-04-01,203.24,NY,"New York-Newark-Jersey City, NY-NJ-PA",New York
2021-05-01,46.29,NY,"New York-Newark-Jersey City, NY-NJ-PA",New York
2021-06-01,-1.07,NY,"New York-Newark-Jersey City, NY-NJ-PA",New York
2021-07-01,-15.61,NY,"New York-Newark-Jersey City, NY-NJ-PA",New York
2021-08-01,-9.78,NY,"New York-Newark-Jersey City, NY-NJ-PA",New York
2021-09-01,-12.61,NY,"New York-Newark-Jersey City, NY-NJ-PA",New York
2021-10-01,-18.43,NY,"New York-Newark-Jersey City, NY-NJ-PA",New York
2021-11-01,-6.77,NY,"New York-Newark-Jersey City, NY-NJ-PA",New York
2017-07-01,3.85,IL,"Chicago-Naperville-Elgin, IL-IN-WI",Chicago
2017-08-01,5.88,IL,"Chicago-Naperville-Elgin, IL-IN-WI",Chicago
2017-09-01,-3.91,IL,"Chicago-Naperville-Elgin, IL-IN-WI",Chicago
2017-10-01,2.29,IL,"Chicago-Naperville-Elgin, IL-IN-WI",Chicago
2017-11-01,4.97,IL,"Chicago-Naperville-Elgin, IL-IN-WI",Chicago
2017-12-01,7.83,IL,"Chicago-Naperville-Elgin, IL-IN-WI",Chicago
2018-01-01,-1.71,IL,"Chicago-Naperville-Elgin, IL-IN-WI",Chicago
2018-02-01,-11.72,IL,"Chicago-Naperville-Elgin, IL-IN-WI",Chicago
2018-03-01,1.47,IL,"Chicago-Naperville-Elgin, IL-IN-WI",Chicago
2018-04-01,6.35,IL,"Chicago-Naperville-Elgin, IL-IN-WI",Chicago
2018-05-01,8.04,IL,"Chicago-Naperville-Elgin, IL-IN-WI",Chicago
2018-06-01,5.07,IL,"Chicago-Naperville-Elgin, IL-IN-WI",Chicago
2018-07-01,7.61,IL,"Chicago-Naperville-Elgin, IL-IN-WI",Chicago
2018-08-01,6.35,IL,"Chicago-Naperville-Elgin, IL-IN-WI",Chicago
2018-09-01,15.58,IL,"Chicago-Naperville-Elgin, IL-IN-WI",Chicago
2018-10-01,12.95,IL,"Chicago-Naperville-Elgin, IL-IN-WI",Chicago
2018-11-01,6.21,IL,"Chicago-Naperville-Elgin, IL-IN-WI",Chicago
2018-12-01,8.09,IL,"Chicago-Naperville-Elgin, IL-IN-WI",Chicago
2019-01-01,5.41,IL,"Chicago-Naperville-Elgin, IL-IN-WI",Chicago
2019-02-01,7.34,IL,"Chicago-Naperville-Elgin, IL-IN-WI",Chicago
2019-03-01,-2.58,IL,"Chicago-Naperville-Elgin, IL-IN-WI",Chicago
2019-04-01,9.89,IL,"Chicago-Naperville-Elgin, IL-IN-WI",Chicago
2019-05-01,0.24,IL,"Chicago-Naperville-Elgin, IL-IN-WI",Chicago
2019-06-01,7.11,IL,"Chicago-Naperville-Elgin, IL-IN-WI",Chicago
2019-07-01,0.86,IL,"Chicago-Naperville-Elgin, IL-IN-WI",Chicago
2019-08-01,4.69,IL,"Chicago-Naperville-Elgin, IL-IN-WI",Chicago
2019-09-01,0.66,IL,"Chicago-Naperville-Elgin, IL-IN-WI",Chicago
2019-10-01,2.12,IL,"Chicago-Naperville-Elgin, IL-IN-WI",Chicago
2019-11-01,-7.57,IL,"Chicago-Naperville-Elgin, IL-IN-WI",Chicago
2019-12-01,-2.87,IL,"Chicago-Naperville-Elgin, IL-IN-WI",Chicago
2020-01-01,3.58,IL,"Chicago-Naperville-Elgin, IL-IN-WI",Chicago
2020-02-01,1.5,IL,"Chicago-Naperville-Elgin, IL-IN-WI",Chicago
2020-03-01,-10.0,IL,"Chicago-Naperville-Elgin, IL-IN-WI",Chicago
2020-04-01,-53.21,IL,"Chicago-Naperville-Elgin, IL-IN-WI",Chicago
2020-05-01,-30.47,IL,"Chicago-Naperville-Elgin, IL-IN-WI",Chicago
2020-06-01,-19.89,IL,"Chicago-Naperville-Elgin, IL-IN-WI",Chicago
2020-07-01,-10.72,IL,"Chicago-Naperville-Elgin, IL-IN-WI",Chicago
2020-08-01,-8.94,IL,"Chicago-Naperville-Elgin, IL-IN-WI",Chicago
2020-09-01,-7.38,IL,"Chicago-Naperville-Elgin, IL-IN-WI",Chicago
2020-10-01,-8.01,IL,"Chicago-Naperville-Elgin, IL-IN-WI",Chicago
2020-11-01,-2.16,IL,"Chicago-Naperville-Elgin, IL-IN-WI",Chicago
2020-12-01,-0.53,IL,"Chicago-Naperville-Elgin, IL-IN-WI",Chicago
2021-01-01,-22.29,IL,"Chicago-Naperville-Elgin, IL-IN-WI",Chicago
2021-02-01,-35.26,IL,"Chicago-Naperville-Elgin, IL-IN-WI",Chicago
2021-03-01,-22.49,IL,"Chicago-Naperville-Elgin, IL-IN-WI",Chicago
2021-04-01,46.84,IL,"Chicago-Naperville-Elgin, IL-IN-WI",Chicago
2021-05-01,8.4,IL,"Chicago-Naperville-Elgin, IL-IN-WI",Chicago
2021-06-01,3.12,IL,"Chicago-Naperville-Elgin, IL-IN-WI",Chicago
2021-07-01,0.14,IL,"Chicago-Naperville-Elgin, IL-IN-WI",Chicago
2021-08-01,-4.87,IL,"Chicago-Naperville-Elgin, IL-IN-WI",Chicago
2021-09-01,-7.24,IL,"Chicago-Naperville-Elgin, IL-IN-WI",Chicago
2021-10-01,-8.57,IL,"Chicago-Naperville-Elgin, IL-IN-WI",Chicago
2021-11-01,-6.91,IL,"Chicago-Naperville-Elgin, IL-IN-WI",Chicago
2017-07-01,4.97,TX,"Dallas-Fort Worth-Arlington, TX",Dallas
2017-08-01,7.29,TX,"Dallas-Fort Worth-Arlington, TX",Dallas
2017-09-01,4.84,TX,"Dallas-Fort Worth-Arlington, TX",Dallas
2017-10-01,1.06,TX,"Dallas-Fort Worth-Arlington, TX",Dallas
2017-11-01,5.4,TX,"Dallas-Fort Worth-Arlington, TX",Dallas
2017-12-01,24.96,TX,"Dallas-Fort Worth-Arlington, TX",Dallas
2018-01-01,2.48,TX,"Dallas-Fort Worth-Arlington, TX",Dallas
2018-02-01,-1.59,TX,"Dallas-Fort Worth-Arlington, TX",Dallas
2018-03-01,0.0,TX,"Dallas-Fort Worth-Arlington, TX",Dallas
2018-04-01,11.75,TX,"Dallas-Fort Worth-Arlington, TX",Dallas
2018-05-01,8.16,TX,"Dallas-Fort Worth-Arlington, TX",Dallas
2018-06-01,12.31,TX,"Dallas-Fort Worth-Arlington, TX",Dallas
2018-07-01,5.26,TX,"Dallas-Fort Worth-Arlington, TX",Dallas
2018-08-01,-3.31,TX,"Dallas-Fort Worth-Arlington, TX",Dallas
2018-09-01,5.55,TX,"Dallas-Fort Worth-Arlington, TX",Dallas
2018-10-01,1.1,TX,"Dallas-Fort Worth-Arlington, TX",Dallas
2018-11-01,9.07,TX,"Dallas-Fort Worth-Arlington, TX",Dallas
2018-12-01,4.91,TX,"Dallas-Fort Worth-Arlington, TX",Dallas
2019-01-01,18.28,TX,"Dallas-Fort Worth-Arlington, TX",Dallas
2019-02-01,7.16,TX,"Dallas-Fort Worth-Arlington, TX",Dallas
2019-03-01,7.38,TX,"Dallas-Fort Worth-Arlington, TX",Dallas
2019-04-01,5.79,TX,"Dallas-Fort Worth-Arlington, TX",Dallas
2019-05-01,1.4,TX,"Dallas-Fort Worth-Arlington, TX",Dallas
2019-06-01,-3.32,TX,"Dallas-Fort Worth-Arlington, TX",Dallas
2019-07-01,3.76,TX,"Dallas-Fort Worth-Arlington, TX",Dallas
2019-08-01,6.63,TX,"Dallas-Fort Worth-Arlington, TX",Dallas
2019-09-01,-2.42,TX,"Dallas-Fort Worth-Arlington, TX",Dallas
2019-10-01,8.7,TX,"Dallas-Fort Worth-Arlington, TX",Dallas
2019-11-01,-4.85,TX,"Dallas-Fort Worth-Arlington, TX",Dallas
2019-12-01,-6.11,TX,"Dallas-Fort Worth-Arlington, TX",Dallas
2020-01-01,-5.8,TX,"Dallas-Fort Worth-Arlington, TX",Dallas
2020-02-01,1.08,TX,"Dallas-Fort Worth-Arlington, TX",Dallas
2020-03-01,6.99,TX,"Dallas-Fort Worth-Arlington, TX",Dallas
2020-04-01,-35.45,TX,"Dallas-Fort Worth-Arlington, TX",Dallas
2020-05-01,-12.3,TX,"Dallas-Fort Worth-Arlington, TX",Dallas
2020-06-01,-15.16,TX,"Dallas-Fort Worth-Arlington, TX",Dallas
2020-07-01,-16.77,TX,"Dallas-Fort Worth-Arlington, TX",Dallas
2020-08-01,-11.53,TX,"Dallas-Fort Worth-Arlington, TX",Dallas
2020-09-01,-7.86,TX,"Dallas-Fort Worth-Arlington, TX",Dallas
2020-10-01,-16.23,TX,"Dallas-Fort Worth-Arlington, TX",Dallas
2020-11-01,-14.32,TX,"Dallas-Fort Worth-Arlington, TX",Dallas
2020-12-01,-10.66,TX,"Dallas-Fort Worth-Arlington, TX",Dallas
2021-01-01,-25.49,TX,"Dallas-Fort Worth-Arlington, TX",Dallas
2021-02-01,-35.88,TX,"Dallas-Fort Worth-Arlington, TX",Dallas
2021-03-01,-35.68,TX,"Dallas-Fort Worth-Arlington, TX",Dallas
2021-04-01,6.86,TX,"Dallas-Fort Worth-Arlington, TX",Dallas
2021-05-01,-15.94,TX,"Dallas-Fort Worth-Arlington, TX",Dallas
2021-06-01,-5.1,TX,"Dallas-Fort Worth-Arlington, TX",Dallas
2021-07-01,4.85,TX,"Dallas-Fort Worth-Arlington, TX",Dallas
2021-08-01,-0.79,TX,"Dallas-Fort Worth-Arlington, TX",Dallas
2021-09-01,-1.45,TX,"Dallas-Fort Worth-Arlington, TX",Dallas
2021-10-01,-3.53,TX,"Dallas-Fort Worth-Arlington, TX",Dallas
2021-11-01,-0.06,TX,"Dallas-Fort Worth-Arlington, TX",Dallas
2017-07-01,9.66,TX,"Houston-The Woodlands-Sugar Land, TX",Houston
2017-08-01,19.0,TX,"Houston-The Woodlands-Sugar Land, TX",Houston
2017-09-01,-8.0,TX,"Houston-The Woodlands-Sugar Land, TX",Houston
2017-10-01,8.54,TX,"Houston-The Woodlands-Sugar Land, TX",Houston
2017-11-01,0.61,TX,"Houston-The Woodlands-Sugar Land, TX",Houston
2017-12-01,4.55,TX,"Houston-The Woodlands-Sugar Land, TX",Houston
2018-01-01,-9.39,TX,"Houston-The Woodlands-Sugar Land, TX",Houston
2018-02-01,-9.18,TX,"Houston-The Woodlands-Sugar Land, TX",Houston
2018-03-01,-0.68,TX,"Houston-The Woodlands-Sugar Land, TX",Houston
2018-04-01,3.39,TX,"Houston-The Woodlands-Sugar Land, TX",Houston
2018-05-01,-0.4,TX,"Houston-The Woodlands-Sugar Land, TX",Houston
2018-06-01,-0.64,TX,"Houston-The Woodlands-Sugar Land, TX",Houston
2018-07-01,-1.81,TX,"Houston-The Woodlands-Sugar Land, TX",Houston
2018-08-01,-3.97,TX,"Houston-The Woodlands-Sugar Land, TX",Houston
2018-09-01,10.34,TX,"Houston-The Woodlands-Sugar Land, TX",Houston
2018-10-01,2.87,TX,"Houston-The Woodlands-Sugar Land, TX",Houston
2018-11-01,9.3,TX,"Houston-The Woodlands-Sugar Land, TX",Houston
2018-12-01,15.93,TX,"Houston-The Woodlands-Sugar Land, TX",Houston
2019-01-01,16.5,TX,"Houston-The Woodlands-Sugar Land, TX",Houston
2019-02-01,14.16,TX,"Houston-The Woodlands-Sugar Land, TX",Houston
2019-03-01,-4.09,TX,"Houston-The Woodlands-Sugar Land, TX",Houston
2019-04-01,-0.78,TX,"Houston-The Woodlands-Sugar Land, TX",Houston
2019-05-01,0.3,TX,"Houston-The Woodlands-Sugar Land, TX",Houston
2019-06-01,6.79,TX,"Houston-The Woodlands-Sugar Land, TX",Houston
2019-07-01,2.34,TX,"Houston-The Woodlands-Sugar Land, TX",Houston
2019-08-01,-1.86,TX,"Houston-The Woodlands-Sugar Land, TX",Houston
2019-09-01,0.26,TX,"Houston-The Woodlands-Sugar Land, TX",Houston
2019-10-01,2.2,TX,"Houston-The Woodlands-Sugar Land, TX",Houston
2019-11-01,-1.93,TX,"Houston-The Woodlands-Sugar Land, TX",Houston
2019-12-01,-2.87,TX,"Houston-The Woodlands-Sugar Land, TX",Houston
2020-01-01,6.0,TX,"Houston-The Woodlands-Sugar Land, TX",Houston
2020-02-01,1.4,TX,"Houston-The Woodlands-Sugar Land, TX",Houston
2020-03-01,5.76,TX,"Houston-The Woodlands-Sugar Land, TX",Houston
2020-04-01,-29.71,TX,"Houston-The Woodlands-Sugar Land, TX",Houston
2020-05-01,-19.0,TX,"Houston-The Woodlands-Sugar Land, TX",Houston
2020-06-01,-16.49,TX,"Houston-The Woodlands-Sugar Land, TX",Houston
2020-07-01,-8.53,TX,"Houston-The Woodlands-Sugar Land, TX",Houston
2020-08-01,-5.53,TX,"Houston-The Woodlands-Sugar Land, TX",Houston
2020-09-01,0.31,TX,"Houston-The Woodlands-Sugar Land, TX",Houston
2020-10-01,-7.4,TX,"Houston-The Woodlands-Sugar Land, TX",Houston
2020-11-01,-0.84,TX,"Houston-The Woodlands-Sugar Land, TX",Houston
2020-12-01,-3.75,TX,"Houston-The Woodlands-Sugar Land, TX",Houston
2021-01-01,-19.14,TX,"Houston-The Woodlands-Sugar Land, TX",Houston
2021-02-01,-24.47,TX,"Houston-The Woodlands-Sugar Land, TX",Houston
2021-03-01,-22.73,TX,"Houston-The Woodlands-Sugar Land, TX",Houston
2021-04-01,10.03,TX,"Houston-The Woodlands-Sugar Land, TX",Houston
2021-05-01,-2.87,TX,"Houston-The Woodlands-Sugar Land, TX",Houston
2021-06-01,7.54,TX,"Houston-The Woodlands-Sugar Land, TX",Houston
2021-07-01,3.68,TX,"Houston-The Woodlands-Sugar Land, TX",Houston
2021-08-01,4.34,TX,"Houston-The Woodlands-Sugar Land, TX",Houston
2021-09-01,-0.7,TX,"Houston-The Woodlands-Sugar Land, TX",Houston
2021-10-01,-2.1,TX,"Houston-The Woodlands-Sugar Land, TX",Houston
2021-11-01,-3.07,TX,"Houston-The Woodlands-Sugar Land, TX",Houston
2017-07-01,-2.41,MI,"Detroit-Warren-Dearborn, MI",Detroit
2017-08-01,7.18,MI,"Detroit-Warren-Dearborn, MI",Detroit
2017-09-01,-7.57,MI,"Detroit-Warren-Dearborn, MI",Detroit
2017-10-01,-0.44,MI,"Detroit-Warren-Dearborn, MI",Detroit
2017-11-01,-4.96,MI,"Detroit-Warren-Dearborn, MI",Detroit
2017-12-01,11.66,MI,"Detroit-Warren-Dearborn, MI",Detroit
2018-01-01,-10.22,MI,"Detroit-Warren-Dearborn, MI",Detroit
2018-02-01,-20.18,MI,"Detroit-Warren-Dearborn, MI",Detroit
2018-03-01,-5.73,MI,"Detroit-Warren-Dearborn, MI",Detroit
2018-04-01,5.34,MI,"Detroit-Warren-Dearborn, MI",Detroit
2018-05-01,0.05,MI,"Detroit-Warren-Dearborn, MI",Detroit
2018-06-01,3.79,MI,"Detroit-Warren-Dearborn, MI",Detroit
2018-07-01,8.56,MI,"Detroit-Warren-Dearborn, MI",Detroit
2018-08-01,0.89,MI,"Detroit-Warren-Dearborn, MI",Detroit
2018-09-01,7.37,MI,"Detroit-Warren-Dearborn, MI",Detroit
2018-10-01,12.47,MI,"Detroit-Warren-Dearborn, MI",Detroit
2018-11-01,16.28,MI,"Detroit-Warren-Dearborn, MI",Detroit
2018-12-01,6.1,MI,"Detroit-Warren-Dearborn, MI",Detroit
2019-01-01,17.99,MI,"Detroit-Warren-Dearborn, MI",Detroit
2019-02-01,14.2,MI,"Detroit-Warren-Dearborn, MI",Detroit
2019-03-01,5.0,MI,"Detroit-Warren-Dearborn, MI",Detroit
2019-04-01,8.96,MI,"Detroit-Warren-Dearborn, MI",Detroit
2019-05-01,2.03,MI,"Detroit-Warren-Dearborn, MI",Detroit
2019-06-01,7.55,MI,"Detroit-Warren-Dearborn, MI",Detroit
2019-07-01,-4.13,MI,"Detroit-Warren-Dearborn, MI",Detroit
2019-08-01,-9.28,MI,"Detroit-Warren-Dearborn, MI",Detroit
2019-09-01,-4.99,MI,"Detroit-Warren-Dearborn, MI",Detroit
2019-10-01,-3.38,MI,"Detroit-Warren-Dearborn, MI",Detroit
2019-11-01,-14.45,MI,"Detroit-Warren-Dearborn, MI",Detroit
2019-12-01,-10.53,MI,"Detroit-Warren-Dearborn, MI",Detroit
2020-01-01,-9.81,MI,"Detroit-Warren-Dearborn, MI",Detroit
2020-02-01,-4.56,MI,"Detroit-Warren-Dearborn, MI",Detroit
2020-03-01,-5.31,MI,"Detroit-Warren-Dearborn, MI",Detroit
2020-04-01,-75.4,MI,"Detroit-Warren-Dearborn, MI",Detroit
2020-05-01,-22.06,MI,"Detroit-Warren-Dearborn, MI",Detroit
2020-06-01,-24.16,MI,"Detroit-Warren-Dearborn, MI",Detroit
2020-07-01,-24.88,MI,"Detroit-Warren-Dearborn, MI",Detroit
2020-08-01,-16.09,MI,"Detroit-Warren-Dearborn, MI",Detroit
2020-09-01,-15.83,MI,"Detroit-Warren-Dearborn, MI",Detroit
2020-10-01,-21.72,MI,"Detroit-Warren-Dearborn, MI",Detroit
2020-11-01,-17.96,MI,"Detroit-Warren-Dearborn, MI",Detroit
2020-12-01,-14.05,MI,"Detroit-Warren-Dearborn, MI",Detroit
2021-01-01,-25.81,MI,"Detroit-Warren-Dearborn, MI",Detroit
2021-02-01,-32.41,MI,"Detroit-Warren-Dearborn, MI",Detroit
2021-03-01,-24.69,MI,"Detroit-Warren-Dearborn, MI",Detroit
2021-04-01,178.8,MI,"Detroit-Warren-Dearborn, MI",Detroit
2021-05-01,2.82,MI,"Detroit-Warren-Dearborn, MI",Detroit
2021-06-01,8.88,MI,"Detroit-Warren-Dearborn, MI",Detroit
2021-07-01,11.28,MI,"Detroit-Warren-Dearborn, MI",Detroit
2021-08-01,7.31,MI,"Detroit-Warren-Dearborn, MI",Detroit
2021-09-01,1.24,MI,"Detroit-Warren-Dearborn, MI",Detroit
2021-10-01,1.04,MI,"Detroit-Warren-Dearborn, MI",Detroit
2021-11-01,9.37,MI,"Detroit-Warren-Dearborn, MI",Detroit
2017-07-01,-5.9,OH,"Cincinnati, OH-KY-IN",Cincinnati
2017-08-01,-2.77,OH,"Cincinnati, OH-KY-IN",Cincinnati
2017-09-01,2.51,OH,"Cincinnati, OH-KY-IN",Cincinnati
2017-10-01,-6.03,OH,"Cincinnati, OH-KY-IN",Cincinnati
2017-11-01,-2.54,OH,"Cincinnati, OH-KY-IN",Cincinnati
2017-12-01,2.41,OH,"Cincinnati, OH-KY-IN",Cincinnati
2018-01-01,-21.52,OH,"Cincinnati, OH-KY-IN",Cincinnati
2018-02-01,-14.07,OH,"Cincinnati, OH-KY-IN",Cincinnati
2018-03-01,-11.11,OH,"Cincinnati, OH-KY-IN",Cincinnati
2018-04-01,-3.58,OH,"Cincinnati, OH-KY-IN",Cincinnati
2018-05-01,-3.82,OH,"Cincinnati, OH-KY-IN",Cincinnati
2018-06-01,-4.09,OH,"Cincinnati, OH-KY-IN",Cincinnati
2018-07-01,-1.23,OH,"Cincinnati, OH-KY-IN",Cincinnati
2018-08-01,1.17,OH,"Cincinnati, OH-KY-IN",Cincinnati
2018-09-01,0.14,OH,"Cincinnati, OH-KY-IN",Cincinnati
2018-10-01,4.66,OH,"Cincinnati, OH-KY-IN",Cincinnati
2018-11-01,7.13,OH,"Cincinnati, OH-KY-IN",Cincinnati
2018-12-01,14.1,OH,"Cincinnati, OH-KY-IN",Cincinnati
2019-01-01,4.74,OH,"Cincinnati, OH-KY-IN",Cincinnati
2019-02-01,-5.05,OH,"Cincinnati, OH-KY-IN",Cincinnati
2019-03-01,4.69,OH,"Cincinnati, OH-KY-IN",Cincinnati
2019-04-01,1.93,OH,"Cincinnati, OH-KY-IN",Cincinnati
2019-05-01,-4.87,OH,"Cincinnati, OH-KY-IN",Cincinnati
2019-06-01,-11.83,OH,"Cincinnati, OH-KY-IN",Cincinnati
2019-07-01,-12.7,OH,"Cincinnati, OH-KY-IN",Cincinnati
2019-08-01,-11.67,OH,"Cincinnati, OH-KY-IN",Cincinnati
2019-09-01,-15.47,OH,"Cincinnati, OH-KY-IN",Cincinnati
2019-10-01,-9.33,OH,"Cincinnati, OH-KY-IN",Cincinnati
2019-11-01,-13.31,OH,"Cincinnati, OH-KY-IN",Cincinnati
2019-12-01,-19.22,OH,"Cincinnati, OH-KY-IN",Cincinnati
2020-01-01,-9.65,OH,"Cincinnati, OH-KY-IN",Cincinnati
2020-02-01,-13.58,OH,"Cincinnati, OH-KY-IN",Cincinnati
2020-03-01,-20.9,OH,"Cincinnati, OH-KY-IN",Cincinnati
2020-04-01,-40.89,OH,"Cincinnati, OH-KY-IN",Cincinnati
2020-05-01,-32.21,OH,"Cincinnati, OH-KY-IN",Cincinnati
2020-06-01,-33.33,OH,"Cincinnati, OH-KY-IN",Cincinnati
2020-07-01,-28.53,OH,"Cincinnati, OH-KY-IN",Cincinnati
2020-08-01,-21.77,OH,"Cincinnati, OH-KY-IN",Cincinnati
2020-09-01,-13.32,OH,"Cincinnati, OH-KY-IN",Cincinnati
2020-10-01,-13.67,OH,"Cincinnati, OH-KY-IN",Cincinnati
2020-11-01,-22.28,OH,"Cincinnati, OH-KY-IN",Cincinnati
2020-12-01,-8.22,OH,"Cincinnati, OH-KY-IN",Cincinnati
2021-01-01,-26.8,OH,"Cincinnati, OH-KY-IN",Cincinnati
2021-02-01,-39.49,OH,"Cincinnati, OH-KY-IN",Cincinnati
2021-03-01,-25.47,OH,"Cincinnati, OH-KY-IN",Cincinnati
2021-04-01,-15.3,OH,"Cincinnati, OH-KY-IN",Cincinnati
2021-05-01,-7.16,OH,"Cincinnati, OH-KY-IN",Cincinnati
2021-06-01,8.51,OH,"Cincinnati, OH-KY-IN",Cincinnati
2021-07-01,14.97,OH,"Cincinnati, OH-KY-IN",Cincinnati
2021-08-01,13.91,OH,"Cincinnati, OH-KY-IN",Cincinnati
2021-09-01,-1.67,OH,"Cincinnati, OH-KY-IN",Cincinnati
2021-10-01,-11.03,OH,"Cincinnati, OH-KY-IN",Cincinnati
2021-11-01,6.51,OH,"Cincinnati, OH-KY-IN",Cincinnati
2017-07-01,4.29,SC,"Charleston-North Charleston, SC",Charleston
2017-08-01,-6.16,SC,"Charleston-North Charleston, SC",Charleston
2017-09-01,-2.78,SC,"Charleston-North Charleston, SC",Charleston
2017-10-01,22.46,SC,"Charleston-North Charleston, SC",Charleston
2017-11-01,5.28,SC,"Charleston-North Charleston, SC",Charleston
2017-12-01,0.49,SC,"Charleston-North Charleston, SC",Charleston
2018-01-01,-7.94,SC,"Charleston-North Charleston, SC",Charleston
2018-02-01,-1.09,SC,"Charleston-North Charleston, SC",Charleston
2018-03-01,-6.82,SC,"Charleston-North Charleston, SC",Charleston
2018-04-01,-8.21,SC,"Charleston-North Charleston, SC",Charleston
2018-05-01,2.87,SC,"Charleston-North Charleston, SC",Charleston
2018-06-01,-1.34,SC,"Charleston-North Charleston, SC",Charleston
2018-07-01,-7.67,SC,"Charleston-North Charleston, SC",Charleston
2018-08-01,4.69,SC,"Charleston-North Charleston, SC",Charleston
2018-09-01,4.76,SC,"Charleston-North Charleston, SC",Charleston
2018-10-01,-1.72,SC,"Charleston-North Charleston, SC",Charleston
2018-11-01,0.67,SC,"Charleston-North Charleston, SC",Charleston
2018-12-01,7.8,SC,"Charleston-North Charleston, SC",Charleston
2019-01-01,14.48,SC,"Charleston-North Charleston, SC",Charleston
2019-02-01,5.51,SC,"Charleston-North Charleston, SC",Charleston
2019-03-01,-11.95,SC,"Charleston-North Charleston, SC",Charleston
2019-04-01,4.07,SC,"Charleston-North Charleston, SC",Charleston
2019-05-01,4.06,SC,"Charleston-North Charleston, SC",Charleston
2019-06-01,0.54,SC,"Charleston-North Charleston, SC",Charleston
2019-07-01,2.37,SC,"Charleston-North Charleston, SC",Charleston
2019-08-01,-6.57,SC,"Charleston-North Charleston, SC",Charleston
2019-09-01,-7.27,SC,"Charleston-North Charleston, SC",Charleston
2019-10-01,-1.46,SC,"Charleston-North Charleston, SC",Charleston
2019-11-01,-4.32,SC,"Charleston-North Charleston, SC",Charleston
2019-12-01,-4.07,SC,"Charleston-North Charleston, SC",Charleston
2020-01-01,-8.43,SC,"Charleston-North Charleston, SC",Charleston
2020-02-01,-10.7,SC,"Charleston-North Charleston, SC",Charleston
2020-03-01,7.2,SC,"Charleston-North Charleston, SC",Charleston
2020-04-01,-30.99,SC,"Charleston-North Charleston, SC",Charleston
2020-05-01,-20.49,SC,"Charleston-North Charleston, SC",Charleston
2020-06-01,-10.84,SC,"Charleston-North Charleston, SC",Charleston
2020-07-01,-6.38,SC,"Charleston-North Charleston, SC",Charleston
2020-08-01,-6.07,SC,"Charleston-North Charleston, SC",Charleston
2020-09-01,-0.65,SC,"Charleston-North Charleston, SC",Charleston
2020-10-01,-21.3,SC,"Charleston-North Charleston, SC",Charleston
2020-11-01,-15.63,SC,"Charleston-North Charleston, SC",Charleston
2020-12-01,-10.85,SC,"Charleston-North Charleston, SC",Charleston
2021-01-01,-30.26,SC,"Charleston-North Charleston, SC",Charleston
2021-02-01,-36.55,SC,"Charleston-North Charleston, SC",Charleston
2021-03-01,-40.31,SC,"Charleston-North Charleston, SC",Charleston
2021-04-01,-11.32,SC,"Charleston-North Charleston, SC",Charleston
2021-05-01,-24.85,SC,"Charleston-North Charleston, SC",Charleston
2021-06-01,-13.37,SC,"Charleston-North Charleston, SC",Charleston
2021-07-01,-13.31,SC,"Charleston-North Charleston, SC",Charleston
2021-08-01,-4.42,SC,"Charleston-North Charleston, SC",Charleston
2021-09-01,-16.45,SC,"Charleston-North Charleston, SC",Charleston
2021-10-01,-12.03,SC,"Charleston-North Charleston, SC",Charleston
2021-11-01,-11.52,SC,"Charleston-North Charleston, SC",Charleston
2017-07-01,9.09,UT,"Ogden-Clearfield, UT",Ogden
2017-08-01,-0.36,UT,"Ogden-Clearfield, UT",Ogden
2017-09-01,-2.16,UT,"Ogden-Clearfield, UT",Ogden
2017-10-01,-5.61,UT,"Ogden-Clearfield, UT",Ogden
2017-11-01,2.21,UT,"Ogden-Clearfield, UT",Ogden
2017-12-01,6.2,UT,"Ogden-Clearfield, UT",Ogden
2018-01-01,5.88,UT,"Ogden-Clearfield, UT",Ogden
2018-02-01,6.8,UT,"Ogden-Clearfield, UT",Ogden
2018-03-01,-11.22,UT,"Ogden-Clearfield, UT",Ogden
2018-04-01,-1.39,UT,"Ogden-Clearfield, UT",Ogden
2018-05-01,-6.87,UT,"Ogden-Clearfield, UT",Ogden
2018-06-01,-4.0,UT,"Ogden-Clearfield, UT",Ogden
2018-07-01,-12.5,UT,"Ogden-Clearfield, UT",Ogden
2018-08-01,-4.4,UT,"Ogden-Clearfield, UT",Ogden
2018-09-01,9.69,UT,"Ogden-Clearfield, UT",Ogden
2018-10-01,7.43,UT,"Ogden-Clearfield, UT",Ogden
2018-11-01,3.24,UT,"Ogden-Clearfield, UT",Ogden
2018-12-01,-2.19,UT,"Ogden-Clearfield, UT",Ogden
2019-01-01,5.56,UT,"Ogden-Clearfield, UT",Ogden
2019-02-01,9.55,UT,"Ogden-Clearfield, UT",Ogden
2019-03-01,6.9,UT,"Ogden-Clearfield, UT",Ogden
2019-04-01,0.0,UT,"Ogden-Clearfield, UT",Ogden
2019-05-01,7.38,UT,"Ogden-Clearfield, UT",Ogden
2019-06-01,17.5,UT,"Ogden-Clearfield, UT",Ogden
2019-07-01,-0.87,UT,"Ogden-Clearfield, UT",Ogden
2019-08-01,-18.39,UT,"Ogden-Clearfield, UT",Ogden
2019-09-01,-10.84,UT,"Ogden-Clearfield, UT",Ogden
2019-10-01,2.3,UT,"Ogden-Clearfield, UT",Ogden
2019-11-01,-12.57,UT,"Ogden-Clearfield, UT",Ogden
2019-12-01,-29.85,UT,"Ogden-Clearfield, UT",Ogden
2020-01-01,-10.53,UT,"Ogden-Clearfield, UT",Ogden
2020-02-01,-16.28,UT,"Ogden-Clearfield, UT",Ogden
2020-03-01,23.12,UT,"Ogden-Clearfield, UT",Ogden
2020-04-01,-16.43,UT,"Ogden-Clearfield, UT",Ogden
2020-05-01,-30.53,UT,"Ogden-Clearfield, UT",Ogden
2020-06-01,-35.46,UT,"Ogden-Clearfield, UT",Ogden
2020-07-01,-28.38,UT,"Ogden-Clearfield, UT",Ogden
2020-08-01,-23.0,UT,"Ogden-Clearfield, UT",Ogden
2020-09-01,-25.68,UT,"Ogden-Clearfield, UT",Ogden
2020-10-01,-35.59,UT,"Ogden-Clearfield, UT",Ogden
2020-11-01,-35.93,UT,"Ogden-Clearfield, UT",Ogden
2020-12-01,-12.77,UT,"Ogden-Clearfield, UT",Ogden
2021-01-01,-33.09,UT,"Ogden-Clearfield, UT",Ogden
2021-02-01,-25.0,UT,"Ogden-Clearfield, UT",Ogden
2021-03-01,-36.68,UT,"Ogden-Clearfield, UT",Ogden
2021-04-01,-16.85,UT,"Ogden-Clearfield, UT",Ogden
2021-05-01,-4.4,UT,"Ogden-Clearfield, UT",Ogden
2021-06-01,15.38,UT,"Ogden-Clearfield, UT",Ogden
2021-07-01,25.61,UT,"Ogden-Clearfield, UT",Ogden
2021-08-01,25.0,UT,"Ogden-Clearfield, UT",Ogden
2021-09-01,21.21,UT,"Ogden-Clearfield, UT",Ogden
2021-10-01,24.48,UT,"Ogden-Clearfield, UT",Ogden
2021-11-01,41.12,UT,"Ogden-Clearfield, UT",Ogden
2017-07-01,1.77,KS,"Wichita, KS",Wichita
2017-08-01,7.76,KS,"Wichita, KS",Wichita
2017-09-01,6.19,KS,"Wichita, KS",Wichita
2017-10-01,2.08,KS,"Wichita, KS",Wichita
2017-11-01,9.09,KS,"Wichita, KS",Wichita
2017-12-01,7.41,KS,"Wichita, KS",Wichita
2018-01-01,-5.77,KS,"Wichita, KS",Wichita
2018-02-01,-13.97,KS,"Wichita, KS",Wichita
2018-03-01,-9.59,KS,"Wichita, KS",Wichita
2018-04-01,1.38,KS,"Wichita, KS",Wichita
2018-05-01,4.91,KS,"Wichita, KS",Wichita
2018-06-01,-8.87,KS,"Wichita, KS",Wichita
2018-07-01,-17.39,KS,"Wichita, KS",Wichita
2018-08-01,-10.59,KS,"Wichita, KS",Wichita
2018-09-01,-11.21,KS,"Wichita, KS",Wichita
2018-10-01,8.67,KS,"Wichita, KS",Wichita
2018-11-01,1.11,KS,"Wichita, KS",Wichita
2018-12-01,4.31,KS,"Wichita, KS",Wichita
2019-01-01,2.04,KS,"Wichita, KS",Wichita
2019-02-01,3.9,KS,"Wichita, KS",Wichita
2019-03-01,-16.16,KS,"Wichita, KS",Wichita
2019-04-01,-6.33,KS,"Wichita, KS",Wichita
2019-05-01,-12.77,KS,"Wichita, KS",Wichita
2019-06-01,-6.19,KS,"Wichita, KS",Wichita
2019-07-01,8.95,KS,"Wichita, KS",Wichita
2019-08-01,-8.53,KS,"Wichita, KS",Wichita
2019-09-01,-21.72,KS,"Wichita, KS",Wichita
2019-10-01,-18.78,KS,"Wichita, KS",Wichita
2019-11-01,-23.63,KS,"Wichita, KS",Wichita
2019-12-01,-11.57,KS,"Wichita, KS",Wichita
2020-01-01,-3.33,KS,"Wichita, KS",Wichita
2020-02-01,-20.0,KS,"Wichita, KS",Wichita
2020-03-01,-6.02,KS,"Wichita, KS",Wichita
2020-04-01,-30.43,KS,"Wichita, KS",Wichita
2020-05-01,-26.83,KS,"Wichita, KS",Wichita
2020-06-01,-30.66,KS,"Wichita, KS",Wichita
2020-07-01,-32.85,KS,"Wichita, KS",Wichita
2020-08-01,-21.76,KS,"Wichita, KS",Wichita
2020-09-01,-0.65,KS,"Wichita, KS",Wichita
2020-10-01,-7.51,KS,"Wichita, KS",Wichita
2020-11-01,-2.16,KS,"Wichita, KS",Wichita
2020-12-01,2.8,KS,"Wichita, KS",Wichita
2021-01-01,-28.97,KS,"Wichita, KS",Wichita
2021-02-01,-36.72,KS,"Wichita, KS",Wichita
2021-03-01,-32.05,KS,"Wichita, KS",Wichita
2021-04-01,-11.11,KS,"Wichita, KS",Wichita
2021-05-01,6.0,KS,"Wichita, KS",Wichita
2021-06-01,16.33,KS,"Wichita, KS",Wichita
2021-07-01,28.78,KS,"Wichita, KS",Wichita
2021-08-01,12.58,KS,"Wichita, KS",Wichita
2021-09-01,1.3,KS,"Wichita, KS",Wichita
2021-10-01,-6.87,KS,"Wichita, KS",Wichita
2021-11-01,-12.5,KS,"Wichita, KS",Wichita
2017-07-01,0.74,SC,"Myrtle Beach-Conway-North Myrtle Beach, SC-NC",Myrtle Beach
2017-08-01,1.34,SC,"Myrtle Beach-Conway-North Myrtle Beach, SC-NC",Myrtle Beach
2017-09-01,-2.52,SC,"Myrtle Beach-Conway-North Myrtle Beach, SC-NC",Myrtle Beach
2017-10-01,18.58,SC,"Myrtle Beach-Conway-North Myrtle Beach, SC-NC",Myrtle Beach
2017-11-01,14.29,SC,"Myrtle Beach-Conway-North Myrtle Beach, SC-NC",Myrtle Beach
2017-12-01,23.44,SC,"Myrtle Beach-Conway-North Myrtle Beach, SC-NC",Myrtle Beach
2018-01-01,-9.03,SC,"Myrtle Beach-Conway-North Myrtle Beach, SC-NC",Myrtle Beach
2018-02-01,-9.31,SC,"Myrtle Beach-Conway-North Myrtle Beach, SC-NC",Myrtle Beach
2018-03-01,0.8,SC,"Myrtle Beach-Conway-North Myrtle Beach, SC-NC",Myrtle Beach
2018-04-01,2.99,SC,"Myrtle Beach-Conway-North Myrtle Beach, SC-NC",Myrtle Beach
2018-05-01,5.16,SC,"Myrtle Beach-Conway-North Myrtle Beach, SC-NC",Myrtle Beach
2018-06-01,-4.48,SC,"Myrtle Beach-Conway-North Myrtle Beach, SC-NC",Myrtle Beach
2018-07-01,-1.96,SC,"Myrtle Beach-Conway-North Myrtle Beach, SC-NC",Myrtle Beach
2018-08-01,14.25,SC,"Myrtle Beach-Conway-North Myrtle Beach, SC-NC",Myrtle Beach
2018-09-01,-27.65,SC,"Myrtle Beach-Conway-North Myrtle Beach, SC-NC",Myrtle Beach
2018-10-01,-4.98,SC,"Myrtle Beach-Conway-North Myrtle Beach, SC-NC",Myrtle Beach
2018-11-01,-5.83,SC,"Myrtle Beach-Conway-North Myrtle Beach, SC-NC",Myrtle Beach
2018-12-01,-12.66,SC,"Myrtle Beach-Conway-North Myrtle Beach, SC-NC",Myrtle Beach
2019-01-01,9.44,SC,"Myrtle Beach-Conway-North Myrtle Beach, SC-NC",Myrtle Beach
2019-02-01,5.58,SC,"Myrtle Beach-Conway-North Myrtle Beach, SC-NC",Myrtle Beach
2019-03-01,-8.88,SC,"Myrtle Beach-Conway-North Myrtle Beach, SC-NC",Myrtle Beach
2019-04-01,5.8,SC,"Myrtle Beach-Conway-North Myrtle Beach, SC-NC",Myrtle Beach
2019-05-01,-1.56,SC,"Myrtle Beach-Conway-North Myrtle Beach, SC-NC",Myrtle Beach
2019-06-01,8.07,SC,"Myrtle Beach-Conway-North Myrtle Beach, SC-NC",Myrtle Beach
2019-07-01,5.5,SC,"Myrtle Beach-Conway-North Myrtle Beach, SC-NC",Myrtle Beach
2019-08-01,-8.31,SC,"Myrtle Beach-Conway-North Myrtle Beach, SC-NC",Myrtle Beach
2019-09-01,40.71,SC,"Myrtle Beach-Conway-North Myrtle Beach, SC-NC",Myrtle Beach
2019-10-01,10.73,SC,"Myrtle Beach-Conway-North Myrtle Beach, SC-NC",Myrtle Beach
2019-11-01,11.5,SC,"Myrtle Beach-Conway-North Myrtle Beach, SC-NC",Myrtle Beach
2019-12-01,0.0,SC,"Myrtle Beach-Conway-North Myrtle Beach, SC-NC",Myrtle Beach
2020-01-01,-3.76,SC,"Myrtle Beach-Conway-North Myrtle Beach, SC-NC",Myrtle Beach
2020-02-01,-6.98,SC,"Myrtle Beach-Conway-North Myrtle Beach, SC-NC",Myrtle Beach
2020-03-01,8.66,SC,"Myrtle Beach-Conway-North Myrtle Beach, SC-NC",Myrtle Beach
2020-04-01,-41.56,SC,"Myrtle Beach-Conway-North Myrtle Beach, SC-NC",Myrtle Beach
2020-05-01,-19.5,SC,"Myrtle Beach-Conway-North Myrtle Beach, SC-NC",Myrtle Beach
2020-06-01,3.61,SC,"Myrtle Beach-Conway-North Myrtle Beach, SC-NC",Myrtle Beach
2020-07-01,4.03,SC,"Myrtle Beach-Conway-North Myrtle Beach, SC-NC",Myrtle Beach
2020-08-01,2.77,SC,"Myrtle Beach-Conway-North Myrtle Beach, SC-NC",Myrtle Beach
2020-09-01,9.14,SC,"Myrtle Beach-Conway-North Myrtle Beach, SC-NC",Myrtle Beach
2020-10-01,-10.64,SC,"Myrtle Beach-Conway-North Myrtle Beach, SC-NC",Myrtle Beach
2020-11-01,-3.7,SC,"Myrtle Beach-Conway-North Myrtle Beach, SC-NC",Myrtle Beach
2020-12-01,10.87,SC,"Myrtle Beach-Conway-North Myrtle Beach, SC-NC",Myrtle Beach
2021-01-01,-24.14,SC,"Myrtle Beach-Conway-North Myrtle Beach, SC-NC",Myrtle Beach
2021-02-01,-18.86,SC,"Myrtle Beach-Conway-North Myrtle Beach, SC-NC",Myrtle Beach
2021-03-01,-33.27,SC,"Myrtle Beach-Conway-North Myrtle Beach, SC-NC",Myrtle Beach
2021-04-01,16.61,SC,"Myrtle Beach-Conway-North Myrtle Beach, SC-NC",Myrtle Beach
2021-05-01,-10.14,SC,"Myrtle Beach-Conway-North Myrtle Beach, SC-NC",Myrtle Beach
2021-06-01,-25.12,SC,"Myrtle Beach-Conway-North Myrtle Beach, SC-NC",Myrtle Beach
2021-07-01,-22.1,SC,"Myrtle Beach-Conway-North Myrtle Beach, SC-NC",Myrtle Beach
2021-08-01,-2.21,SC,"Myrtle Beach-Conway-North Myrtle Beach, SC-NC",Myrtle Beach
2021-09-01,-15.58,SC,"Myrtle Beach-Conway-North Myrtle Beach, SC-NC",Myrtle Beach
2021-10-01,-3.17,SC,"Myrtle Beach-Conway-North Myrtle Beach, SC-NC",Myrtle Beach
2021-11-01,-16.21,SC,"Myrtle Beach-Conway-North Myrtle Beach, SC-NC",Myrtle Beach
2017-07-01,-6.82,NJ,"Trenton-Princeton, NJ",Trenton
2017-08-01,15.38,NJ,"Trenton-Princeton, NJ",Trenton
2017-09-01,8.33,NJ,"Trenton-Princeton, NJ",Trenton
2017-10-01,25.51,NJ,"Trenton-Princeton, NJ",Trenton
2017-11-01,31.87,NJ,"Trenton-Princeton, NJ",Trenton
2017-12-01,14.52,NJ,"Trenton-Princeton, NJ",Trenton
2018-01-01,-11.88,NJ,"Trenton-Princeton, NJ",Trenton
2018-02-01,-6.72,NJ,"Trenton-Princeton, NJ",Trenton
2018-03-01,-13.04,NJ,"Trenton-Princeton, NJ",Trenton
2018-04-01,10.56,NJ,"Trenton-Princeton, NJ",Trenton
2018-05-01,0.58,NJ,"Trenton-Princeton, NJ",Trenton
2018-06-01,8.61,NJ,"Trenton-Princeton, NJ",Trenton
2018-07-01,20.33,NJ,"Trenton-Princeton, NJ",Trenton
2018-08-01,-4.44,NJ,"Trenton-Princeton, NJ",Trenton
2018-09-01,13.68,NJ,"Trenton-Princeton, NJ",Trenton
2018-10-01,-3.25,NJ,"Trenton-Princeton, NJ",Trenton
2018-11-01,-22.5,NJ,"Trenton-Princeton, NJ",Trenton
2018-12-01,-2.82,NJ,"Trenton-Princeton, NJ",Trenton
2019-01-01,22.47,NJ,"Trenton-Princeton, NJ",Trenton
2019-02-01,3.2,NJ,"Trenton-Princeton, NJ",Trenton
2019-03-01,24.29,NJ,"Trenton-Princeton, NJ",Trenton
2019-04-01,7.3,NJ,"Trenton-Princeton, NJ",Trenton
2019-05-01,-0.58,NJ,"Trenton-Princeton, NJ",Trenton
2019-06-01,-15.24,NJ,"Trenton-Princeton, NJ",Trenton
2019-07-01,-14.19,NJ,"Trenton-Princeton, NJ",Trenton
2019-08-01,-8.53,NJ,"Trenton-Princeton, NJ",Trenton
2019-09-01,-18.8,NJ,"Trenton-Princeton, NJ",Trenton
2019-10-01,-20.17,NJ,"Trenton-Princeton, NJ",Trenton
2019-11-01,-17.2,NJ,"Trenton-Princeton, NJ",Trenton
2019-12-01,-26.09,NJ,"Trenton-Princeton, NJ",Trenton
2020-01-01,-24.77,NJ,"Trenton-Princeton, NJ",Trenton
2020-02-01,-8.53,NJ,"Trenton-Princeton, NJ",Trenton
2020-03-01,-38.51,NJ,"Trenton-Princeton, NJ",Trenton
2020-04-01,-67.02,NJ,"Trenton-Princeton, NJ",Trenton
2020-05-01,-49.71,NJ,"Trenton-Princeton, NJ",Trenton
2020-06-01,-12.95,NJ,"Trenton-Princeton, NJ",Trenton
2020-07-01,-1.57,NJ,"Trenton-Princeton, NJ",Trenton
2020-08-01,-11.02,NJ,"Trenton-Princeton, NJ",Trenton
2020-09-01,0.93,NJ,"Trenton-Princeton, NJ",Trenton
2020-10-01,15.79,NJ,"Trenton-Princeton, NJ",Trenton
2020-11-01,-2.6,NJ,"Trenton-Princeton, NJ",Trenton
2020-12-01,3.92,NJ,"Trenton-Princeton, NJ",Trenton
2021-01-01,-23.17,NJ,"Trenton-Princeton, NJ",Trenton
2021-02-01,-38.98,NJ,"Trenton-Princeton, NJ",Trenton
2021-03-01,7.48,NJ,"Trenton-Princeton, NJ",Trenton
2021-04-01,115.87,NJ,"Trenton-Princeton, NJ",Trenton
2021-05-01,61.63,NJ,"Trenton-Princeton, NJ",Trenton
2021-06-01,33.88,NJ,"Trenton-Princeton, NJ",Trenton
2021-07-01,24.0,NJ,"Trenton-Princeton, NJ",Trenton
2021-08-01,19.05,NJ,"Trenton-Princeton, NJ",Trenton
2021-09-01,2.75,NJ,"Trenton-Princeton, NJ",Trenton
2021-10-01,3.64,NJ,"Trenton-Princeton, NJ",Trenton
2021-11-01,4.0,NJ,"Trenton-Princeton, NJ",Trenton
2017-07-01,14.63,NE,"Lincoln, NE",Lincoln
2017-08-01,2.2,NE,"Lincoln, NE",Lincoln
2017-09-01,-6.45,NE,"Lincoln, NE",Lincoln
2017-10-01,2.17,NE,"Lincoln, NE",Lincoln
2017-11-01,0.0,NE,"Lincoln, NE",Lincoln
2017-12-01,47.92,NE,"Lincoln, NE",Lincoln
2018-01-01,13.85,NE,"Lincoln, NE",Lincoln
2018-02-01,-5.13,NE,"Lincoln, NE",Lincoln
2018-03-01,1.41,NE,"Lincoln, NE",Lincoln
2018-04-01,-2.27,NE,"Lincoln, NE",Lincoln
2018-05-01,17.58,NE,"Lincoln, NE",Lincoln
2018-06-01,5.0,NE,"Lincoln, NE",Lincoln
2018-07-01,18.09,NE,"Lincoln, NE",Lincoln
2018-08-01,19.35,NE,"Lincoln, NE",Lincoln
2018-09-01,5.75,NE,"Lincoln, NE",Lincoln
2018-10-01,9.57,NE,"Lincoln, NE",Lincoln
2018-11-01,38.67,NE,"Lincoln, NE",Lincoln
2018-12-01,-16.9,NE,"Lincoln, NE",Lincoln
2019-01-01,31.08,NE,"Lincoln, NE",Lincoln
2019-02-01,-1.35,NE,"Lincoln, NE",Lincoln
2019-03-01,551.39,NE,"Lincoln, NE",Lincoln
2019-04-01,24.42,NE,"Lincoln, NE",Lincoln
2019-05-01,14.02,NE,"Lincoln, NE",Lincoln
2019-06-01,9.52,NE,"Lincoln, NE",Lincoln
2019-07-01,0.0,NE,"Lincoln, NE",Lincoln
2019-08-01,1.8,NE,"Lincoln, NE",Lincoln
2019-09-01,22.83,NE,"Lincoln, NE",Lincoln
2019-10-01,12.62,NE,"Lincoln, NE",Lincoln
2019-11-01,-24.04,NE,"Lincoln, NE",Lincoln
2019-12-01,22.03,NE,"Lincoln, NE",Lincoln
2020-01-01,-30.93,NE,"Lincoln, NE",Lincoln
2020-02-01,-12.33,NE,"Lincoln, NE",Lincoln
2020-03-01,-77.19,NE,"Lincoln, NE",Lincoln
2020-04-01,-28.97,NE,"Lincoln, NE",Lincoln
2020-05-01,-32.79,NE,"Lincoln, NE",Lincoln
2020-06-01,-30.43,NE,"Lincoln, NE",Lincoln
2020-07-01,-21.62,NE,"Lincoln, NE",Lincoln
2020-08-01,-27.43,NE,"Lincoln, NE",Lincoln
2020-09-01,-38.94,NE,"Lincoln, NE",Lincoln
2020-10-01,-37.07,NE,"Lincoln, NE",Lincoln
2020-11-01,-21.52,NE,"Lincoln, NE",Lincoln
2020-12-01,-41.67,NE,"Lincoln, NE",Lincoln
2021-01-01,-22.39,NE,"Lincoln, NE",Lincoln
2021-02-01,-34.38,NE,"Lincoln, NE",Lincoln
2021-03-01,-44.86,NE,"Lincoln, NE",Lincoln
2021-04-01,-5.26,NE,"Lincoln, NE",Lincoln
2021-05-01,-9.76,NE,"Lincoln, NE",Lincoln
2021-06-01,11.25,NE,"Lincoln, NE",Lincoln
2021-07-01,11.49,NE,"Lincoln, NE",Lincoln
2021-08-01,13.41,NE,"Lincoln, NE",Lincoln
2021-09-01,28.99,NE,"Lincoln, NE",Lincoln
2021-10-01,19.18,NE,"Lincoln, NE",Lincoln
2021-11-01,1.61,NE,"Lincoln, NE",Lincoln
2017-07-01,2.74,IL,"Rockford, IL",Rockford
2017-08-01,27.61,IL,"Rockford, IL",Rockford
2017-09-01,14.62,IL,"Rockford, IL",Rockford
2017-10-01,0.78,IL,"Rockford, IL",Rockford
2017-11-01,5.77,IL,"Rockford, IL",Rockford
2017-12-01,50.0,IL,"Rockford, IL",Rockford
2018-01-01,20.0,IL,"Rockford, IL",Rockford
2018-02-01,-23.2,IL,"Rockford, IL",Rockford
2018-03-01,-4.08,IL,"Rockford, IL",Rockford
2018-04-01,14.93,IL,"Rockford, IL",Rockford
2018-05-01,16.99,IL,"Rockford, IL",Rockford
2018-06-01,8.54,IL,"Rockford, IL",Rockford
2018-07-01,13.33,IL,"Rockford, IL",Rockford
2018-08-01,-5.26,IL,"Rockford, IL",Rockford
2018-09-01,-9.4,IL,"Rockford, IL",Rockford
2018-10-01,0.78,IL,"Rockford, IL",Rockford
2018-11-01,10.0,IL,"Rockford, IL",Rockford
2018-12-01,5.05,IL,"Rockford, IL",Rockford
2019-01-01,-26.32,IL,"Rockford, IL",Rockford
2019-02-01,1.04,IL,"Rockford, IL",Rockford
2019-03-01,-9.93,IL,"Rockford, IL",Rockford
2019-04-01,-9.74,IL,"Rockford, IL",Rockford
2019-05-01,-9.5,IL,"Rockford, IL",Rockford
2019-06-01,-1.12,IL,"Rockford, IL",Rockford
2019-07-01,5.88,IL,"Rockford, IL",Rockford
2019-08-01,-6.79,IL,"Rockford, IL",Rockford
2019-09-01,3.7,IL,"Rockford, IL",Rockford
2019-10-01,29.23,IL,"Rockford, IL",Rockford
2019-11-01,10.74,IL,"Rockford, IL",Rockford
2019-12-01,-18.27,IL,"Rockford, IL",Rockford
2020-01-01,32.14,IL,"Rockford, IL",Rockford
2020-02-01,9.28,IL,"Rockford, IL",Rockford
2020-03-01,8.66,IL,"Rockford, IL",Rockford
2020-04-01,-36.69,IL,"Rockford, IL",Rockford
2020-05-01,-36.42,IL,"Rockford, IL",Rockford
2020-06-01,-21.59,IL,"Rockford, IL",Rockford
2020-07-01,-35.0,IL,"Rockford, IL",Rockford
2020-08-01,-27.81,IL,"Rockford, IL",Rockford
2020-09-01,-14.29,IL,"Rockford, IL",Rockford
2020-10-01,-28.57,IL,"Rockford, IL",Rockford
2020-11-01,-18.66,IL,"Rockford, IL",Rockford
2020-12-01,-15.29,IL,"Rockford, IL",Rockford
2021-01-01,-38.74,IL,"Rockford, IL",Rockford
2021-02-01,-46.23,IL,"Rockford, IL",Rockford
2021-03-01,-51.45,IL,"Rockford, IL",Rockford
2021-04-01,-18.18,IL,"Rockford, IL",Rockford
2021-05-01,21.36,IL,"Rockford, IL",Rockford
2021-06-01,13.77,IL,"Rockford, IL",Rockford
2021-07-01,28.21,IL,"Rockford, IL",Rockford
2021-08-01,52.29,IL,"Rockford, IL",Rockford
2021-09-01,10.83,IL,"Rockford, IL",Rockford
2021-10-01,0.83,IL,"Rockford, IL",Rockford
2021-11-01,-4.59,IL,"Rockford, IL",Rockford
2017-07-01,27.37,WA,"Kennewick-Richland, WA",Kennewick
2017-08-01,-14.66,WA,"Kennewick-Richland, WA",Kennewick
2017-09-01,26.09,WA,"Kennewick-Richland, WA",Kennewick
2017-10-01,24.71,WA,"Kennewick-Richland, WA",Kennewick
2017-11-01,45.0,WA,"Kennewick-Richland, WA",Kennewick
2017-12-01,32.5,WA,"Kennewick-Richland, WA",Kennewick
2018-01-01,73.17,WA,"Kennewick-Richland, WA",Kennewick
2018-02-01,50.94,WA,"Kennewick-Richland, WA",Kennewick
2018-03-01,45.21,WA,"Kennewick-Richland, WA",Kennewick
2018-04-01,16.67,WA,"Kennewick-Richland, WA",Kennewick
2018-05-01,13.13,WA,"Kennewick-Richland, WA",Kennewick
2018-06-01,7.14,WA,"Kennewick-Richland, WA",Kennewick
2018-07-01,-5.79,WA,"Kennewick-Richland, WA",Kennewick
2018-08-01,8.08,WA,"Kennewick-Richland, WA",Kennewick
2018-09-01,-8.62,WA,"Kennewick-Richland, WA",Kennewick
2018-10-01,-16.98,WA,"Kennewick-Richland, WA",Kennewick
2018-11-01,-12.64,WA,"Kennewick-Richland, WA",Kennewick
2018-12-01,1.89,WA,"Kennewick-Richland, WA",Kennewick
2019-01-01,-2.82,WA,"Kennewick-Richland, WA",Kennewick
2019-02-01,-13.75,WA,"Kennewick-Richland, WA",Kennewick
2019-03-01,-40.57,WA,"Kennewick-Richland, WA",Kennewick
2019-04-01,-32.38,WA,"Kennewick-Richland, WA",Kennewick
2019-05-01,-20.54,WA,"Kennewick-Richland, WA",Kennewick
2019-06-01,-11.43,WA,"Kennewick-Richland, WA",Kennewick
2019-07-01,-16.67,WA,"Kennewick-Richland, WA",Kennewick
2019-08-01,-5.61,WA,"Kennewick-Richland, WA",Kennewick
2019-09-01,-16.98,WA,"Kennewick-Richland, WA",Kennewick
2019-10-01,-11.36,WA,"Kennewick-Richland, WA",Kennewick
2019-11-01,-11.84,WA,"Kennewick-Richland, WA",Kennewick
2019-12-01,0.0,WA,"Kennewick-Richland, WA",Kennewick
2020-01-01,1.45,WA,"Kennewick-Richland, WA",Kennewick
2020-02-01,-10.14,WA,"Kennewick-Richland, WA",Kennewick
2020-03-01,14.29,WA,"Kennewick-Richland, WA",Kennewick
2020-04-01,-19.72,WA,"Kennewick-Richland, WA",Kennewick
2020-05-01,-26.97,WA,"Kennewick-Richland, WA",Kennewick
2020-06-01,-20.43,WA,"Kennewick-Richland, WA",Kennewick
2020-07-01,-20.0,WA,"Kennewick-Richland, WA",Kennewick
2020-08-01,-25.74,WA,"Kennewick-Richland, WA",Kennewick
2020-09-01,-21.59,WA,"Kennewick-Richland, WA",Kennewick
2020-10-01,-10.26,WA,"Kennewick-Richland, WA",Kennewick
2020-11-01,-23.88,WA,"Kennewick-Richland, WA",Kennewick
2020-12-01,-40.74,WA,"Kennewick-Richland, WA",Kennewick
2021-01-01,-25.71,WA,"Kennewick-Richland, WA",Kennewick
2021-02-01,-16.13,WA,"Kennewick-Richland, WA",Kennewick
2021-03-01,-30.56,WA,"Kennewick-Richland, WA",Kennewick
2021-04-01,-12.28,WA,"Kennewick-Richland, WA",Kennewick
2021-05-01,0.0,WA,"Kennewick-Richland, WA",Kennewick
2021-06-01,-9.46,WA,"Kennewick-Richland, WA",Kennewick
2021-07-01,0.0,WA,"Kennewick-Richland, WA",Kennewick
2021-08-01,10.67,WA,"Kennewick-Richland, WA",Kennewick
2021-09-01,34.78,WA,"Kennewick-Richland, WA",Kennewick
2021-10-01,17.14,WA,"Kennewick-Richland, WA",Kennewick
2021-11-01,39.22,WA,"Kennewick-Richland, WA",Kennewick
2017-07-01,-8.79,VA,"Charlottesville, VA",Charlottesville
2017-08-01,24.0,VA,"Charlottesville, VA",Charlottesville
2017-09-01,19.74,VA,"Charlottesville, VA",Charlottesville
2017-10-01,11.39,VA,"Charlottesville, VA",Charlottesville
2017-11-01,24.53,VA,"Charlottesville, VA",Charlottesville
2017-12-01,-14.58,VA,"Charlottesville, VA",Charlottesville
2018-01-01,13.89,VA,"Charlottesville, VA",Charlottesville
2018-02-01,12.75,VA,"Charlottesville, VA",Charlottesville
2018-03-01,8.03,VA,"Charlottesville, VA",Charlottesville
2018-04-01,7.19,VA,"Charlottesville, VA",Charlottesville
2018-05-01,12.17,VA,"Charlottesville, VA",Charlottesville
2018-06-01,0.0,VA,"Charlottesville, VA",Charlottesville
2018-07-01,10.84,VA,"Charlottesville, VA",Charlottesville
2018-08-01,-16.13,VA,"Charlottesville, VA",Charlottesville
2018-09-01,9.89,VA,"Charlottesville, VA",Charlottesville
2018-10-01,-10.23,VA,"Charlottesville, VA",Charlottesville
2018-11-01,-1.52,VA,"Charlottesville, VA",Charlottesville
2018-12-01,7.32,VA,"Charlottesville, VA",Charlottesville
2019-01-01,-13.41,VA,"Charlottesville, VA",Charlottesville
2019-02-01,-13.04,VA,"Charlottesville, VA",Charlottesville
2019-03-01,-17.57,VA,"Charlottesville, VA",Charlottesville
2019-04-01,-15.44,VA,"Charlottesville, VA",Charlottesville
2019-05-01,-6.98,VA,"Charlottesville, VA",Charlottesville
2019-06-01,2.08,VA,"Charlottesville, VA",Charlottesville
2019-07-01,2.17,VA,"Charlottesville, VA",Charlottesville
2019-08-01,30.77,VA,"Charlottesville, VA",Charlottesville
2019-09-01,-4.0,VA,"Charlottesville, VA",Charlottesville
2019-10-01,7.59,VA,"Charlottesville, VA",Charlottesville
2019-11-01,20.0,VA,"Charlottesville, VA",Charlottesville
2019-12-01,-11.36,VA,"Charlottesville, VA",Charlottesville
2020-01-01,-2.82,VA,"Charlottesville, VA",Charlottesville
2020-02-01,-4.0,VA,"Charlottesville, VA",Charlottesville
2020-03-01,-9.84,VA,"Charlottesville, VA",Charlottesville
2020-04-01,-38.1,VA,"Charlottesville, VA",Charlottesville
2020-05-01,-36.67,VA,"Charlottesville, VA",Charlottesville
2020-06-01,-27.55,VA,"Charlottesville, VA",Charlottesville
2020-07-01,-4.26,VA,"Charlottesville, VA",Charlottesville
2020-08-01,-19.61,VA,"Charlottesville, VA",Charlottesville
2020-09-01,-9.38,VA,"Charlottesville, VA",Charlottesville
2020-10-01,-7.06,VA,"Charlottesville, VA",Charlottesville
2020-11-01,-17.95,VA,"Charlottesville, VA",Charlottesville
2020-12-01,12.82,VA,"Charlottesville, VA",Charlottesville
2021-01-01,-15.94,VA,"Charlottesville, VA",Charlottesville
2021-02-01,-37.5,VA,"Charlottesville, VA",Charlottesville
2021-03-01,-12.73,VA,"Charlottesville, VA",Charlottesville
2021-04-01,23.08,VA,"Charlottesville, VA",Charlottesville
2021-05-01,32.89,VA,"Charlottesville, VA",Charlottesville
2021-06-01,22.54,VA,"Charlottesville, VA",Charlottesville
2021-07-01,-4.44,VA,"Charlottesville, VA",Charlottesville
2021-08-01,-3.66,VA,"Charlottesville, VA",Charlottesville
2021-09-01,-4.6,VA,"Charlottesville, VA",Charlottesville
2021-10-01,-25.32,VA,"Charlottesville, VA",Charlottesville
2021-11-01,-20.31,VA,"Charlottesville, VA",Charlottesville
2017-07-01,-17.36,GA,"Gainesville, GA",Gainesville
2017-08-01,1.72,GA,"Gainesville, GA",Gainesville
2017-09-01,38.46,GA,"Gainesville, GA",Gainesville
2017-10-01,22.22,GA,"Gainesville, GA",Gainesville
2017-11-01,94.94,GA,"Gainesville, GA",Gainesville
2017-12-01,44.64,GA,"Gainesville, GA",Gainesville
2018-01-01,-11.11,GA,"Gainesville, GA",Gainesville
2018-02-01,30.48,GA,"Gainesville, GA",Gainesville
2018-03-01,34.29,GA,"Gainesville, GA",Gainesville
2018-04-01,46.9,GA,"Gainesville, GA",Gainesville
2018-05-01,27.05,GA,"Gainesville, GA",Gainesville
2018-06-01,31.53,GA,"Gainesville, GA",Gainesville
2018-07-01,24.0,GA,"Gainesville, GA",Gainesville
2018-08-01,18.64,GA,"Gainesville, GA",Gainesville
2018-09-01,4.76,GA,"Gainesville, GA",Gainesville
2018-10-01,11.82,GA,"Gainesville, GA",Gainesville
2018-11-01,-28.57,GA,"Gainesville, GA",Gainesville
2018-12-01,3.7,GA,"Gainesville, GA",Gainesville
2019-01-01,43.18,GA,"Gainesville, GA",Gainesville
2019-02-01,10.95,GA,"Gainesville, GA",Gainesville
2019-03-01,-3.55,GA,"Gainesville, GA",Gainesville
2019-04-01,6.02,GA,"Gainesville, GA",Gainesville
2019-05-01,18.71,GA,"Gainesville, GA",Gainesville
2019-06-01,13.01,GA,"Gainesville, GA",Gainesville
2019-07-01,42.74,GA,"Gainesville, GA",Gainesville
2019-08-01,3.57,GA,"Gainesville, GA",Gainesville
2019-09-01,5.3,GA,"Gainesville, GA",Gainesville
2019-10-01,15.45,GA,"Gainesville, GA",Gainesville
2019-11-01,20.0,GA,"Gainesville, GA",Gainesville
2019-12-01,17.86,GA,"Gainesville, GA",Gainesville
2020-01-01,-8.73,GA,"Gainesville, GA",Gainesville
2020-02-01,-0.66,GA,"Gainesville, GA",Gainesville
2020-03-01,17.65,GA,"Gainesville, GA",Gainesville
2020-04-01,-32.39,GA,"Gainesville, GA",Gainesville
2020-05-01,-36.96,GA,"Gainesville, GA",Gainesville
2020-06-01,-16.36,GA,"Gainesville, GA",Gainesville
2020-07-01,-25.42,GA,"Gainesville, GA",Gainesville
2020-08-01,-27.59,GA,"Gainesville, GA",Gainesville
2020-09-01,-14.39,GA,"Gainesville, GA",Gainesville
2020-10-01,-18.31,GA,"Gainesville, GA",Gainesville
2020-11-01,-23.48,GA,"Gainesville, GA",Gainesville
2020-12-01,-42.42,GA,"Gainesville, GA",Gainesville
2021-01-01,-34.78,GA,"Gainesville, GA",Gainesville
2021-02-01,-40.4,GA,"Gainesville, GA",Gainesville
2021-03-01,-36.25,GA,"Gainesville, GA",Gainesville
2021-04-01,-24.37,GA,"Gainesville, GA",Gainesville
2021-05-01,-18.1,GA,"Gainesville, GA",Gainesville
2021-06-01,5.07,GA,"Gainesville, GA",Gainesville
2021-07-01,0.76,GA,"Gainesville, GA",Gainesville
2021-08-01,25.71,GA,"Gainesville, GA",Gainesville
2021-09-01,-0.84,GA,"Gainesville, GA",Gainesville
2021-10-01,-6.03,GA,"Gainesville, GA",Gainesville
2021-11-01,-2.97,GA,"Gainesville, GA",Gainesville
2017-07-01,-4.76,FL,"Punta Gorda, FL",Punta Gorda
2017-08-01,-0.87,FL,"Punta Gorda, FL",Punta Gorda
2017-09-01,-6.36,FL,"Punta Gorda, FL",Punta Gorda
2017-10-01,12.69,FL,"Punta Gorda, FL",Punta Gorda
2017-11-01,1.99,FL,"Punta Gorda, FL",Punta Gorda
2017-12-01,8.7,FL,"Punta Gorda, FL",Punta Gorda
2018-01-01,6.4,FL,"Punta Gorda, FL",Punta Gorda
2018-02-01,-5.11,FL,"Punta Gorda, FL",Punta Gorda
2018-03-01,15.69,FL,"Punta Gorda, FL",Punta Gorda
2018-04-01,17.56,FL,"Punta Gorda, FL",Punta Gorda
2018-05-01,-2.52,FL,"Punta Gorda, FL",Punta Gorda
2018-06-01,0.0,FL,"Punta Gorda, FL",Punta Gorda
2018-07-01,26.0,FL,"Punta Gorda, FL",Punta Gorda
2018-08-01,-8.77,FL,"Punta Gorda, FL",Punta Gorda
2018-09-01,14.56,FL,"Punta Gorda, FL",Punta Gorda
2018-10-01,-2.65,FL,"Punta Gorda, FL",Punta Gorda
2018-11-01,1.3,FL,"Punta Gorda, FL",Punta Gorda
2018-12-01,-1.33,FL,"Punta Gorda, FL",Punta Gorda
2019-01-01,-4.37,FL,"Punta Gorda, FL",Punta Gorda
2019-02-01,16.17,FL,"Punta Gorda, FL",Punta Gorda
2019-03-01,-6.78,FL,"Punta Gorda, FL",Punta Gorda
2019-04-01,0.65,FL,"Punta Gorda, FL",Punta Gorda
2019-05-01,8.62,FL,"Punta Gorda, FL",Punta Gorda
2019-06-01,5.45,FL,"Punta Gorda, FL",Punta Gorda
2019-07-01,-7.14,FL,"Punta Gorda, FL",Punta Gorda
2019-08-01,4.81,FL,"Punta Gorda, FL",Punta Gorda
2019-09-01,-1.69,FL,"Punta Gorda, FL",Punta Gorda
2019-10-01,-6.12,FL,"Punta Gorda, FL",Punta Gorda
2019-11-01,-4.49,FL,"Punta Gorda, FL",Punta Gorda
2019-12-01,-18.24,FL,"Punta Gorda, FL",Punta Gorda
2020-01-01,-8.0,FL,"Punta Gorda, FL",Punta Gorda
2020-02-01,-21.13,FL,"Punta Gorda, FL",Punta Gorda
2020-03-01,-1.82,FL,"Punta Gorda, FL",Punta Gorda
2020-04-01,-19.35,FL,"Punta Gorda, FL",Punta Gorda
2020-05-01,-16.67,FL,"Punta Gorda, FL",Punta Gorda
2020-06-01,2.59,FL,"Punta Gorda, FL",Punta Gorda
2020-07-01,0.85,FL,"Punta Gorda, FL",Punta Gorda
2020-08-01,21.1,FL,"Punta Gorda, FL",Punta Gorda
2020-09-01,12.07,FL,"Punta Gorda, FL",Punta Gorda
2020-10-01,-7.25,FL,"Punta Gorda, FL",Punta Gorda
2020-11-01,-21.48,FL,"Punta Gorda, FL",Punta Gorda
2020-12-01,-19.83,FL,"Punta Gorda, FL",Punta Gorda
2021-01-01,-34.16,FL,"Punta Gorda, FL",Punta Gorda
2021-02-01,-22.22,FL,"Punta Gorda, FL",Punta Gorda
2021-03-01,-33.33,FL,"Punta Gorda, FL",Punta Gorda
2021-04-01,-22.4,FL,"Punta Gorda, FL",Punta Gorda
2021-05-01,9.52,FL,"Punta Gorda, FL",Punta Gorda
2021-06-01,-6.72,FL,"Punta Gorda, FL",Punta Gorda
2021-07-01,-8.47,FL,"Punta Gorda, FL",Punta Gorda
2021-08-01,-15.15,FL,"Punta Gorda, FL",Punta Gorda
2021-09-01,-23.08,FL,"Punta Gorda, FL",Punta Gorda
2021-10-01,-15.63,FL,"Punta Gorda, FL",Punta Gorda
2021-11-01,-6.84,FL,"Punta Gorda, FL",Punta Gorda
2017-07-01,-4.88,CO,"Pueblo, CO",Pueblo
2017-08-01,10.53,CO,"Pueblo, CO",Pueblo
2017-09-01,0.0,CO,"Pueblo, CO",Pueblo
2017-10-01,6.56,CO,"Pueblo, CO",Pueblo
2017-11-01,3.64,CO,"Pueblo, CO",Pueblo
2017-12-01,25.64,CO,"Pueblo, CO",Pueblo
2018-01-01,24.39,CO,"Pueblo, CO",Pueblo
2018-02-01,8.33,CO,"Pueblo, CO",Pueblo
2018-03-01,1.67,CO,"Pueblo, CO",Pueblo
2018-04-01,1.61,CO,"Pueblo, CO",Pueblo
2018-05-01,3.23,CO,"Pueblo, CO",Pueblo
2018-06-01,27.27,CO,"Pueblo, CO",Pueblo
2018-07-01,-10.26,CO,"Pueblo, CO",Pueblo
2018-08-01,-14.29,CO,"Pueblo, CO",Pueblo
2018-09-01,22.41,CO,"Pueblo, CO",Pueblo
2018-10-01,-4.62,CO,"Pueblo, CO",Pueblo
2018-11-01,-1.75,CO,"Pueblo, CO",Pueblo
2018-12-01,-2.04,CO,"Pueblo, CO",Pueblo
2019-01-01,13.73,CO,"Pueblo, CO",Pueblo
2019-02-01,7.69,CO,"Pueblo, CO",Pueblo
2019-03-01,-9.84,CO,"Pueblo, CO",Pueblo
2019-04-01,1.59,CO,"Pueblo, CO",Pueblo
2019-05-01,6.25,CO,"Pueblo, CO",Pueblo
2019-06-01,-19.05,CO,"Pueblo, CO",Pueblo
2019-07-01,-8.57,CO,"Pueblo, CO",Pueblo
2019-08-01,-18.06,CO,"Pueblo, CO",Pueblo
2019-09-01,-19.72,CO,"Pueblo, CO",Pueblo
2019-10-01,14.52,CO,"Pueblo, CO",Pueblo
2019-11-01,-17.86,CO,"Pueblo, CO",Pueblo
2019-12-01,-20.83,CO,"Pueblo, CO",Pueblo
2020-01-01,-5.17,CO,"Pueblo, CO",Pueblo
2020-02-01,-14.29,CO,"Pueblo, CO",Pueblo
2020-03-01,-3.64,CO,"Pueblo, CO",Pueblo
2020-04-01,-40.63,CO,"Pueblo, CO",Pueblo
2020-05-01,-29.41,CO,"Pueblo, CO",Pueblo
2020-06-01,-13.24,CO,"Pueblo, CO",Pueblo
2020-07-01,-31.25,CO,"Pueblo, CO",Pueblo
2020-08-01,-13.56,CO,"Pueblo, CO",Pueblo
2020-09-01,0.0,CO,"Pueblo, CO",Pueblo
2020-10-01,-28.17,CO,"Pueblo, CO",Pueblo
2020-11-01,-13.04,CO,"Pueblo, CO",Pueblo
2020-12-01,-18.42,CO,"Pueblo, CO",Pueblo
2021-01-01,-41.82,CO,"Pueblo, CO",Pueblo
2021-02-01,-6.25,CO,"Pueblo, CO",Pueblo
2021-03-01,-9.43,CO,"Pueblo, CO",Pueblo
2021-04-01,28.95,CO,"Pueblo, CO",Pueblo
2021-05-01,16.67,CO,"Pueblo, CO",Pueblo
2021-06-01,23.73,CO,"Pueblo, CO",Pueblo
2021-07-01,90.91,CO,"Pueblo, CO",Pueblo
2021-08-01,78.43,CO,"Pueblo, CO",Pueblo
2021-09-01,52.63,CO,"Pueblo, CO",Pueblo
2021-10-01,66.67,CO,"Pueblo, CO",Pueblo
2021-11-01,102.5,CO,"Pueblo, CO",Pueblo
2017-07-01,0.0,WV,"Morgantown, WV",Morgantown
2017-08-01,-7.89,WV,"Morgantown, WV",Morgantown
2017-09-01,-6.67,WV,"Morgantown, WV",Morgantown
2017-10-01,16.67,WV,"Morgantown, WV",Morgantown
2017-11-01,9.52,WV,"Morgantown, WV",Morgantown
2017-12-01,-7.69,WV,"Morgantown, WV",Morgantown
2018-01-01,-26.92,WV,"Morgantown, WV",Morgantown
2018-02-01,-13.79,WV,"Morgantown, WV",Morgantown
2018-03-01,-13.51,WV,"Morgantown, WV",Morgantown
2018-04-01,-8.89,WV,"Morgantown, WV",Morgantown
2018-05-01,-10.64,WV,"Morgantown, WV",Morgantown
2018-06-01,5.0,WV,"Morgantown, WV",Morgantown
2018-07-01,-5.56,WV,"Morgantown, WV",Morgantown
2018-08-01,-5.71,WV,"Morgantown, WV",Morgantown
2018-09-01,7.14,WV,"Morgantown, WV",Morgantown
2018-10-01,-20.0,WV,"Morgantown, WV",Morgantown
2018-11-01,-17.39,WV,"Morgantown, WV",Morgantown
2018-12-01,41.67,WV,"Morgantown, WV",Morgantown
2019-01-01,31.58,WV,"Morgantown, WV",Morgantown
2019-02-01,0.0,WV,"Morgantown, WV",Morgantown
2019-03-01,-15.63,WV,"Morgantown, WV",Morgantown
2019-04-01,-4.88,WV,"Morgantown, WV",Morgantown
2019-05-01,21.43,WV,"Morgantown, WV",Morgantown
2019-06-01,-9.52,WV,"Morgantown, WV",Morgantown
2019-07-01,5.88,WV,"Morgantown, WV",Morgantown
2019-08-01,12.12,WV,"Morgantown, WV",Morgantown
2019-09-01,3.33,WV,"Morgantown, WV",Morgantown
2019-10-01,0.0,WV,"Morgantown, WV",Morgantown
2019-11-01,10.53,WV,"Morgantown, WV",Morgantown
2019-12-01,-35.29,WV,"Morgantown, WV",Morgantown
2020-01-01,-16.0,WV,"Morgantown, WV",Morgantown
2020-02-01,12.0,WV,"Morgantown, WV",Morgantown
2020-03-01,37.04,WV,"Morgantown, WV",Morgantown
2020-04-01,-46.15,WV,"Morgantown, WV",Morgantown
2020-05-01,-52.94,WV,"Morgantown, WV",Morgantown
2020-06-01,-26.32,WV,"Morgantown, WV",Morgantown
2020-07-01,-19.44,WV,"Morgantown, WV",Morgantown
2020-08-01,-10.81,WV,"Morgantown, WV",Morgantown
2020-09-01,-29.03,WV,"Morgantown, WV",Morgantown
2020-10-01,0.0,WV,"Morgantown, WV",Morgantown
2020-11-01,-23.81,WV,"Morgantown, WV",Morgantown
2020-12-01,36.36,WV,"Morgantown, WV",Morgantown
2021-01-01,14.29,WV,"Morgantown, WV",Morgantown
2021-02-01,-39.29,WV,"Morgantown, WV",Morgantown
2021-03-01,-43.24,WV,"Morgantown, WV",Morgantown
2021-04-01,14.29,WV,"Morgantown, WV",Morgantown
2021-05-01,4.17,WV,"Morgantown, WV",Morgantown
2021-06-01,0.0,WV,"Morgantown, WV",Morgantown
2021-07-01,0.0,WV,"Morgantown, WV",Morgantown
2021-08-01,-36.36,WV,"Morgantown, WV",Morgantown
2021-09-01,27.27,WV,"Morgantown, WV",Morgantown
2021-10-01,-28.57,WV,"Morgantown, WV",Morgantown
2021-11-01,25.0,WV,"Morgantown, WV",Morgantown
2017-07-01,-20.0,CA,"Napa, CA",Napa
2017-08-01,20.0,CA,"Napa, CA",Napa
2017-09-01,-8.57,CA,"Napa, CA",Napa
2017-10-01,-11.11,CA,"Napa, CA",Napa
2017-11-01,47.37,CA,"Napa, CA",Napa
2017-12-01,17.65,CA,"Napa, CA",Napa
2018-01-01,-18.18,CA,"Napa, CA",Napa
2018-02-01,3.7,CA,"Napa, CA",Napa
2018-03-01,32.14,CA,"Napa, CA",Napa
2018-04-01,-13.95,CA,"Napa, CA",Napa
2018-05-01,22.22,CA,"Napa, CA",Napa
2018-06-01,-2.56,CA,"Napa, CA",Napa
2018-07-01,11.11,CA,"Napa, CA",Napa
2018-08-01,-2.78,CA,"Napa, CA",Napa
2018-09-01,18.75,CA,"Napa, CA",Napa
2018-10-01,58.33,CA,"Napa, CA",Napa
2018-11-01,-17.86,CA,"Napa, CA",Napa
2018-12-01,-35.0,CA,"Napa, CA",Napa
2019-01-01,16.67,CA,"Napa, CA",Napa
2019-02-01,-3.57,CA,"Napa, CA",Napa
2019-03-01,-13.51,CA,"Napa, CA",Napa
2019-04-01,10.81,CA,"Napa, CA",Napa
2019-05-01,18.18,CA,"Napa, CA",Napa
2019-06-01,7.89,CA,"Napa, CA",Napa
2019-07-01,-2.5,CA,"Napa, CA",Napa
2019-08-01,11.43,CA,"Napa, CA",Napa
2019-09-01,2.63,CA,"Napa, CA",Napa
2019-10-01,-26.32,CA,"Napa, CA",Napa
2019-11-01,-4.35,CA,"Napa, CA",Napa
2019-12-01,-15.38,CA,"Napa, CA",Napa
2020-01-01,-19.05,CA,"Napa, CA",Napa
2020-02-01,55.56,CA,"Napa, CA",Napa
2020-03-01,-3.13,CA,"Napa, CA",Napa
2020-04-01,-46.34,CA,"Napa, CA",Napa
2020-05-01,-26.92,CA,"Napa, CA",Napa
2020-06-01,-7.32,CA,"Napa, CA",Napa
2020-07-01,-5.13,CA,"Napa, CA",Napa
2020-08-01,-23.08,CA,"Napa, CA",Napa
2020-09-01,5.13,CA,"Napa, CA",Napa
2020-10-01,-7.14,CA,"Napa, CA",Napa
2020-11-01,27.27,CA,"Napa, CA",Napa
2020-12-01,36.36,CA,"Napa, CA",Napa
2021-01-01,47.06,CA,"Napa, CA",Napa
2021-02-01,-30.95,CA,"Napa, CA",Napa
2021-03-01,12.9,CA,"Napa, CA",Napa
2021-04-01,68.18,CA,"Napa, CA",Napa
2021-05-01,23.68,CA,"Napa, CA",Napa
2021-06-01,0.0,CA,"Napa, CA",Napa
2021-07-01,-10.81,CA,"Napa, CA",Napa
2021-08-01,13.33,CA,"Napa, CA",Napa
2021-09-01,-21.95,CA,"Napa, CA",Napa
2021-10-01,19.23,CA,"Napa, CA",Napa
2021-11-01,-32.14,CA,"Napa, CA",Napa
2017-07-01,-16.67,ID,"Lewiston, ID-WA",Lewiston
2017-08-01,23.81,ID,"Lewiston, ID-WA",Lewiston
2017-09-01,17.65,ID,"Lewiston, ID-WA",Lewiston
2017-10-01,28.57,ID,"Lewiston, ID-WA",Lewiston
2017-11-01,0.0,ID,"Lewiston, ID-WA",Lewiston
2017-12-01,28.57,ID,"Lewiston, ID-WA",Lewiston
2018-01-01,50.0,ID,"Lewiston, ID-WA",Lewiston
2018-02-01,-16.67,ID,"Lewiston, ID-WA",Lewiston
2018-03-01,-5.0,ID,"Lewiston, ID-WA",Lewiston
2018-04-01,5.0,ID,"Lewiston, ID-WA",Lewiston
2018-05-01,44.44,ID,"Lewiston, ID-WA",Lewiston
2018-06-01,29.41,ID,"Lewiston, ID-WA",Lewiston
2018-07-01,-5.0,ID,"Lewiston, ID-WA",Lewiston
2018-08-01,-34.62,ID,"Lewiston, ID-WA",Lewiston
2018-09-01,-15.0,ID,"Lewiston, ID-WA",Lewiston
2018-10-01,-5.56,ID,"Lewiston, ID-WA",Lewiston
2018-11-01,0.0,ID,"Lewiston, ID-WA",Lewiston
2018-12-01,-11.11,ID,"Lewiston, ID-WA",Lewiston
2019-01-01,55.56,ID,"Lewiston, ID-WA",Lewiston
2019-02-01,-6.67,ID,"Lewiston, ID-WA",Lewiston
2019-03-01,-5.26,ID,"Lewiston, ID-WA",Lewiston
2019-04-01,-14.29,ID,"Lewiston, ID-WA",Lewiston
2019-05-01,-23.08,ID,"Lewiston, ID-WA",Lewiston
2019-06-01,0.0,ID,"Lewiston, ID-WA",Lewiston
2019-07-01,0.0,ID,"Lewiston, ID-WA",Lewiston
2019-08-01,0.0,ID,"Lewiston, ID-WA",Lewiston
2019-09-01,-5.88,ID,"Lewiston, ID-WA",Lewiston
2019-10-01,-5.88,ID,"Lewiston, ID-WA",Lewiston
2019-11-01,-16.67,ID,"Lewiston, ID-WA",Lewiston
2019-12-01,-25.0,ID,"Lewiston, ID-WA",Lewiston
2020-01-01,-21.43,ID,"Lewiston, ID-WA",Lewiston
2020-02-01,-14.29,ID,"Lewiston, ID-WA",Lewiston
2020-03-01,-11.11,ID,"Lewiston, ID-WA",Lewiston
2020-04-01,-27.78,ID,"Lewiston, ID-WA",Lewiston
2020-05-01,-45.0,ID,"Lewiston, ID-WA",Lewiston
2020-06-01,-27.27,ID,"Lewiston, ID-WA",Lewiston
2020-07-01,-57.89,ID,"Lewiston, ID-WA",Lewiston
2020-08-01,5.88,ID,"Lewiston, ID-WA",Lewiston
2020-09-01,-6.25,ID,"Lewiston, ID-WA",Lewiston
2020-10-01,-6.25,ID,"Lewiston, ID-WA",Lewiston
2020-11-01,-20.0,ID,"Lewiston, ID-WA",Lewiston
2020-12-01,-16.67,ID,"Lewiston, ID-WA",Lewiston
2021-01-01,-27.27,ID,"Lewiston, ID-WA",Lewiston
2021-02-01,-33.33,ID,"Lewiston, ID-WA",Lewiston
2021-03-01,-43.75,ID,"Lewiston, ID-WA",Lewiston
2021-04-01,-23.08,ID,"Lewiston, ID-WA",Lewiston
2021-05-01,18.18,ID,"Lewiston, ID-WA",Lewiston
2021-06-01,-37.5,ID,"Lewiston, ID-WA",Lewiston
2021-07-01,75.0,ID,"Lewiston, ID-WA",Lewiston
2021-08-01,16.67,ID,"Lewiston, ID-WA",Lewiston
2021-09-01,6.67,ID,"Lewiston, ID-WA",Lewiston
2021-10-01,20.0,ID,"Lewiston, ID-WA",Lewiston
2021-11-01,50.0,ID,"Lewiston, ID-WA",Lewiston
