date,Per Capita Personal Income,state,msa,city
1969-01-01,4958,NY,"New York-Newark-Jersey City, NY-NJ-PA",New York
1970-01-01,5290,NY,"New York-Newark-Jersey City, NY-NJ-PA",New York
1971-01-01,5617,NY,"New York-Newark-Jersey City, NY-NJ-PA",New York
1972-01-01,6039,NY,"New York-Newark-Jersey City, NY-NJ-PA",New York
1973-01-01,6480,NY,"New York-Newark-Jersey City, NY-NJ-PA",New York
1974-01-01,7020,NY,"New York-Newark-Jersey City, NY-NJ-PA",New York
1975-01-01,7599,NY,"New York-Newark-Jersey City, NY-NJ-PA",New York
1976-01-01,8112,NY,"New York-Newark-Jersey City, NY-NJ-PA",New York
1977-01-01,8850,NY,"New York-Newark-Jersey City, NY-NJ-PA",New York
1978-01-01,9757,NY,"New York-Newark-Jersey City, NY-NJ-PA",New York
1979-01-01,10724,NY,"New York-Newark-Jersey City, NY-NJ-PA",New York
1980-01-01,12015,NY,"New York-Newark-Jersey City, NY-NJ-PA",New York
1981-01-01,13426,NY,"New York-Newark-Jersey City, NY-NJ-PA",New York
1982-01-01,14544,NY,"New York-Newark-Jersey City, NY-NJ-PA",New York
1983-01-01,15629,NY,"New York-Newark-Jersey City, NY-NJ-PA",New York
1984-01-01,17216,NY,"New York-Newark-Jersey City, NY-NJ-PA",New York
1985-01-01,18376,NY,"New York-Newark-Jersey City, NY-NJ-PA",New York
1986-01-01,19590,NY,"New York-Newark-Jersey City, NY-NJ-PA",New York
1987-01-01,21015,NY,"New York-Newark-Jersey City, NY-NJ-PA",New York
1988-01-01,23146,NY,"New York-Newark-Jersey City, NY-NJ-PA",New York
1989-01-01,24914,NY,"New York-Newark-Jersey City, NY-NJ-PA",New York
1990-01-01,26612,NY,"New York-Newark-Jersey City, NY-NJ-PA",New York
1991-01-01,26426,NY,"New York-Newark-Jersey City, NY-NJ-PA",New York
1992-01-01,27894,NY,"New York-Newark-Jersey City, NY-NJ-PA",New York
1993-01-01,28532,NY,"New York-Newark-Jersey City, NY-NJ-PA",New York
1994-01-01,29273,NY,"New York-Newark-Jersey City, NY-NJ-PA",New York
1995-01-01,30869,NY,"New York-Newark-Jersey City, NY-NJ-PA",New York
1996-01-01,32507,NY,"New York-Newark-Jersey City, NY-NJ-PA",New York
1997-01-01,34296,NY,"New York-Newark-Jersey City, NY-NJ-PA",New York
1998-01-01,36209,NY,"New York-Newark-Jersey City, NY-NJ-PA",New York
1999-01-01,37968,NY,"New York-Newark-Jersey City, NY-NJ-PA",New York
2000-01-01,41042,NY,"New York-Newark-Jersey City, NY-NJ-PA",New York
2001-01-01,42343,NY,"New York-Newark-Jersey City, NY-NJ-PA",New York
2002-01-01,42013,NY,"New York-Newark-Jersey City, NY-NJ-PA",New York
2003-01-01,42401,NY,"New York-Newark-Jersey City, NY-NJ-PA",New York
2004-01-01,44354,NY,"New York-Newark-Jersey City, NY-NJ-PA",New York
2005-01-01,46304,NY,"New York-Newark-Jersey City, NY-NJ-PA",New York
2006-01-01,50278,NY,"New York-Newark-Jersey City, NY-NJ-PA",New York
2007-01-01,54116,NY,"New York-Newark-Jersey City, NY-NJ-PA",New York
2008-01-01,54621,NY,"New York-Newark-Jersey City, NY-NJ-PA",New York
2009-01-01,52541,NY,"New York-Newark-Jersey City, NY-NJ-PA",New York
2010-01-01,54337,NY,"New York-Newark-Jersey City, NY-NJ-PA",New York
2011-01-01,56950,NY,"New York-Newark-Jersey City, NY-NJ-PA",New York
2012-01-01,59622,NY,"New York-Newark-Jersey City, NY-NJ-PA",New York
2013-01-01,60169,NY,"New York-Newark-Jersey City, NY-NJ-PA",New York
2014-01-01,62853,NY,"New York-Newark-Jersey City, NY-NJ-PA",New York
2015-01-01,65567,NY,"New York-Newark-Jersey City, NY-NJ-PA",New York
2016-01-01,68000,NY,"New York-Newark-Jersey City, NY-NJ-PA",New York
2017-01-01,72163,NY,"New York-Newark-Jersey City, NY-NJ-PA",New York
2018-01-01,75166,NY,"New York-Newark-Jersey City, NY-NJ-PA",New York
2019-01-01,77911,NY,"New York-Newark-Jersey City, NY-NJ-PA",New York
2020-01-01,82322,NY,"New York-Newark-Jersey City, NY-NJ-PA",New York
1969-01-01,4820,CA,"Los Angeles-Long Beach-Anaheim, CA",Los Angeles
1970-01-01,5062,CA,"Los Angeles-Long Beach-Anaheim, CA",Los Angeles
1971-01-01,5236,CA,"Los Angeles-Long Beach-Anaheim, CA",Los Angeles
1972-01-01,5700,CA,"Los Angeles-Long Beach-Anaheim, CA",Los Angeles
1973-01-01,6150,CA,"Los Angeles-Long Beach-Anaheim, CA",Los Angeles
1974-01-01,6711,CA,"Los Angeles-Long Beach-Anaheim, CA",Los Angeles
1975-01-01,7304,CA,"Los Angeles-Long Beach-Anaheim, CA",Los Angeles
1976-01-01,7962,CA,"Los Angeles-Long Beach-Anaheim, CA",Los Angeles
1977-01-01,8761,CA,"Los Angeles-Long Beach-Anaheim, CA",Los Angeles
1978-01-01,9821,CA,"Los Angeles-Long Beach-Anaheim, CA",Los Angeles
1979-01-01,10991,CA,"Los Angeles-Long Beach-Anaheim, CA",Los Angeles
1980-01-01,12195,CA,"Los Angeles-Long Beach-Anaheim, CA",Los Angeles
1981-01-01,13522,CA,"Los Angeles-Long Beach-Anaheim, CA",Los Angeles
1982-01-01,14095,CA,"Los Angeles-Long Beach-Anaheim, CA",Los Angeles
1983-01-01,14833,CA,"Los Angeles-Long Beach-Anaheim, CA",Los Angeles
1984-01-01,16156,CA,"Los Angeles-Long Beach-Anaheim, CA",Los Angeles
1985-01-01,17118,CA,"Los Angeles-Long Beach-Anaheim, CA",Los Angeles
1986-01-01,17862,CA,"Los Angeles-Long Beach-Anaheim, CA",Los Angeles
1987-01-01,18901,CA,"Los Angeles-Long Beach-Anaheim, CA",Los Angeles
1988-01-01,20037,CA,"Los Angeles-Long Beach-Anaheim, CA",Los Angeles
1989-01-01,20933,CA,"Los Angeles-Long Beach-Anaheim, CA",Los Angeles
1990-01-01,22238,CA,"Los Angeles-Long Beach-Anaheim, CA",Los Angeles
1991-01-01,22419,CA,"Los Angeles-Long Beach-Anaheim, CA",Los Angeles
1992-01-01,23181,CA,"Los Angeles-Long Beach-Anaheim, CA",Los Angeles
1993-01-01,23259,CA,"Los Angeles-Long Beach-Anaheim, CA",Los Angeles
1994-01-01,23790,CA,"Los Angeles-Long Beach-Anaheim, CA",Los Angeles
1995-01-01,24752,CA,"Los Angeles-Long Beach-Anaheim, CA",Los Angeles
1996-01-01,26001,CA,"Los Angeles-Long Beach-Anaheim, CA",Los Angeles
1997-01-01,27121,CA,"Los Angeles-Long Beach-Anaheim, CA",Los Angeles
1998-01-01,29091,CA,"Los Angeles-Long Beach-Anaheim, CA",Los Angeles
1999-01-01,30302,CA,"Los Angeles-Long Beach-Anaheim, CA",Los Angeles
2000-01-01,31952,CA,"Los Angeles-Long Beach-Anaheim, CA",Los Angeles
2001-01-01,32839,CA,"Los Angeles-Long Beach-Anaheim, CA",Los Angeles
2002-01-01,33364,CA,"Los Angeles-Long Beach-Anaheim, CA",Los Angeles
2003-01-01,34835,CA,"Los Angeles-Long Beach-Anaheim, CA",Los Angeles
2004-01-01,36797,CA,"Los Angeles-Long Beach-Anaheim, CA",Los Angeles
2005-01-01,39202,CA,"Los Angeles-Long Beach-Anaheim, CA",Los Angeles
2006-01-01,42568,CA,"Los Angeles-Long Beach-Anaheim, CA",Los Angeles
2007-01-01,44196,CA,"Los Angeles-Long Beach-Anaheim, CA",Los Angeles
2008-01-01,44541,CA,"Los Angeles-Long Beach-Anaheim, CA",Los Angeles
2009-01-01,42534,CA,"Los Angeles-Long Beach-Anaheim, CA",Los Angeles
2010-01-01,44505,CA,"Los Angeles-Long Beach-Anaheim, CA",Los Angeles
2011-01-01,46876,CA,"Los Angeles-Long Beach-Anaheim, CA",Los Angeles
2012-01-01,50048,CA,"Los Angeles-Long Beach-Anaheim, CA",Los Angeles
2013-01-01,49550,CA,"Los Angeles-Long Beach-Anaheim, CA",Los Angeles
2014-01-01,52214,CA,"Los Angeles-Long Beach-Anaheim, CA",Los Angeles
2015-01-01,55522,CA,"Los Angeles-Long Beach-Anaheim, CA",Los Angeles
2016-01-01,57308,CA,"Los Angeles-Long Beach-Anaheim, CA",Los Angeles
2017-01-01,59238,CA,"Los Angeles-Long Beach-Anaheim, CA",Los Angeles
2018-01-01,61594,CA,"Los Angeles-Long Beach-Anaheim, CA",Los Angeles
2019-01-01,64705,CA,"Los Angeles-Long Beach-Anaheim, CA",Los Angeles
2020-01-01,69805,CA,"Los Angeles-Long Beach-Anaheim, CA",Los Angeles
1969-01-01,4748,CA,"Los Angeles-Long Beach-Anaheim, CA",Los Angeles
1970-01-01,4985,CA,"Los Angeles-Long Beach-Anaheim, CA",Los Angeles
1971-01-01,5147,CA,"Los Angeles-Long Beach-Anaheim, CA",Los Angeles
1972-01-01,5598,CA,"Los Angeles-Long Beach-Anaheim, CA",Los Angeles
1973-01-01,6071,CA,"Los Angeles-Long Beach-Anaheim, CA",Los Angeles
1974-01-01,6649,CA,"Los Angeles-Long Beach-Anaheim, CA",Los Angeles
1975-01-01,7236,CA,"Los Angeles-Long Beach-Anaheim, CA",Los Angeles
1976-01-01,7933,CA,"Los Angeles-Long Beach-Anaheim, CA",Los Angeles
1977-01-01,8774,CA,"Los Angeles-Long Beach-Anaheim, CA",Los Angeles
1978-01-01,9884,CA,"Los Angeles-Long Beach-Anaheim, CA",Los Angeles
1979-01-01,11104,CA,"Los Angeles-Long Beach-Anaheim, CA",Los Angeles
1980-01-01,12325,CA,"Los Angeles-Long Beach-Anaheim, CA",Los Angeles
1981-01-01,13650,CA,"Los Angeles-Long Beach-Anaheim, CA",Los Angeles
1982-01-01,14189,CA,"Los Angeles-Long Beach-Anaheim, CA",Los Angeles
1983-01-01,14921,CA,"Los Angeles-Long Beach-Anaheim, CA",Los Angeles
1984-01-01,16323,CA,"Los Angeles-Long Beach-Anaheim, CA",Los Angeles
1985-01-01,17241,CA,"Los Angeles-Long Beach-Anaheim, CA",Los Angeles
1986-01-01,17953,CA,"Los Angeles-Long Beach-Anaheim, CA",Los Angeles
1987-01-01,19025,CA,"Los Angeles-Long Beach-Anaheim, CA",Los Angeles
1988-01-01,20096,CA,"Los Angeles-Long Beach-Anaheim, CA",Los Angeles
1989-01-01,20969,CA,"Los Angeles-Long Beach-Anaheim, CA",Los Angeles
1990-01-01,22280,CA,"Los Angeles-Long Beach-Anaheim, CA",Los Angeles
1991-01-01,22438,CA,"Los Angeles-Long Beach-Anaheim, CA",Los Angeles
1992-01-01,23066,CA,"Los Angeles-Long Beach-Anaheim, CA",Los Angeles
1993-01-01,23096,CA,"Los Angeles-Long Beach-Anaheim, CA",Los Angeles
1994-01-01,23767,CA,"Los Angeles-Long Beach-Anaheim, CA",Los Angeles
1995-01-01,24723,CA,"Los Angeles-Long Beach-Anaheim, CA",Los Angeles
1996-01-01,25937,CA,"Los Angeles-Long Beach-Anaheim, CA",Los Angeles
1997-01-01,27075,CA,"Los Angeles-Long Beach-Anaheim, CA",Los Angeles
1998-01-01,29210,CA,"Los Angeles-Long Beach-Anaheim, CA",Los Angeles
1999-01-01,30172,CA,"Los Angeles-Long Beach-Anaheim, CA",Los Angeles
2000-01-01,31831,CA,"Los Angeles-Long Beach-Anaheim, CA",Los Angeles
2001-01-01,33224,CA,"Los Angeles-Long Beach-Anaheim, CA",Los Angeles
2002-01-01,33880,CA,"Los Angeles-Long Beach-Anaheim, CA",Los Angeles
2003-01-01,35025,CA,"Los Angeles-Long Beach-Anaheim, CA",Los Angeles
2004-01-01,36790,CA,"Los Angeles-Long Beach-Anaheim, CA",Los Angeles
2005-01-01,39021,CA,"Los Angeles-Long Beach-Anaheim, CA",Los Angeles
2006-01-01,42329,CA,"Los Angeles-Long Beach-Anaheim, CA",Los Angeles
2007-01-01,43842,CA,"Los Angeles-Long Beach-Anaheim, CA",Los Angeles
2008-01-01,45174,CA,"Los Angeles-Long Beach-Anaheim, CA",Los Angeles
2009-01-01,42101,CA,"Los Angeles-Long Beach-Anaheim, CA",Los Angeles
2010-01-01,42842,CA,"Los Angeles-Long Beach-Anaheim, CA",Los Angeles
2011-01-01,44423,CA,"Los Angeles-Long Beach-Anaheim, CA",Los Angeles
1969-01-01,4698,IL,"Chicago-Naperville-Elgin, IL-IN-WI",Chicago
1970-01-01,4945,IL,"Chicago-Naperville-Elgin, IL-IN-WI",Chicago
1971-01-01,5241,IL,"Chicago-Naperville-Elgin, IL-IN-WI",Chicago
1972-01-01,5660,IL,"Chicago-Naperville-Elgin, IL-IN-WI",Chicago
1973-01-01,6243,IL,"Chicago-Naperville-Elgin, IL-IN-WI",Chicago
1974-01-01,6842,IL,"Chicago-Naperville-Elgin, IL-IN-WI",Chicago
1975-01-01,7315,IL,"Chicago-Naperville-Elgin, IL-IN-WI",Chicago
1976-01-01,8009,IL,"Chicago-Naperville-Elgin, IL-IN-WI",Chicago
1977-01-01,8825,IL,"Chicago-Naperville-Elgin, IL-IN-WI",Chicago
1978-01-01,9757,IL,"Chicago-Naperville-Elgin, IL-IN-WI",Chicago
1979-01-01,10714,IL,"Chicago-Naperville-Elgin, IL-IN-WI",Chicago
1980-01-01,11694,IL,"Chicago-Naperville-Elgin, IL-IN-WI",Chicago
1981-01-01,12892,IL,"Chicago-Naperville-Elgin, IL-IN-WI",Chicago
1982-01-01,13613,IL,"Chicago-Naperville-Elgin, IL-IN-WI",Chicago
1983-01-01,14299,IL,"Chicago-Naperville-Elgin, IL-IN-WI",Chicago
1984-01-01,15628,IL,"Chicago-Naperville-Elgin, IL-IN-WI",Chicago
1985-01-01,16469,IL,"Chicago-Naperville-Elgin, IL-IN-WI",Chicago
1986-01-01,17415,IL,"Chicago-Naperville-Elgin, IL-IN-WI",Chicago
1987-01-01,18525,IL,"Chicago-Naperville-Elgin, IL-IN-WI",Chicago
1988-01-01,20160,IL,"Chicago-Naperville-Elgin, IL-IN-WI",Chicago
1989-01-01,21289,IL,"Chicago-Naperville-Elgin, IL-IN-WI",Chicago
1990-01-01,22627,IL,"Chicago-Naperville-Elgin, IL-IN-WI",Chicago
1991-01-01,22900,IL,"Chicago-Naperville-Elgin, IL-IN-WI",Chicago
1992-01-01,24384,IL,"Chicago-Naperville-Elgin, IL-IN-WI",Chicago
1993-01-01,25059,IL,"Chicago-Naperville-Elgin, IL-IN-WI",Chicago
1994-01-01,26118,IL,"Chicago-Naperville-Elgin, IL-IN-WI",Chicago
1995-01-01,27662,IL,"Chicago-Naperville-Elgin, IL-IN-WI",Chicago
1996-01-01,29096,IL,"Chicago-Naperville-Elgin, IL-IN-WI",Chicago
1997-01-01,30614,IL,"Chicago-Naperville-Elgin, IL-IN-WI",Chicago
1998-01-01,32414,IL,"Chicago-Naperville-Elgin, IL-IN-WI",Chicago
1999-01-01,33723,IL,"Chicago-Naperville-Elgin, IL-IN-WI",Chicago
2000-01-01,36130,IL,"Chicago-Naperville-Elgin, IL-IN-WI",Chicago
2001-01-01,37036,IL,"Chicago-Naperville-Elgin, IL-IN-WI",Chicago
2002-01-01,37262,IL,"Chicago-Naperville-Elgin, IL-IN-WI",Chicago
2003-01-01,37798,IL,"Chicago-Naperville-Elgin, IL-IN-WI",Chicago
2004-01-01,39129,IL,"Chicago-Naperville-Elgin, IL-IN-WI",Chicago
2005-01-01,40991,IL,"Chicago-Naperville-Elgin, IL-IN-WI",Chicago
2006-01-01,43706,IL,"Chicago-Naperville-Elgin, IL-IN-WI",Chicago
2007-01-01,46104,IL,"Chicago-Naperville-Elgin, IL-IN-WI",Chicago
2008-01-01,46679,IL,"Chicago-Naperville-Elgin, IL-IN-WI",Chicago
2009-01-01,43539,IL,"Chicago-Naperville-Elgin, IL-IN-WI",Chicago
2010-01-01,44511,IL,"Chicago-Naperville-Elgin, IL-IN-WI",Chicago
2011-01-01,46509,IL,"Chicago-Naperville-Elgin, IL-IN-WI",Chicago
2012-01-01,49031,IL,"Chicago-Naperville-Elgin, IL-IN-WI",Chicago
2013-01-01,49980,IL,"Chicago-Naperville-Elgin, IL-IN-WI",Chicago
2014-01-01,52962,IL,"Chicago-Naperville-Elgin, IL-IN-WI",Chicago
2015-01-01,55769,IL,"Chicago-Naperville-Elgin, IL-IN-WI",Chicago
2016-01-01,56522,IL,"Chicago-Naperville-Elgin, IL-IN-WI",Chicago
2017-01-01,58501,IL,"Chicago-Naperville-Elgin, IL-IN-WI",Chicago
2018-01-01,61970,IL,"Chicago-Naperville-Elgin, IL-IN-WI",Chicago
2019-01-01,64079,IL,"Chicago-Naperville-Elgin, IL-IN-WI",Chicago
2020-01-01,67671,IL,"Chicago-Naperville-Elgin, IL-IN-WI",Chicago
1969-01-01,4164,TX,"Dallas-Fort Worth-Arlington, TX",Dallas
1970-01-01,4335,TX,"Dallas-Fort Worth-Arlington, TX",Dallas
1971-01-01,4552,TX,"Dallas-Fort Worth-Arlington, TX",Dallas
1972-01-01,5012,TX,"Dallas-Fort Worth-Arlington, TX",Dallas
1973-01-01,5501,TX,"Dallas-Fort Worth-Arlington, TX",Dallas
1974-01-01,6056,TX,"Dallas-Fort Worth-Arlington, TX",Dallas
1975-01-01,6634,TX,"Dallas-Fort Worth-Arlington, TX",Dallas
1976-01-01,7220,TX,"Dallas-Fort Worth-Arlington, TX",Dallas
1977-01-01,7928,TX,"Dallas-Fort Worth-Arlington, TX",Dallas
1978-01-01,8995,TX,"Dallas-Fort Worth-Arlington, TX",Dallas
1979-01-01,10137,TX,"Dallas-Fort Worth-Arlington, TX",Dallas
1980-01-01,11352,TX,"Dallas-Fort Worth-Arlington, TX",Dallas
1981-01-01,12742,TX,"Dallas-Fort Worth-Arlington, TX",Dallas
1982-01-01,13690,TX,"Dallas-Fort Worth-Arlington, TX",Dallas
1983-01-01,14684,TX,"Dallas-Fort Worth-Arlington, TX",Dallas
1984-01-01,16174,TX,"Dallas-Fort Worth-Arlington, TX",Dallas
1985-01-01,17263,TX,"Dallas-Fort Worth-Arlington, TX",Dallas
1986-01-01,17601,TX,"Dallas-Fort Worth-Arlington, TX",Dallas
1987-01-01,17823,TX,"Dallas-Fort Worth-Arlington, TX",Dallas
1988-01-01,18629,TX,"Dallas-Fort Worth-Arlington, TX",Dallas
1989-01-01,19561,TX,"Dallas-Fort Worth-Arlington, TX",Dallas
1990-01-01,20667,TX,"Dallas-Fort Worth-Arlington, TX",Dallas
1991-01-01,20911,TX,"Dallas-Fort Worth-Arlington, TX",Dallas
1992-01-01,22021,TX,"Dallas-Fort Worth-Arlington, TX",Dallas
1993-01-01,22888,TX,"Dallas-Fort Worth-Arlington, TX",Dallas
1994-01-01,23841,TX,"Dallas-Fort Worth-Arlington, TX",Dallas
1995-01-01,25026,TX,"Dallas-Fort Worth-Arlington, TX",Dallas
1996-01-01,26533,TX,"Dallas-Fort Worth-Arlington, TX",Dallas
1997-01-01,28222,TX,"Dallas-Fort Worth-Arlington, TX",Dallas
1998-01-01,30400,TX,"Dallas-Fort Worth-Arlington, TX",Dallas
1999-01-01,31503,TX,"Dallas-Fort Worth-Arlington, TX",Dallas
2000-01-01,34022,TX,"Dallas-Fort Worth-Arlington, TX",Dallas
2001-01-01,34598,TX,"Dallas-Fort Worth-Arlington, TX",Dallas
2002-01-01,34237,TX,"Dallas-Fort Worth-Arlington, TX",Dallas
2003-01-01,34429,TX,"Dallas-Fort Worth-Arlington, TX",Dallas
2004-01-01,35286,TX,"Dallas-Fort Worth-Arlington, TX",Dallas
2005-01-01,37700,TX,"Dallas-Fort Worth-Arlington, TX",Dallas
2006-01-01,40367,TX,"Dallas-Fort Worth-Arlington, TX",Dallas
2007-01-01,41729,TX,"Dallas-Fort Worth-Arlington, TX",Dallas
2008-01-01,44110,TX,"Dallas-Fort Worth-Arlington, TX",Dallas
2009-01-01,40279,TX,"Dallas-Fort Worth-Arlington, TX",Dallas
2010-01-01,41795,TX,"Dallas-Fort Worth-Arlington, TX",Dallas
2011-01-01,45700,TX,"Dallas-Fort Worth-Arlington, TX",Dallas
2012-01-01,47410,TX,"Dallas-Fort Worth-Arlington, TX",Dallas
2013-01-01,48008,TX,"Dallas-Fort Worth-Arlington, TX",Dallas
2014-01-01,50766,TX,"Dallas-Fort Worth-Arlington, TX",Dallas
2015-01-01,51459,TX,"Dallas-Fort Worth-Arlington, TX",Dallas
2016-01-01,52106,TX,"Dallas-Fort Worth-Arlington, TX",Dallas
2017-01-01,54525,TX,"Dallas-Fort Worth-Arlington, TX",Dallas
2018-01-01,57562,TX,"Dallas-Fort Worth-Arlington, TX",Dallas
2019-01-01,59409,TX,"Dallas-Fort Worth-Arlington, TX",Dallas
2020-01-01,61554,TX,"Dallas-Fort Worth-Arlington, TX",Dallas
1969-01-01,3877,TX,"Houston-The Woodlands-Sugar Land, TX",Houston
1970-01-01,4240,TX,"Houston-The Woodlands-Sugar Land, TX",Houston
1971-01-01,4513,TX,"Houston-The Woodlands-Sugar Land, TX",Houston
1972-01-01,4881,TX,"Houston-The Woodlands-Sugar Land, TX",Houston
1973-01-01,5371,TX,"Houston-The Woodlands-Sugar Land, TX",Houston
1974-01-01,6183,TX,"Houston-The Woodlands-Sugar Land, TX",Houston
1975-01-01,7014,TX,"Houston-The Woodlands-Sugar Land, TX",Houston
1976-01-01,7717,TX,"Houston-The Woodlands-Sugar Land, TX",Houston
1977-01-01,8477,TX,"Houston-The Woodlands-Sugar Land, TX",Houston
1978-01-01,9622,TX,"Houston-The Woodlands-Sugar Land, TX",Houston
1979-01-01,10800,TX,"Houston-The Woodlands-Sugar Land, TX",Houston
1980-01-01,12085,TX,"Houston-The Woodlands-Sugar Land, TX",Houston
1981-01-01,13780,TX,"Houston-The Woodlands-Sugar Land, TX",Houston
1982-01-01,14438,TX,"Houston-The Woodlands-Sugar Land, TX",Houston
1983-01-01,14316,TX,"Houston-The Woodlands-Sugar Land, TX",Houston
1984-01-01,15178,TX,"Houston-The Woodlands-Sugar Land, TX",Houston
1985-01-01,15927,TX,"Houston-The Woodlands-Sugar Land, TX",Houston
1986-01-01,15710,TX,"Houston-The Woodlands-Sugar Land, TX",Houston
1987-01-01,16109,TX,"Houston-The Woodlands-Sugar Land, TX",Houston
1988-01-01,17430,TX,"Houston-The Woodlands-Sugar Land, TX",Houston
1989-01-01,18711,TX,"Houston-The Woodlands-Sugar Land, TX",Houston
1990-01-01,20079,TX,"Houston-The Woodlands-Sugar Land, TX",Houston
1991-01-01,20641,TX,"Houston-The Woodlands-Sugar Land, TX",Houston
1992-01-01,21802,TX,"Houston-The Woodlands-Sugar Land, TX",Houston
1993-01-01,22387,TX,"Houston-The Woodlands-Sugar Land, TX",Houston
1994-01-01,22923,TX,"Houston-The Woodlands-Sugar Land, TX",Houston
1995-01-01,24259,TX,"Houston-The Woodlands-Sugar Land, TX",Houston
1996-01-01,25887,TX,"Houston-The Woodlands-Sugar Land, TX",Houston
1997-01-01,28016,TX,"Houston-The Woodlands-Sugar Land, TX",Houston
1998-01-01,30119,TX,"Houston-The Woodlands-Sugar Land, TX",Houston
1999-01-01,31001,TX,"Houston-The Woodlands-Sugar Land, TX",Houston
2000-01-01,33403,TX,"Houston-The Woodlands-Sugar Land, TX",Houston
2001-01-01,34540,TX,"Houston-The Woodlands-Sugar Land, TX",Houston
2002-01-01,33577,TX,"Houston-The Woodlands-Sugar Land, TX",Houston
2003-01-01,34341,TX,"Houston-The Woodlands-Sugar Land, TX",Houston
2004-01-01,36284,TX,"Houston-The Woodlands-Sugar Land, TX",Houston
2005-01-01,38931,TX,"Houston-The Woodlands-Sugar Land, TX",Houston
2006-01-01,42131,TX,"Houston-The Woodlands-Sugar Land, TX",Houston
2007-01-01,44076,TX,"Houston-The Woodlands-Sugar Land, TX",Houston
2008-01-01,48025,TX,"Houston-The Woodlands-Sugar Land, TX",Houston
2009-01-01,43985,TX,"Houston-The Woodlands-Sugar Land, TX",Houston
2010-01-01,45790,TX,"Houston-The Woodlands-Sugar Land, TX",Houston
2011-01-01,48818,TX,"Houston-The Woodlands-Sugar Land, TX",Houston
2012-01-01,52779,TX,"Houston-The Woodlands-Sugar Land, TX",Houston
2013-01-01,52471,TX,"Houston-The Woodlands-Sugar Land, TX",Houston
2014-01-01,55436,TX,"Houston-The Woodlands-Sugar Land, TX",Houston
2015-01-01,55013,TX,"Houston-The Woodlands-Sugar Land, TX",Houston
2016-01-01,51572,TX,"Houston-The Woodlands-Sugar Land, TX",Houston
2017-01-01,54788,TX,"Houston-The Woodlands-Sugar Land, TX",Houston
2018-01-01,57875,TX,"Houston-The Woodlands-Sugar Land, TX",Houston
2019-01-01,58884,TX,"Houston-The Woodlands-Sugar Land, TX",Houston
2020-01-01,59893,TX,"Houston-The Woodlands-Sugar Land, TX",Houston
1969-01-01,4503,MI,"Detroit-Warren-Dearborn, MI",Detroit
1970-01-01,4612,MI,"Detroit-Warren-Dearborn, MI",Detroit
1971-01-01,4946,MI,"Detroit-Warren-Dearborn, MI",Detroit
1972-01-01,5488,MI,"Detroit-Warren-Dearborn, MI",Detroit
1973-01-01,6144,MI,"Detroit-Warren-Dearborn, MI",Detroit
1974-01-01,6532,MI,"Detroit-Warren-Dearborn, MI",Detroit
1975-01-01,6900,MI,"Detroit-Warren-Dearborn, MI",Detroit
1976-01-01,7750,MI,"Detroit-Warren-Dearborn, MI",Detroit
1977-01-01,8744,MI,"Detroit-Warren-Dearborn, MI",Detroit
1978-01-01,9730,MI,"Detroit-Warren-Dearborn, MI",Detroit
1979-01-01,10586,MI,"Detroit-Warren-Dearborn, MI",Detroit
1980-01-01,11250,MI,"Detroit-Warren-Dearborn, MI",Detroit
1981-01-01,12020,MI,"Detroit-Warren-Dearborn, MI",Detroit
1982-01-01,12532,MI,"Detroit-Warren-Dearborn, MI",Detroit
1983-01-01,13429,MI,"Detroit-Warren-Dearborn, MI",Detroit
1984-01-01,14932,MI,"Detroit-Warren-Dearborn, MI",Detroit
1985-01-01,16347,MI,"Detroit-Warren-Dearborn, MI",Detroit
1986-01-01,17330,MI,"Detroit-Warren-Dearborn, MI",Detroit
1987-01-01,17810,MI,"Detroit-Warren-Dearborn, MI",Detroit
1988-01-01,19128,MI,"Detroit-Warren-Dearborn, MI",Detroit
1989-01-01,20517,MI,"Detroit-Warren-Dearborn, MI",Detroit
1990-01-01,21300,MI,"Detroit-Warren-Dearborn, MI",Detroit
1991-01-01,21280,MI,"Detroit-Warren-Dearborn, MI",Detroit
1992-01-01,22296,MI,"Detroit-Warren-Dearborn, MI",Detroit
1993-01-01,23351,MI,"Detroit-Warren-Dearborn, MI",Detroit
1994-01-01,24995,MI,"Detroit-Warren-Dearborn, MI",Detroit
1995-01-01,26313,MI,"Detroit-Warren-Dearborn, MI",Detroit
1996-01-01,27488,MI,"Detroit-Warren-Dearborn, MI",Detroit
1997-01-01,28855,MI,"Detroit-Warren-Dearborn, MI",Detroit
1998-01-01,30869,MI,"Detroit-Warren-Dearborn, MI",Detroit
1999-01-01,32256,MI,"Detroit-Warren-Dearborn, MI",Detroit
2000-01-01,34683,MI,"Detroit-Warren-Dearborn, MI",Detroit
2001-01-01,34947,MI,"Detroit-Warren-Dearborn, MI",Detroit
2002-01-01,34513,MI,"Detroit-Warren-Dearborn, MI",Detroit
2003-01-01,35225,MI,"Detroit-Warren-Dearborn, MI",Detroit
2004-01-01,36003,MI,"Detroit-Warren-Dearborn, MI",Detroit
2005-01-01,36940,MI,"Detroit-Warren-Dearborn, MI",Detroit
2006-01-01,37560,MI,"Detroit-Warren-Dearborn, MI",Detroit
2007-01-01,38864,MI,"Detroit-Warren-Dearborn, MI",Detroit
2008-01-01,39376,MI,"Detroit-Warren-Dearborn, MI",Detroit
2009-01-01,37174,MI,"Detroit-Warren-Dearborn, MI",Detroit
2010-01-01,38373,MI,"Detroit-Warren-Dearborn, MI",Detroit
2011-01-01,41000,MI,"Detroit-Warren-Dearborn, MI",Detroit
2012-01-01,42827,MI,"Detroit-Warren-Dearborn, MI",Detroit
2013-01-01,43106,MI,"Detroit-Warren-Dearborn, MI",Detroit
2014-01-01,45245,MI,"Detroit-Warren-Dearborn, MI",Detroit
2015-01-01,47946,MI,"Detroit-Warren-Dearborn, MI",Detroit
2016-01-01,49184,MI,"Detroit-Warren-Dearborn, MI",Detroit
2017-01-01,50425,MI,"Detroit-Warren-Dearborn, MI",Detroit
2018-01-01,52469,MI,"Detroit-Warren-Dearborn, MI",Detroit
2019-01-01,54213,MI,"Detroit-Warren-Dearborn, MI",Detroit
2020-01-01,58356,MI,"Detroit-Warren-Dearborn, MI",Detroit
1969-01-01,3874,OH,"Cincinnati, OH-KY-IN",Cincinnati
1970-01-01,4095,OH,"Cincinnati, OH-KY-IN",Cincinnati
1971-01-01,4263,OH,"Cincinnati, OH-KY-IN",Cincinnati
1972-01-01,4639,OH,"Cincinnati, OH-KY-IN",Cincinnati
1973-01-01,5111,OH,"Cincinnati, OH-KY-IN",Cincinnati
1974-01-01,5617,OH,"Cincinnati, OH-KY-IN",Cincinnati
1975-01-01,6058,OH,"Cincinnati, OH-KY-IN",Cincinnati
1976-01-01,6660,OH,"Cincinnati, OH-KY-IN",Cincinnati
1977-01-01,7359,OH,"Cincinnati, OH-KY-IN",Cincinnati
1978-01-01,8153,OH,"Cincinnati, OH-KY-IN",Cincinnati
1979-01-01,9035,OH,"Cincinnati, OH-KY-IN",Cincinnati
1980-01-01,9969,OH,"Cincinnati, OH-KY-IN",Cincinnati
1981-01-01,10931,OH,"Cincinnati, OH-KY-IN",Cincinnati
1982-01-01,11542,OH,"Cincinnati, OH-KY-IN",Cincinnati
1983-01-01,12260,OH,"Cincinnati, OH-KY-IN",Cincinnati
1984-01-01,13451,OH,"Cincinnati, OH-KY-IN",Cincinnati
1985-01-01,14305,OH,"Cincinnati, OH-KY-IN",Cincinnati
1986-01-01,15074,OH,"Cincinnati, OH-KY-IN",Cincinnati
1987-01-01,15878,OH,"Cincinnati, OH-KY-IN",Cincinnati
1988-01-01,16993,OH,"Cincinnati, OH-KY-IN",Cincinnati
1989-01-01,18313,OH,"Cincinnati, OH-KY-IN",Cincinnati
1990-01-01,19557,OH,"Cincinnati, OH-KY-IN",Cincinnati
1991-01-01,19898,OH,"Cincinnati, OH-KY-IN",Cincinnati
1992-01-01,21163,OH,"Cincinnati, OH-KY-IN",Cincinnati
1993-01-01,21855,OH,"Cincinnati, OH-KY-IN",Cincinnati
1994-01-01,22847,OH,"Cincinnati, OH-KY-IN",Cincinnati
1995-01-01,23913,OH,"Cincinnati, OH-KY-IN",Cincinnati
1996-01-01,25284,OH,"Cincinnati, OH-KY-IN",Cincinnati
1997-01-01,26789,OH,"Cincinnati, OH-KY-IN",Cincinnati
1998-01-01,28631,OH,"Cincinnati, OH-KY-IN",Cincinnati
1999-01-01,29568,OH,"Cincinnati, OH-KY-IN",Cincinnati
2000-01-01,31029,OH,"Cincinnati, OH-KY-IN",Cincinnati
2001-01-01,32177,OH,"Cincinnati, OH-KY-IN",Cincinnati
2002-01-01,32769,OH,"Cincinnati, OH-KY-IN",Cincinnati
2003-01-01,33610,OH,"Cincinnati, OH-KY-IN",Cincinnati
2004-01-01,35231,OH,"Cincinnati, OH-KY-IN",Cincinnati
2005-01-01,36509,OH,"Cincinnati, OH-KY-IN",Cincinnati
2006-01-01,38340,OH,"Cincinnati, OH-KY-IN",Cincinnati
2007-01-01,39340,OH,"Cincinnati, OH-KY-IN",Cincinnati
2008-01-01,40484,OH,"Cincinnati, OH-KY-IN",Cincinnati
2009-01-01,39103,OH,"Cincinnati, OH-KY-IN",Cincinnati
2010-01-01,40745,OH,"Cincinnati, OH-KY-IN",Cincinnati
2011-01-01,43611,OH,"Cincinnati, OH-KY-IN",Cincinnati
2012-01-01,45112,OH,"Cincinnati, OH-KY-IN",Cincinnati
2013-01-01,45415,OH,"Cincinnati, OH-KY-IN",Cincinnati
2014-01-01,46916,OH,"Cincinnati, OH-KY-IN",Cincinnati
2015-01-01,48908,OH,"Cincinnati, OH-KY-IN",Cincinnati
2016-01-01,50294,OH,"Cincinnati, OH-KY-IN",Cincinnati
2017-01-01,52118,OH,"Cincinnati, OH-KY-IN",Cincinnati
2018-01-01,54109,OH,"Cincinnati, OH-KY-IN",Cincinnati
2019-01-01,56402,OH,"Cincinnati, OH-KY-IN",Cincinnati
2020-01-01,59607,OH,"Cincinnati, OH-KY-IN",Cincinnati
1969-01-01,3377,SC,"Charleston-North Charleston, SC",Charleston
1970-01-01,3801,SC,"Charleston-North Charleston, SC",Charleston
1971-01-01,4011,SC,"Charleston-North Charleston, SC",Charleston
1972-01-01,4286,SC,"Charleston-North Charleston, SC",Charleston
1973-01-01,4634,SC,"Charleston-North Charleston, SC",Charleston
1974-01-01,5189,SC,"Charleston-North Charleston, SC",Charleston
1975-01-01,5691,SC,"Charleston-North Charleston, SC",Charleston
1976-01-01,6111,SC,"Charleston-North Charleston, SC",Charleston
1977-01-01,6511,SC,"Charleston-North Charleston, SC",Charleston
1978-01-01,7209,SC,"Charleston-North Charleston, SC",Charleston
1979-01-01,7933,SC,"Charleston-North Charleston, SC",Charleston
1980-01-01,8786,SC,"Charleston-North Charleston, SC",Charleston
1981-01-01,9715,SC,"Charleston-North Charleston, SC",Charleston
1982-01-01,10317,SC,"Charleston-North Charleston, SC",Charleston
1983-01-01,10934,SC,"Charleston-North Charleston, SC",Charleston
1984-01-01,11927,SC,"Charleston-North Charleston, SC",Charleston
1985-01-01,12645,SC,"Charleston-North Charleston, SC",Charleston
1986-01-01,13227,SC,"Charleston-North Charleston, SC",Charleston
1987-01-01,13862,SC,"Charleston-North Charleston, SC",Charleston
1988-01-01,14874,SC,"Charleston-North Charleston, SC",Charleston
1989-01-01,15824,SC,"Charleston-North Charleston, SC",Charleston
1990-01-01,17017,SC,"Charleston-North Charleston, SC",Charleston
1991-01-01,17246,SC,"Charleston-North Charleston, SC",Charleston
1992-01-01,17903,SC,"Charleston-North Charleston, SC",Charleston
1993-01-01,18537,SC,"Charleston-North Charleston, SC",Charleston
1994-01-01,19059,SC,"Charleston-North Charleston, SC",Charleston
1995-01-01,19745,SC,"Charleston-North Charleston, SC",Charleston
1996-01-01,20877,SC,"Charleston-North Charleston, SC",Charleston
1997-01-01,21910,SC,"Charleston-North Charleston, SC",Charleston
1998-01-01,23541,SC,"Charleston-North Charleston, SC",Charleston
1999-01-01,24695,SC,"Charleston-North Charleston, SC",Charleston
2000-01-01,26523,SC,"Charleston-North Charleston, SC",Charleston
2001-01-01,26898,SC,"Charleston-North Charleston, SC",Charleston
2002-01-01,27771,SC,"Charleston-North Charleston, SC",Charleston
2003-01-01,28753,SC,"Charleston-North Charleston, SC",Charleston
2004-01-01,30459,SC,"Charleston-North Charleston, SC",Charleston
2005-01-01,32678,SC,"Charleston-North Charleston, SC",Charleston
2006-01-01,34597,SC,"Charleston-North Charleston, SC",Charleston
2007-01-01,36646,SC,"Charleston-North Charleston, SC",Charleston
2008-01-01,36723,SC,"Charleston-North Charleston, SC",Charleston
2009-01-01,34994,SC,"Charleston-North Charleston, SC",Charleston
2010-01-01,37038,SC,"Charleston-North Charleston, SC",Charleston
2011-01-01,39385,SC,"Charleston-North Charleston, SC",Charleston
2012-01-01,42196,SC,"Charleston-North Charleston, SC",Charleston
2013-01-01,41155,SC,"Charleston-North Charleston, SC",Charleston
2014-01-01,43622,SC,"Charleston-North Charleston, SC",Charleston
2015-01-01,45721,SC,"Charleston-North Charleston, SC",Charleston
2016-01-01,47233,SC,"Charleston-North Charleston, SC",Charleston
2017-01-01,49043,SC,"Charleston-North Charleston, SC",Charleston
2018-01-01,50814,SC,"Charleston-North Charleston, SC",Charleston
2019-01-01,53279,SC,"Charleston-North Charleston, SC",Charleston
2020-01-01,55321,SC,"Charleston-North Charleston, SC",Charleston
1969-01-01,3444,UT,"Ogden-Clearfield, UT",Ogden
1970-01-01,3747,UT,"Ogden-Clearfield, UT",Ogden
1971-01-01,4165,UT,"Ogden-Clearfield, UT",Ogden
1972-01-01,4379,UT,"Ogden-Clearfield, UT",Ogden
1973-01-01,4675,UT,"Ogden-Clearfield, UT",Ogden
1974-01-01,5109,UT,"Ogden-Clearfield, UT",Ogden
1975-01-01,5487,UT,"Ogden-Clearfield, UT",Ogden
1976-01-01,6012,UT,"Ogden-Clearfield, UT",Ogden
1977-01-01,6489,UT,"Ogden-Clearfield, UT",Ogden
1978-01-01,7217,UT,"Ogden-Clearfield, UT",Ogden
1979-01-01,7866,UT,"Ogden-Clearfield, UT",Ogden
1980-01-01,8543,UT,"Ogden-Clearfield, UT",Ogden
1981-01-01,9342,UT,"Ogden-Clearfield, UT",Ogden
1982-01-01,9940,UT,"Ogden-Clearfield, UT",Ogden
1983-01-01,10511,UT,"Ogden-Clearfield, UT",Ogden
1984-01-01,11429,UT,"Ogden-Clearfield, UT",Ogden
1985-01-01,12272,UT,"Ogden-Clearfield, UT",Ogden
1986-01-01,12792,UT,"Ogden-Clearfield, UT",Ogden
1987-01-01,13093,UT,"Ogden-Clearfield, UT",Ogden
1988-01-01,13803,UT,"Ogden-Clearfield, UT",Ogden
1989-01-01,14635,UT,"Ogden-Clearfield, UT",Ogden
1990-01-01,15679,UT,"Ogden-Clearfield, UT",Ogden
1991-01-01,16257,UT,"Ogden-Clearfield, UT",Ogden
1992-01-01,17021,UT,"Ogden-Clearfield, UT",Ogden
1993-01-01,17675,UT,"Ogden-Clearfield, UT",Ogden
1994-01-01,18362,UT,"Ogden-Clearfield, UT",Ogden
1995-01-01,19428,UT,"Ogden-Clearfield, UT",Ogden
1996-01-01,20530,UT,"Ogden-Clearfield, UT",Ogden
1997-01-01,21643,UT,"Ogden-Clearfield, UT",Ogden
1998-01-01,22613,UT,"Ogden-Clearfield, UT",Ogden
1999-01-01,23222,UT,"Ogden-Clearfield, UT",Ogden
2000-01-01,24318,UT,"Ogden-Clearfield, UT",Ogden
2001-01-01,25556,UT,"Ogden-Clearfield, UT",Ogden
2002-01-01,25991,UT,"Ogden-Clearfield, UT",Ogden
2003-01-01,26754,UT,"Ogden-Clearfield, UT",Ogden
2004-01-01,27564,UT,"Ogden-Clearfield, UT",Ogden
2005-01-01,28989,UT,"Ogden-Clearfield, UT",Ogden
2006-01-01,31078,UT,"Ogden-Clearfield, UT",Ogden
2007-01-01,33097,UT,"Ogden-Clearfield, UT",Ogden
2008-01-01,33595,UT,"Ogden-Clearfield, UT",Ogden
2009-01-01,32104,UT,"Ogden-Clearfield, UT",Ogden
2010-01-01,32306,UT,"Ogden-Clearfield, UT",Ogden
2011-01-01,34137,UT,"Ogden-Clearfield, UT",Ogden
2012-01-01,35550,UT,"Ogden-Clearfield, UT",Ogden
2013-01-01,35650,UT,"Ogden-Clearfield, UT",Ogden
2014-01-01,37013,UT,"Ogden-Clearfield, UT",Ogden
2015-01-01,38768,UT,"Ogden-Clearfield, UT",Ogden
2016-01-01,40157,UT,"Ogden-Clearfield, UT",Ogden
2017-01-01,41573,UT,"Ogden-Clearfield, UT",Ogden
2018-01-01,43682,UT,"Ogden-Clearfield, UT",Ogden
2019-01-01,46201,UT,"Ogden-Clearfield, UT",Ogden
2020-01-01,49371,UT,"Ogden-Clearfield, UT",Ogden
1969-01-01,3881,KS,"Wichita, KS",Wichita
1970-01-01,4053,KS,"Wichita, KS",Wichita
1971-01-01,4324,KS,"Wichita, KS",Wichita
1972-01-01,4849,KS,"Wichita, KS",Wichita
1973-01-01,5402,KS,"Wichita, KS",Wichita
1974-01-01,5994,KS,"Wichita, KS",Wichita
1975-01-01,6694,KS,"Wichita, KS",Wichita
1976-01-01,7247,KS,"Wichita, KS",Wichita
1977-01-01,7776,KS,"Wichita, KS",Wichita
1978-01-01,8781,KS,"Wichita, KS",Wichita
1979-01-01,9965,KS,"Wichita, KS",Wichita
1980-01-01,11121,KS,"Wichita, KS",Wichita
1981-01-01,12410,KS,"Wichita, KS",Wichita
1982-01-01,13111,KS,"Wichita, KS",Wichita
1983-01-01,13460,KS,"Wichita, KS",Wichita
1984-01-01,14649,KS,"Wichita, KS",Wichita
1985-01-01,15142,KS,"Wichita, KS",Wichita
1986-01-01,16053,KS,"Wichita, KS",Wichita
1987-01-01,16591,KS,"Wichita, KS",Wichita
1988-01-01,17458,KS,"Wichita, KS",Wichita
1989-01-01,18355,KS,"Wichita, KS",Wichita
1990-01-01,19378,KS,"Wichita, KS",Wichita
1991-01-01,20129,KS,"Wichita, KS",Wichita
1992-01-01,21163,KS,"Wichita, KS",Wichita
1993-01-01,21721,KS,"Wichita, KS",Wichita
1994-01-01,22071,KS,"Wichita, KS",Wichita
1995-01-01,23289,KS,"Wichita, KS",Wichita
1996-01-01,24800,KS,"Wichita, KS",Wichita
1997-01-01,26594,KS,"Wichita, KS",Wichita
1998-01-01,27722,KS,"Wichita, KS",Wichita
1999-01-01,27764,KS,"Wichita, KS",Wichita
2000-01-01,28903,KS,"Wichita, KS",Wichita
2001-01-01,30649,KS,"Wichita, KS",Wichita
2002-01-01,30485,KS,"Wichita, KS",Wichita
2003-01-01,30554,KS,"Wichita, KS",Wichita
2004-01-01,31894,KS,"Wichita, KS",Wichita
2005-01-01,33189,KS,"Wichita, KS",Wichita
2006-01-01,37129,KS,"Wichita, KS",Wichita
2007-01-01,38705,KS,"Wichita, KS",Wichita
2008-01-01,42371,KS,"Wichita, KS",Wichita
2009-01-01,39484,KS,"Wichita, KS",Wichita
2010-01-01,39162,KS,"Wichita, KS",Wichita
2011-01-01,43669,KS,"Wichita, KS",Wichita
2012-01-01,45948,KS,"Wichita, KS",Wichita
2013-01-01,46555,KS,"Wichita, KS",Wichita
2014-01-01,48866,KS,"Wichita, KS",Wichita
2015-01-01,47410,KS,"Wichita, KS",Wichita
2016-01-01,46583,KS,"Wichita, KS",Wichita
2017-01-01,48780,KS,"Wichita, KS",Wichita
2018-01-01,50308,KS,"Wichita, KS",Wichita
2019-01-01,52706,KS,"Wichita, KS",Wichita
2020-01-01,55000,KS,"Wichita, KS",Wichita
1969-01-01,2674,SC,"Myrtle Beach-Conway-North Myrtle Beach, SC-NC",Myrtle Beach
1970-01-01,2993,SC,"Myrtle Beach-Conway-North Myrtle Beach, SC-NC",Myrtle Beach
1971-01-01,3312,SC,"Myrtle Beach-Conway-North Myrtle Beach, SC-NC",Myrtle Beach
1972-01-01,3652,SC,"Myrtle Beach-Conway-North Myrtle Beach, SC-NC",Myrtle Beach
1973-01-01,3977,SC,"Myrtle Beach-Conway-North Myrtle Beach, SC-NC",Myrtle Beach
1974-01-01,4337,SC,"Myrtle Beach-Conway-North Myrtle Beach, SC-NC",Myrtle Beach
1975-01-01,4743,SC,"Myrtle Beach-Conway-North Myrtle Beach, SC-NC",Myrtle Beach
1976-01-01,5035,SC,"Myrtle Beach-Conway-North Myrtle Beach, SC-NC",Myrtle Beach
1977-01-01,5532,SC,"Myrtle Beach-Conway-North Myrtle Beach, SC-NC",Myrtle Beach
1978-01-01,6277,SC,"Myrtle Beach-Conway-North Myrtle Beach, SC-NC",Myrtle Beach
1979-01-01,6798,SC,"Myrtle Beach-Conway-North Myrtle Beach, SC-NC",Myrtle Beach
1980-01-01,7524,SC,"Myrtle Beach-Conway-North Myrtle Beach, SC-NC",Myrtle Beach
1981-01-01,8415,SC,"Myrtle Beach-Conway-North Myrtle Beach, SC-NC",Myrtle Beach
1982-01-01,9028,SC,"Myrtle Beach-Conway-North Myrtle Beach, SC-NC",Myrtle Beach
1983-01-01,9926,SC,"Myrtle Beach-Conway-North Myrtle Beach, SC-NC",Myrtle Beach
1984-01-01,10757,SC,"Myrtle Beach-Conway-North Myrtle Beach, SC-NC",Myrtle Beach
1985-01-01,11420,SC,"Myrtle Beach-Conway-North Myrtle Beach, SC-NC",Myrtle Beach
1986-01-01,11911,SC,"Myrtle Beach-Conway-North Myrtle Beach, SC-NC",Myrtle Beach
1987-01-01,12638,SC,"Myrtle Beach-Conway-North Myrtle Beach, SC-NC",Myrtle Beach
1988-01-01,13576,SC,"Myrtle Beach-Conway-North Myrtle Beach, SC-NC",Myrtle Beach
1989-01-01,14744,SC,"Myrtle Beach-Conway-North Myrtle Beach, SC-NC",Myrtle Beach
1990-01-01,15402,SC,"Myrtle Beach-Conway-North Myrtle Beach, SC-NC",Myrtle Beach
1991-01-01,15846,SC,"Myrtle Beach-Conway-North Myrtle Beach, SC-NC",Myrtle Beach
1992-01-01,16443,SC,"Myrtle Beach-Conway-North Myrtle Beach, SC-NC",Myrtle Beach
1993-01-01,17197,SC,"Myrtle Beach-Conway-North Myrtle Beach, SC-NC",Myrtle Beach
1994-01-01,18150,SC,"Myrtle Beach-Conway-North Myrtle Beach, SC-NC",Myrtle Beach
1995-01-01,19350,SC,"Myrtle Beach-Conway-North Myrtle Beach, SC-NC",Myrtle Beach
1996-01-01,20452,SC,"Myrtle Beach-Conway-North Myrtle Beach, SC-NC",Myrtle Beach
1997-01-01,21574,SC,"Myrtle Beach-Conway-North Myrtle Beach, SC-NC",Myrtle Beach
1998-01-01,22516,SC,"Myrtle Beach-Conway-North Myrtle Beach, SC-NC",Myrtle Beach
1999-01-01,23315,SC,"Myrtle Beach-Conway-North Myrtle Beach, SC-NC",Myrtle Beach
2000-01-01,24234,SC,"Myrtle Beach-Conway-North Myrtle Beach, SC-NC",Myrtle Beach
2001-01-01,24699,SC,"Myrtle Beach-Conway-North Myrtle Beach, SC-NC",Myrtle Beach
2002-01-01,24699,SC,"Myrtle Beach-Conway-North Myrtle Beach, SC-NC",Myrtle Beach
2003-01-01,25634,SC,"Myrtle Beach-Conway-North Myrtle Beach, SC-NC",Myrtle Beach
2004-01-01,27422,SC,"Myrtle Beach-Conway-North Myrtle Beach, SC-NC",Myrtle Beach
2005-01-01,28799,SC,"Myrtle Beach-Conway-North Myrtle Beach, SC-NC",Myrtle Beach
2006-01-01,30136,SC,"Myrtle Beach-Conway-North Myrtle Beach, SC-NC",Myrtle Beach
2007-01-01,30917,SC,"Myrtle Beach-Conway-North Myrtle Beach, SC-NC",Myrtle Beach
2008-01-01,31193,SC,"Myrtle Beach-Conway-North Myrtle Beach, SC-NC",Myrtle Beach
2009-01-01,30469,SC,"Myrtle Beach-Conway-North Myrtle Beach, SC-NC",Myrtle Beach
2010-01-01,30619,SC,"Myrtle Beach-Conway-North Myrtle Beach, SC-NC",Myrtle Beach
2011-01-01,31472,SC,"Myrtle Beach-Conway-North Myrtle Beach, SC-NC",Myrtle Beach
2012-01-01,32424,SC,"Myrtle Beach-Conway-North Myrtle Beach, SC-NC",Myrtle Beach
2013-01-01,33020,SC,"Myrtle Beach-Conway-North Myrtle Beach, SC-NC",Myrtle Beach
2014-01-01,34548,SC,"Myrtle Beach-Conway-North Myrtle Beach, SC-NC",Myrtle Beach
2015-01-01,36238,SC,"Myrtle Beach-Conway-North Myrtle Beach, SC-NC",Myrtle Beach
2016-01-01,37413,SC,"Myrtle Beach-Conway-North Myrtle Beach, SC-NC",Myrtle Beach
2017-01-01,38530,SC,"Myrtle Beach-Conway-North Myrtle Beach, SC-NC",Myrtle Beach
2018-01-01,39867,SC,"Myrtle Beach-Conway-North Myrtle Beach, SC-NC",Myrtle Beach
2019-01-01,41213,SC,"Myrtle Beach-Conway-North Myrtle Beach, SC-NC",Myrtle Beach
2020-01-01,43477,SC,"Myrtle Beach-Conway-North Myrtle Beach, SC-NC",Myrtle Beach
1969-01-01,4475,NJ,"Trenton-Princeton, NJ",Trenton
1970-01-01,4924,NJ,"Trenton-Princeton, NJ",Trenton
1971-01-01,5351,NJ,"Trenton-Princeton, NJ",Trenton
1972-01-01,5842,NJ,"Trenton-Princeton, NJ",Trenton
1973-01-01,6440,NJ,"Trenton-Princeton, NJ",Trenton
1974-01-01,7011,NJ,"Trenton-Princeton, NJ",Trenton
1975-01-01,7550,NJ,"Trenton-Princeton, NJ",Trenton
1976-01-01,8298,NJ,"Trenton-Princeton, NJ",Trenton
1977-01-01,9074,NJ,"Trenton-Princeton, NJ",Trenton
1978-01-01,9923,NJ,"Trenton-Princeton, NJ",Trenton
1979-01-01,10899,NJ,"Trenton-Princeton, NJ",Trenton
1980-01-01,12173,NJ,"Trenton-Princeton, NJ",Trenton
1981-01-01,13512,NJ,"Trenton-Princeton, NJ",Trenton
1982-01-01,14658,NJ,"Trenton-Princeton, NJ",Trenton
1983-01-01,15513,NJ,"Trenton-Princeton, NJ",Trenton
1984-01-01,17187,NJ,"Trenton-Princeton, NJ",Trenton
1985-01-01,18342,NJ,"Trenton-Princeton, NJ",Trenton
1986-01-01,19483,NJ,"Trenton-Princeton, NJ",Trenton
1987-01-01,20880,NJ,"Trenton-Princeton, NJ",Trenton
1988-01-01,22958,NJ,"Trenton-Princeton, NJ",Trenton
1989-01-01,25000,NJ,"Trenton-Princeton, NJ",Trenton
1990-01-01,26639,NJ,"Trenton-Princeton, NJ",Trenton
1991-01-01,26982,NJ,"Trenton-Princeton, NJ",Trenton
1992-01-01,28783,NJ,"Trenton-Princeton, NJ",Trenton
1993-01-01,29085,NJ,"Trenton-Princeton, NJ",Trenton
1994-01-01,29906,NJ,"Trenton-Princeton, NJ",Trenton
1995-01-01,31126,NJ,"Trenton-Princeton, NJ",Trenton
1996-01-01,32569,NJ,"Trenton-Princeton, NJ",Trenton
1997-01-01,34190,NJ,"Trenton-Princeton, NJ",Trenton
1998-01-01,36199,NJ,"Trenton-Princeton, NJ",Trenton
1999-01-01,37467,NJ,"Trenton-Princeton, NJ",Trenton
2000-01-01,41045,NJ,"Trenton-Princeton, NJ",Trenton
2001-01-01,44777,NJ,"Trenton-Princeton, NJ",Trenton
2002-01-01,45923,NJ,"Trenton-Princeton, NJ",Trenton
2003-01-01,46913,NJ,"Trenton-Princeton, NJ",Trenton
2004-01-01,47256,NJ,"Trenton-Princeton, NJ",Trenton
2005-01-01,48377,NJ,"Trenton-Princeton, NJ",Trenton
2006-01-01,51706,NJ,"Trenton-Princeton, NJ",Trenton
2007-01-01,54355,NJ,"Trenton-Princeton, NJ",Trenton
2008-01-01,55770,NJ,"Trenton-Princeton, NJ",Trenton
2009-01-01,52079,NJ,"Trenton-Princeton, NJ",Trenton
2010-01-01,52934,NJ,"Trenton-Princeton, NJ",Trenton
2011-01-01,55947,NJ,"Trenton-Princeton, NJ",Trenton
2012-01-01,58702,NJ,"Trenton-Princeton, NJ",Trenton
2013-01-01,57503,NJ,"Trenton-Princeton, NJ",Trenton
2014-01-01,61500,NJ,"Trenton-Princeton, NJ",Trenton
2015-01-01,62788,NJ,"Trenton-Princeton, NJ",Trenton
2016-01-01,63905,NJ,"Trenton-Princeton, NJ",Trenton
2017-01-01,65247,NJ,"Trenton-Princeton, NJ",Trenton
2018-01-01,68052,NJ,"Trenton-Princeton, NJ",Trenton
2019-01-01,70675,NJ,"Trenton-Princeton, NJ",Trenton
2020-01-01,74218,NJ,"Trenton-Princeton, NJ",Trenton
1969-01-01,3888,NE,"Lincoln, NE",Lincoln
1970-01-01,4153,NE,"Lincoln, NE",Lincoln
1971-01-01,4446,NE,"Lincoln, NE",Lincoln
1972-01-01,4705,NE,"Lincoln, NE",Lincoln
1973-01-01,5280,NE,"Lincoln, NE",Lincoln
1974-01-01,5756,NE,"Lincoln, NE",Lincoln
1975-01-01,6552,NE,"Lincoln, NE",Lincoln
1976-01-01,7145,NE,"Lincoln, NE",Lincoln
1977-01-01,7743,NE,"Lincoln, NE",Lincoln
1978-01-01,8711,NE,"Lincoln, NE",Lincoln
1979-01-01,9453,NE,"Lincoln, NE",Lincoln
1980-01-01,10007,NE,"Lincoln, NE",Lincoln
1981-01-01,11185,NE,"Lincoln, NE",Lincoln
1982-01-01,12089,NE,"Lincoln, NE",Lincoln
1983-01-01,12546,NE,"Lincoln, NE",Lincoln
1984-01-01,13523,NE,"Lincoln, NE",Lincoln
1985-01-01,14351,NE,"Lincoln, NE",Lincoln
1986-01-01,14896,NE,"Lincoln, NE",Lincoln
1987-01-01,15660,NE,"Lincoln, NE",Lincoln
1988-01-01,16693,NE,"Lincoln, NE",Lincoln
1989-01-01,17630,NE,"Lincoln, NE",Lincoln
1990-01-01,18696,NE,"Lincoln, NE",Lincoln
1991-01-01,19337,NE,"Lincoln, NE",Lincoln
1992-01-01,20337,NE,"Lincoln, NE",Lincoln
1993-01-01,20931,NE,"Lincoln, NE",Lincoln
1994-01-01,22283,NE,"Lincoln, NE",Lincoln
1995-01-01,23473,NE,"Lincoln, NE",Lincoln
1996-01-01,24759,NE,"Lincoln, NE",Lincoln
1997-01-01,25547,NE,"Lincoln, NE",Lincoln
1998-01-01,27362,NE,"Lincoln, NE",Lincoln
1999-01-01,28543,NE,"Lincoln, NE",Lincoln
2000-01-01,30564,NE,"Lincoln, NE",Lincoln
2001-01-01,30911,NE,"Lincoln, NE",Lincoln
2002-01-01,31800,NE,"Lincoln, NE",Lincoln
2003-01-01,32672,NE,"Lincoln, NE",Lincoln
2004-01-01,33666,NE,"Lincoln, NE",Lincoln
2005-01-01,34560,NE,"Lincoln, NE",Lincoln
2006-01-01,36072,NE,"Lincoln, NE",Lincoln
2007-01-01,37662,NE,"Lincoln, NE",Lincoln
2008-01-01,39062,NE,"Lincoln, NE",Lincoln
2009-01-01,37963,NE,"Lincoln, NE",Lincoln
2010-01-01,38888,NE,"Lincoln, NE",Lincoln
2011-01-01,40598,NE,"Lincoln, NE",Lincoln
2012-01-01,42498,NE,"Lincoln, NE",Lincoln
2013-01-01,42246,NE,"Lincoln, NE",Lincoln
2014-01-01,43577,NE,"Lincoln, NE",Lincoln
2015-01-01,45373,NE,"Lincoln, NE",Lincoln
2016-01-01,45679,NE,"Lincoln, NE",Lincoln
2017-01-01,47432,NE,"Lincoln, NE",Lincoln
2018-01-01,49479,NE,"Lincoln, NE",Lincoln
2019-01-01,50565,NE,"Lincoln, NE",Lincoln
2020-01-01,53057,NE,"Lincoln, NE",Lincoln
1969-01-01,4124,IL,"Rockford, IL",Rockford
1970-01-01,4259,IL,"Rockford, IL",Rockford
1971-01-01,4510,IL,"Rockford, IL",Rockford
1972-01-01,4961,IL,"Rockford, IL",Rockford
1973-01-01,5535,IL,"Rockford, IL",Rockford
1974-01-01,5992,IL,"Rockford, IL",Rockford
1975-01-01,6443,IL,"Rockford, IL",Rockford
1976-01-01,7132,IL,"Rockford, IL",Rockford
1977-01-01,7831,IL,"Rockford, IL",Rockford
1978-01-01,8719,IL,"Rockford, IL",Rockford
1979-01-01,9629,IL,"Rockford, IL",Rockford
1980-01-01,10272,IL,"Rockford, IL",Rockford
1981-01-01,11385,IL,"Rockford, IL",Rockford
1982-01-01,11815,IL,"Rockford, IL",Rockford
1983-01-01,12289,IL,"Rockford, IL",Rockford
1984-01-01,13770,IL,"Rockford, IL",Rockford
1985-01-01,14478,IL,"Rockford, IL",Rockford
1986-01-01,15287,IL,"Rockford, IL",Rockford
1987-01-01,16056,IL,"Rockford, IL",Rockford
1988-01-01,17472,IL,"Rockford, IL",Rockford
1989-01-01,18568,IL,"Rockford, IL",Rockford
1990-01-01,18992,IL,"Rockford, IL",Rockford
1991-01-01,18964,IL,"Rockford, IL",Rockford
1992-01-01,20164,IL,"Rockford, IL",Rockford
1993-01-01,20664,IL,"Rockford, IL",Rockford
1994-01-01,21980,IL,"Rockford, IL",Rockford
1995-01-01,23246,IL,"Rockford, IL",Rockford
1996-01-01,24080,IL,"Rockford, IL",Rockford
1997-01-01,24931,IL,"Rockford, IL",Rockford
1998-01-01,25969,IL,"Rockford, IL",Rockford
1999-01-01,26724,IL,"Rockford, IL",Rockford
2000-01-01,27636,IL,"Rockford, IL",Rockford
2001-01-01,27887,IL,"Rockford, IL",Rockford
2002-01-01,28384,IL,"Rockford, IL",Rockford
2003-01-01,28914,IL,"Rockford, IL",Rockford
2004-01-01,29426,IL,"Rockford, IL",Rockford
2005-01-01,30359,IL,"Rockford, IL",Rockford
2006-01-01,32323,IL,"Rockford, IL",Rockford
2007-01-01,33640,IL,"Rockford, IL",Rockford
2008-01-01,34129,IL,"Rockford, IL",Rockford
2009-01-01,33056,IL,"Rockford, IL",Rockford
2010-01-01,33878,IL,"Rockford, IL",Rockford
2011-01-01,35238,IL,"Rockford, IL",Rockford
2012-01-01,36282,IL,"Rockford, IL",Rockford
2013-01-01,37251,IL,"Rockford, IL",Rockford
2014-01-01,38428,IL,"Rockford, IL",Rockford
2015-01-01,40152,IL,"Rockford, IL",Rockford
2016-01-01,40430,IL,"Rockford, IL",Rockford
2017-01-01,42084,IL,"Rockford, IL",Rockford
2018-01-01,43824,IL,"Rockford, IL",Rockford
2019-01-01,44621,IL,"Rockford, IL",Rockford
2020-01-01,47982,IL,"Rockford, IL",Rockford
1969-01-01,3843,WA,"Kennewick-Richland, WA",Kennewick
1970-01-01,4090,WA,"Kennewick-Richland, WA",Kennewick
1971-01-01,4289,WA,"Kennewick-Richland, WA",Kennewick
1972-01-01,4753,WA,"Kennewick-Richland, WA",Kennewick
1973-01-01,5501,WA,"Kennewick-Richland, WA",Kennewick
1974-01-01,6431,WA,"Kennewick-Richland, WA",Kennewick
1975-01-01,7282,WA,"Kennewick-Richland, WA",Kennewick
1976-01-01,7601,WA,"Kennewick-Richland, WA",Kennewick
1977-01-01,8375,WA,"Kennewick-Richland, WA",Kennewick
1978-01-01,9510,WA,"Kennewick-Richland, WA",Kennewick
1979-01-01,10286,WA,"Kennewick-Richland, WA",Kennewick
1980-01-01,10957,WA,"Kennewick-Richland, WA",Kennewick
1981-01-01,12592,WA,"Kennewick-Richland, WA",Kennewick
1982-01-01,12745,WA,"Kennewick-Richland, WA",Kennewick
1983-01-01,13322,WA,"Kennewick-Richland, WA",Kennewick
1984-01-01,13418,WA,"Kennewick-Richland, WA",Kennewick
1985-01-01,13707,WA,"Kennewick-Richland, WA",Kennewick
1986-01-01,14350,WA,"Kennewick-Richland, WA",Kennewick
1987-01-01,14753,WA,"Kennewick-Richland, WA",Kennewick
1988-01-01,15281,WA,"Kennewick-Richland, WA",Kennewick
1989-01-01,16404,WA,"Kennewick-Richland, WA",Kennewick
1990-01-01,17399,WA,"Kennewick-Richland, WA",Kennewick
1991-01-01,18457,WA,"Kennewick-Richland, WA",Kennewick
1992-01-01,19825,WA,"Kennewick-Richland, WA",Kennewick
1993-01-01,21175,WA,"Kennewick-Richland, WA",Kennewick
1994-01-01,21875,WA,"Kennewick-Richland, WA",Kennewick
1995-01-01,21659,WA,"Kennewick-Richland, WA",Kennewick
1996-01-01,22316,WA,"Kennewick-Richland, WA",Kennewick
1997-01-01,22570,WA,"Kennewick-Richland, WA",Kennewick
1998-01-01,23337,WA,"Kennewick-Richland, WA",Kennewick
1999-01-01,24035,WA,"Kennewick-Richland, WA",Kennewick
2000-01-01,25362,WA,"Kennewick-Richland, WA",Kennewick
2001-01-01,26952,WA,"Kennewick-Richland, WA",Kennewick
2002-01-01,27554,WA,"Kennewick-Richland, WA",Kennewick
2003-01-01,28636,WA,"Kennewick-Richland, WA",Kennewick
2004-01-01,29612,WA,"Kennewick-Richland, WA",Kennewick
2005-01-01,30050,WA,"Kennewick-Richland, WA",Kennewick
2006-01-01,30431,WA,"Kennewick-Richland, WA",Kennewick
2007-01-01,32927,WA,"Kennewick-Richland, WA",Kennewick
2008-01-01,34861,WA,"Kennewick-Richland, WA",Kennewick
2009-01-01,35708,WA,"Kennewick-Richland, WA",Kennewick
2010-01-01,37640,WA,"Kennewick-Richland, WA",Kennewick
2011-01-01,38982,WA,"Kennewick-Richland, WA",Kennewick
2012-01-01,38139,WA,"Kennewick-Richland, WA",Kennewick
2013-01-01,37800,WA,"Kennewick-Richland, WA",Kennewick
2014-01-01,38931,WA,"Kennewick-Richland, WA",Kennewick
2015-01-01,41302,WA,"Kennewick-Richland, WA",Kennewick
2016-01-01,41884,WA,"Kennewick-Richland, WA",Kennewick
2017-01-01,42543,WA,"Kennewick-Richland, WA",Kennewick
2018-01-01,43203,WA,"Kennewick-Richland, WA",Kennewick
2019-01-01,45361,WA,"Kennewick-Richland, WA",Kennewick
2020-01-01,49042,WA,"Kennewick-Richland, WA",Kennewick
1969-01-01,3559,VT,"Burlington-South Burlington, VT",Burlington
1970-01-01,3834,VT,"Burlington-South Burlington, VT",Burlington
1971-01-01,4048,VT,"Burlington-South Burlington, VT",Burlington
1972-01-01,4314,VT,"Burlington-South Burlington, VT",Burlington
1973-01-01,4650,VT,"Burlington-South Burlington, VT",Burlington
1974-01-01,4985,VT,"Burlington-South Burlington, VT",Burlington
1975-01-01,5509,VT,"Burlington-South Burlington, VT",Burlington
1976-01-01,6067,VT,"Burlington-South Burlington, VT",Burlington
1977-01-01,6513,VT,"Burlington-South Burlington, VT",Burlington
1978-01-01,7478,VT,"Burlington-South Burlington, VT",Burlington
1979-01-01,8350,VT,"Burlington-South Burlington, VT",Burlington
1980-01-01,9191,VT,"Burlington-South Burlington, VT",Burlington
1981-01-01,10332,VT,"Burlington-South Burlington, VT",Burlington
1982-01-01,11145,VT,"Burlington-South Burlington, VT",Burlington
1983-01-01,11936,VT,"Burlington-South Burlington, VT",Burlington
1984-01-01,13024,VT,"Burlington-South Burlington, VT",Burlington
1985-01-01,14129,VT,"Burlington-South Burlington, VT",Burlington
1986-01-01,15050,VT,"Burlington-South Burlington, VT",Burlington
1987-01-01,16147,VT,"Burlington-South Burlington, VT",Burlington
1988-01-01,17443,VT,"Burlington-South Burlington, VT",Burlington
1989-01-01,19127,VT,"Burlington-South Burlington, VT",Burlington
1990-01-01,19813,VT,"Burlington-South Burlington, VT",Burlington
1991-01-01,20141,VT,"Burlington-South Burlington, VT",Burlington
1992-01-01,21261,VT,"Burlington-South Burlington, VT",Burlington
1993-01-01,21876,VT,"Burlington-South Burlington, VT",Burlington
1994-01-01,22355,VT,"Burlington-South Burlington, VT",Burlington
1995-01-01,23568,VT,"Burlington-South Burlington, VT",Burlington
1996-01-01,24820,VT,"Burlington-South Burlington, VT",Burlington
1997-01-01,25908,VT,"Burlington-South Burlington, VT",Burlington
1998-01-01,27763,VT,"Burlington-South Burlington, VT",Burlington
1999-01-01,29360,VT,"Burlington-South Burlington, VT",Burlington
2000-01-01,31653,VT,"Burlington-South Burlington, VT",Burlington
2001-01-01,32958,VT,"Burlington-South Burlington, VT",Burlington
2002-01-01,33478,VT,"Burlington-South Burlington, VT",Burlington
2003-01-01,34938,VT,"Burlington-South Burlington, VT",Burlington
2004-01-01,36549,VT,"Burlington-South Burlington, VT",Burlington
2005-01-01,37414,VT,"Burlington-South Burlington, VT",Burlington
2006-01-01,39571,VT,"Burlington-South Burlington, VT",Burlington
2007-01-01,41476,VT,"Burlington-South Burlington, VT",Burlington
2008-01-01,43920,VT,"Burlington-South Burlington, VT",Burlington
2009-01-01,43117,VT,"Burlington-South Burlington, VT",Burlington
2010-01-01,44162,VT,"Burlington-South Burlington, VT",Burlington
2011-01-01,47126,VT,"Burlington-South Burlington, VT",Burlington
2012-01-01,48604,VT,"Burlington-South Burlington, VT",Burlington
2013-01-01,49538,VT,"Burlington-South Burlington, VT",Burlington
2014-01-01,51866,VT,"Burlington-South Burlington, VT",Burlington
2015-01-01,52895,VT,"Burlington-South Burlington, VT",Burlington
2016-01-01,54126,VT,"Burlington-South Burlington, VT",Burlington
2017-01-01,55352,VT,"Burlington-South Burlington, VT",Burlington
2018-01-01,56799,VT,"Burlington-South Burlington, VT",Burlington
2019-01-01,58650,VT,"Burlington-South Burlington, VT",Burlington
2020-01-01,61802,VT,"Burlington-South Burlington, VT",Burlington
1969-01-01,3323,VA,"Charlottesville, VA",Charlottesville
1970-01-01,3549,VA,"Charlottesville, VA",Charlottesville
1971-01-01,3827,VA,"Charlottesville, VA",Charlottesville
1972-01-01,4160,VA,"Charlottesville, VA",Charlottesville
1973-01-01,4649,VA,"Charlottesville, VA",Charlottesville
1974-01-01,5057,VA,"Charlottesville, VA",Charlottesville
1975-01-01,5352,VA,"Charlottesville, VA",Charlottesville
1976-01-01,5893,VA,"Charlottesville, VA",Charlottesville
1977-01-01,6411,VA,"Charlottesville, VA",Charlottesville
1978-01-01,7254,VA,"Charlottesville, VA",Charlottesville
1979-01-01,7921,VA,"Charlottesville, VA",Charlottesville
1980-01-01,8948,VA,"Charlottesville, VA",Charlottesville
1981-01-01,10042,VA,"Charlottesville, VA",Charlottesville
1982-01-01,10956,VA,"Charlottesville, VA",Charlottesville
1983-01-01,11814,VA,"Charlottesville, VA",Charlottesville
1984-01-01,13035,VA,"Charlottesville, VA",Charlottesville
1985-01-01,13884,VA,"Charlottesville, VA",Charlottesville
1986-01-01,14992,VA,"Charlottesville, VA",Charlottesville
1987-01-01,15931,VA,"Charlottesville, VA",Charlottesville
1988-01-01,17765,VA,"Charlottesville, VA",Charlottesville
1989-01-01,19063,VA,"Charlottesville, VA",Charlottesville
1990-01-01,20089,VA,"Charlottesville, VA",Charlottesville
1991-01-01,20905,VA,"Charlottesville, VA",Charlottesville
1992-01-01,22123,VA,"Charlottesville, VA",Charlottesville
1993-01-01,23229,VA,"Charlottesville, VA",Charlottesville
1994-01-01,24022,VA,"Charlottesville, VA",Charlottesville
1995-01-01,25357,VA,"Charlottesville, VA",Charlottesville
1996-01-01,26376,VA,"Charlottesville, VA",Charlottesville
1997-01-01,27891,VA,"Charlottesville, VA",Charlottesville
1998-01-01,29527,VA,"Charlottesville, VA",Charlottesville
1999-01-01,30468,VA,"Charlottesville, VA",Charlottesville
2000-01-01,32555,VA,"Charlottesville, VA",Charlottesville
2001-01-01,33728,VA,"Charlottesville, VA",Charlottesville
2002-01-01,33983,VA,"Charlottesville, VA",Charlottesville
2003-01-01,35877,VA,"Charlottesville, VA",Charlottesville
2004-01-01,37946,VA,"Charlottesville, VA",Charlottesville
2005-01-01,40068,VA,"Charlottesville, VA",Charlottesville
2006-01-01,43256,VA,"Charlottesville, VA",Charlottesville
2007-01-01,45353,VA,"Charlottesville, VA",Charlottesville
2008-01-01,46574,VA,"Charlottesville, VA",Charlottesville
2009-01-01,44282,VA,"Charlottesville, VA",Charlottesville
2010-01-01,46308,VA,"Charlottesville, VA",Charlottesville
2011-01-01,48287,VA,"Charlottesville, VA",Charlottesville
2012-01-01,51983,VA,"Charlottesville, VA",Charlottesville
2013-01-01,51400,VA,"Charlottesville, VA",Charlottesville
2014-01-01,53782,VA,"Charlottesville, VA",Charlottesville
2015-01-01,56630,VA,"Charlottesville, VA",Charlottesville
2016-01-01,59270,VA,"Charlottesville, VA",Charlottesville
2017-01-01,63529,VA,"Charlottesville, VA",Charlottesville
2018-01-01,66576,VA,"Charlottesville, VA",Charlottesville
2019-01-01,67809,VA,"Charlottesville, VA",Charlottesville
2020-01-01,69853,VA,"Charlottesville, VA",Charlottesville
1969-01-01,3119,GA,"Gainesville, GA",Gainesville
1970-01-01,3279,GA,"Gainesville, GA",Gainesville
1971-01-01,3419,GA,"Gainesville, GA",Gainesville
1972-01-01,3813,GA,"Gainesville, GA",Gainesville
1973-01-01,4187,GA,"Gainesville, GA",Gainesville
1974-01-01,4494,GA,"Gainesville, GA",Gainesville
1975-01-01,4884,GA,"Gainesville, GA",Gainesville
1976-01-01,5477,GA,"Gainesville, GA",Gainesville
1977-01-01,6064,GA,"Gainesville, GA",Gainesville
1978-01-01,6858,GA,"Gainesville, GA",Gainesville
1979-01-01,7537,GA,"Gainesville, GA",Gainesville
1980-01-01,8374,GA,"Gainesville, GA",Gainesville
1981-01-01,9229,GA,"Gainesville, GA",Gainesville
1982-01-01,9767,GA,"Gainesville, GA",Gainesville
1983-01-01,10524,GA,"Gainesville, GA",Gainesville
1984-01-01,12033,GA,"Gainesville, GA",Gainesville
1985-01-01,12891,GA,"Gainesville, GA",Gainesville
1986-01-01,13834,GA,"Gainesville, GA",Gainesville
1987-01-01,14363,GA,"Gainesville, GA",Gainesville
1988-01-01,15263,GA,"Gainesville, GA",Gainesville
1989-01-01,16218,GA,"Gainesville, GA",Gainesville
1990-01-01,16772,GA,"Gainesville, GA",Gainesville
1991-01-01,17003,GA,"Gainesville, GA",Gainesville
1992-01-01,17990,GA,"Gainesville, GA",Gainesville
1993-01-01,18819,GA,"Gainesville, GA",Gainesville
1994-01-01,19864,GA,"Gainesville, GA",Gainesville
1995-01-01,20421,GA,"Gainesville, GA",Gainesville
1996-01-01,21339,GA,"Gainesville, GA",Gainesville
1997-01-01,21731,GA,"Gainesville, GA",Gainesville
1998-01-01,23277,GA,"Gainesville, GA",Gainesville
1999-01-01,24489,GA,"Gainesville, GA",Gainesville
2000-01-01,25460,GA,"Gainesville, GA",Gainesville
2001-01-01,25907,GA,"Gainesville, GA",Gainesville
2002-01-01,26459,GA,"Gainesville, GA",Gainesville
2003-01-01,27869,GA,"Gainesville, GA",Gainesville
2004-01-01,29497,GA,"Gainesville, GA",Gainesville
2005-01-01,31013,GA,"Gainesville, GA",Gainesville
2006-01-01,31893,GA,"Gainesville, GA",Gainesville
2007-01-01,32487,GA,"Gainesville, GA",Gainesville
2008-01-01,31584,GA,"Gainesville, GA",Gainesville
2009-01-01,30651,GA,"Gainesville, GA",Gainesville
2010-01-01,31004,GA,"Gainesville, GA",Gainesville
2011-01-01,33174,GA,"Gainesville, GA",Gainesville
2012-01-01,33997,GA,"Gainesville, GA",Gainesville
2013-01-01,34720,GA,"Gainesville, GA",Gainesville
2014-01-01,36777,GA,"Gainesville, GA",Gainesville
2015-01-01,39460,GA,"Gainesville, GA",Gainesville
2016-01-01,40545,GA,"Gainesville, GA",Gainesville
2017-01-01,42743,GA,"Gainesville, GA",Gainesville
2018-01-01,44831,GA,"Gainesville, GA",Gainesville
2019-01-01,46409,GA,"Gainesville, GA",Gainesville
2020-01-01,48759,GA,"Gainesville, GA",Gainesville
1969-01-01,3311,FL,"Punta Gorda, FL",Punta Gorda
1970-01-01,3747,FL,"Punta Gorda, FL",Punta Gorda
1971-01-01,4119,FL,"Punta Gorda, FL",Punta Gorda
1972-01-01,4759,FL,"Punta Gorda, FL",Punta Gorda
1973-01-01,5107,FL,"Punta Gorda, FL",Punta Gorda
1974-01-01,5206,FL,"Punta Gorda, FL",Punta Gorda
1975-01-01,5517,FL,"Punta Gorda, FL",Punta Gorda
1976-01-01,6294,FL,"Punta Gorda, FL",Punta Gorda
1977-01-01,7024,FL,"Punta Gorda, FL",Punta Gorda
1978-01-01,7867,FL,"Punta Gorda, FL",Punta Gorda
1979-01-01,8502,FL,"Punta Gorda, FL",Punta Gorda
1980-01-01,9748,FL,"Punta Gorda, FL",Punta Gorda
1981-01-01,10974,FL,"Punta Gorda, FL",Punta Gorda
1982-01-01,11030,FL,"Punta Gorda, FL",Punta Gorda
1983-01-01,11820,FL,"Punta Gorda, FL",Punta Gorda
1984-01-01,12951,FL,"Punta Gorda, FL",Punta Gorda
1985-01-01,13820,FL,"Punta Gorda, FL",Punta Gorda
1986-01-01,14460,FL,"Punta Gorda, FL",Punta Gorda
1987-01-01,15032,FL,"Punta Gorda, FL",Punta Gorda
1988-01-01,16212,FL,"Punta Gorda, FL",Punta Gorda
1989-01-01,18019,FL,"Punta Gorda, FL",Punta Gorda
1990-01-01,17929,FL,"Punta Gorda, FL",Punta Gorda
1991-01-01,17764,FL,"Punta Gorda, FL",Punta Gorda
1992-01-01,18404,FL,"Punta Gorda, FL",Punta Gorda
1993-01-01,18911,FL,"Punta Gorda, FL",Punta Gorda
1994-01-01,19840,FL,"Punta Gorda, FL",Punta Gorda
1995-01-01,20709,FL,"Punta Gorda, FL",Punta Gorda
1996-01-01,21739,FL,"Punta Gorda, FL",Punta Gorda
1997-01-01,22845,FL,"Punta Gorda, FL",Punta Gorda
1998-01-01,24102,FL,"Punta Gorda, FL",Punta Gorda
1999-01-01,24685,FL,"Punta Gorda, FL",Punta Gorda
2000-01-01,26311,FL,"Punta Gorda, FL",Punta Gorda
2001-01-01,26753,FL,"Punta Gorda, FL",Punta Gorda
2002-01-01,26408,FL,"Punta Gorda, FL",Punta Gorda
2003-01-01,27127,FL,"Punta Gorda, FL",Punta Gorda
2004-01-01,28786,FL,"Punta Gorda, FL",Punta Gorda
2005-01-01,31131,FL,"Punta Gorda, FL",Punta Gorda
2006-01-01,33074,FL,"Punta Gorda, FL",Punta Gorda
2007-01-01,33960,FL,"Punta Gorda, FL",Punta Gorda
2008-01-01,33453,FL,"Punta Gorda, FL",Punta Gorda
2009-01-01,31792,FL,"Punta Gorda, FL",Punta Gorda
2010-01-01,32668,FL,"Punta Gorda, FL",Punta Gorda
2011-01-01,33880,FL,"Punta Gorda, FL",Punta Gorda
2012-01-01,34975,FL,"Punta Gorda, FL",Punta Gorda
2013-01-01,35259,FL,"Punta Gorda, FL",Punta Gorda
2014-01-01,37072,FL,"Punta Gorda, FL",Punta Gorda
2015-01-01,38722,FL,"Punta Gorda, FL",Punta Gorda
2016-01-01,39820,FL,"Punta Gorda, FL",Punta Gorda
2017-01-01,40852,FL,"Punta Gorda, FL",Punta Gorda
2018-01-01,42292,FL,"Punta Gorda, FL",Punta Gorda
2019-01-01,43549,FL,"Punta Gorda, FL",Punta Gorda
2020-01-01,45606,FL,"Punta Gorda, FL",Punta Gorda
1969-01-01,3230,CO,"Pueblo, CO",Pueblo
1970-01-01,3518,CO,"Pueblo, CO",Pueblo
1971-01-01,3811,CO,"Pueblo, CO",Pueblo
1972-01-01,4182,CO,"Pueblo, CO",Pueblo
1973-01-01,4646,CO,"Pueblo, CO",Pueblo
1974-01-01,5199,CO,"Pueblo, CO",Pueblo
1975-01-01,5649,CO,"Pueblo, CO",Pueblo
1976-01-01,6168,CO,"Pueblo, CO",Pueblo
1977-01-01,6665,CO,"Pueblo, CO",Pueblo
1978-01-01,7426,CO,"Pueblo, CO",Pueblo
1979-01-01,8164,CO,"Pueblo, CO",Pueblo
1980-01-01,8935,CO,"Pueblo, CO",Pueblo
1981-01-01,9935,CO,"Pueblo, CO",Pueblo
1982-01-01,10228,CO,"Pueblo, CO",Pueblo
1983-01-01,10356,CO,"Pueblo, CO",Pueblo
1984-01-01,11124,CO,"Pueblo, CO",Pueblo
1985-01-01,11752,CO,"Pueblo, CO",Pueblo
1986-01-01,12222,CO,"Pueblo, CO",Pueblo
1987-01-01,12385,CO,"Pueblo, CO",Pueblo
1988-01-01,13136,CO,"Pueblo, CO",Pueblo
1989-01-01,14083,CO,"Pueblo, CO",Pueblo
1990-01-01,14803,CO,"Pueblo, CO",Pueblo
1991-01-01,15465,CO,"Pueblo, CO",Pueblo
1992-01-01,16334,CO,"Pueblo, CO",Pueblo
1993-01-01,16991,CO,"Pueblo, CO",Pueblo
1994-01-01,17926,CO,"Pueblo, CO",Pueblo
1995-01-01,19274,CO,"Pueblo, CO",Pueblo
1996-01-01,19886,CO,"Pueblo, CO",Pueblo
1997-01-01,20982,CO,"Pueblo, CO",Pueblo
1998-01-01,21819,CO,"Pueblo, CO",Pueblo
1999-01-01,22563,CO,"Pueblo, CO",Pueblo
2000-01-01,23714,CO,"Pueblo, CO",Pueblo
2001-01-01,24282,CO,"Pueblo, CO",Pueblo
2002-01-01,24657,CO,"Pueblo, CO",Pueblo
2003-01-01,25343,CO,"Pueblo, CO",Pueblo
2004-01-01,26023,CO,"Pueblo, CO",Pueblo
2005-01-01,26536,CO,"Pueblo, CO",Pueblo
2006-01-01,27375,CO,"Pueblo, CO",Pueblo
2007-01-01,28946,CO,"Pueblo, CO",Pueblo
2008-01-01,28669,CO,"Pueblo, CO",Pueblo
2009-01-01,28621,CO,"Pueblo, CO",Pueblo
2010-01-01,29405,CO,"Pueblo, CO",Pueblo
2011-01-01,30454,CO,"Pueblo, CO",Pueblo
2012-01-01,31148,CO,"Pueblo, CO",Pueblo
2013-01-01,31707,CO,"Pueblo, CO",Pueblo
2014-01-01,33356,CO,"Pueblo, CO",Pueblo
2015-01-01,34751,CO,"Pueblo, CO",Pueblo
2016-01-01,35333,CO,"Pueblo, CO",Pueblo
2017-01-01,36226,CO,"Pueblo, CO",Pueblo
2018-01-01,37969,CO,"Pueblo, CO",Pueblo
2019-01-01,39533,CO,"Pueblo, CO",Pueblo
2020-01-01,43196,CO,"Pueblo, CO",Pueblo
1969-01-01,2682,WV,"Morgantown, WV",Morgantown
1970-01-01,2983,WV,"Morgantown, WV",Morgantown
1971-01-01,3271,WV,"Morgantown, WV",Morgantown
1972-01-01,3622,WV,"Morgantown, WV",Morgantown
1973-01-01,3791,WV,"Morgantown, WV",Morgantown
1974-01-01,4106,WV,"Morgantown, WV",Morgantown
1975-01-01,4685,WV,"Morgantown, WV",Morgantown
1976-01-01,5135,WV,"Morgantown, WV",Morgantown
1977-01-01,5659,WV,"Morgantown, WV",Morgantown
1978-01-01,6255,WV,"Morgantown, WV",Morgantown
1979-01-01,6669,WV,"Morgantown, WV",Morgantown
1980-01-01,7328,WV,"Morgantown, WV",Morgantown
1981-01-01,8141,WV,"Morgantown, WV",Morgantown
1982-01-01,8878,WV,"Morgantown, WV",Morgantown
1983-01-01,9436,WV,"Morgantown, WV",Morgantown
1984-01-01,10141,WV,"Morgantown, WV",Morgantown
1985-01-01,10811,WV,"Morgantown, WV",Morgantown
1986-01-01,11254,WV,"Morgantown, WV",Morgantown
1987-01-01,11812,WV,"Morgantown, WV",Morgantown
1988-01-01,13195,WV,"Morgantown, WV",Morgantown
1989-01-01,13922,WV,"Morgantown, WV",Morgantown
1990-01-01,15026,WV,"Morgantown, WV",Morgantown
1991-01-01,15708,WV,"Morgantown, WV",Morgantown
1992-01-01,16984,WV,"Morgantown, WV",Morgantown
1993-01-01,17317,WV,"Morgantown, WV",Morgantown
1994-01-01,18065,WV,"Morgantown, WV",Morgantown
1995-01-01,18488,WV,"Morgantown, WV",Morgantown
1996-01-01,19102,WV,"Morgantown, WV",Morgantown
1997-01-01,19554,WV,"Morgantown, WV",Morgantown
1998-01-01,20337,WV,"Morgantown, WV",Morgantown
1999-01-01,21188,WV,"Morgantown, WV",Morgantown
2000-01-01,22869,WV,"Morgantown, WV",Morgantown
2001-01-01,24070,WV,"Morgantown, WV",Morgantown
2002-01-01,25104,WV,"Morgantown, WV",Morgantown
2003-01-01,25178,WV,"Morgantown, WV",Morgantown
2004-01-01,26757,WV,"Morgantown, WV",Morgantown
2005-01-01,28525,WV,"Morgantown, WV",Morgantown
2006-01-01,29643,WV,"Morgantown, WV",Morgantown
2007-01-01,30358,WV,"Morgantown, WV",Morgantown
2008-01-01,32048,WV,"Morgantown, WV",Morgantown
2009-01-01,32761,WV,"Morgantown, WV",Morgantown
2010-01-01,35181,WV,"Morgantown, WV",Morgantown
2011-01-01,36219,WV,"Morgantown, WV",Morgantown
2012-01-01,36836,WV,"Morgantown, WV",Morgantown
2013-01-01,37065,WV,"Morgantown, WV",Morgantown
2014-01-01,38699,WV,"Morgantown, WV",Morgantown
2015-01-01,40386,WV,"Morgantown, WV",Morgantown
2016-01-01,39793,WV,"Morgantown, WV",Morgantown
2017-01-01,41668,WV,"Morgantown, WV",Morgantown
2018-01-01,43856,WV,"Morgantown, WV",Morgantown
2019-01-01,44753,WV,"Morgantown, WV",Morgantown
2020-01-01,46841,WV,"Morgantown, WV",Morgantown
1969-01-01,4662,CA,"Napa, CA",Napa
1970-01-01,4795,CA,"Napa, CA",Napa
1971-01-01,5097,CA,"Napa, CA",Napa
1972-01-01,5387,CA,"Napa, CA",Napa
1973-01-01,5797,CA,"Napa, CA",Napa
1974-01-01,6377,CA,"Napa, CA",Napa
1975-01-01,7207,CA,"Napa, CA",Napa
1976-01-01,7846,CA,"Napa, CA",Napa
1977-01-01,8571,CA,"Napa, CA",Napa
1978-01-01,9780,CA,"Napa, CA",Napa
1979-01-01,10687,CA,"Napa, CA",Napa
1980-01-01,11739,CA,"Napa, CA",Napa
1981-01-01,13312,CA,"Napa, CA",Napa
1982-01-01,14107,CA,"Napa, CA",Napa
1983-01-01,14960,CA,"Napa, CA",Napa
1984-01-01,16272,CA,"Napa, CA",Napa
1985-01-01,17358,CA,"Napa, CA",Napa
1986-01-01,18422,CA,"Napa, CA",Napa
1987-01-01,19121,CA,"Napa, CA",Napa
1988-01-01,20581,CA,"Napa, CA",Napa
1989-01-01,22235,CA,"Napa, CA",Napa
1990-01-01,23081,CA,"Napa, CA",Napa
1991-01-01,24199,CA,"Napa, CA",Napa
1992-01-01,24862,CA,"Napa, CA",Napa
1993-01-01,25737,CA,"Napa, CA",Napa
1994-01-01,26620,CA,"Napa, CA",Napa
1995-01-01,27637,CA,"Napa, CA",Napa
1996-01-01,29329,CA,"Napa, CA",Napa
1997-01-01,31025,CA,"Napa, CA",Napa
1998-01-01,32716,CA,"Napa, CA",Napa
1999-01-01,35405,CA,"Napa, CA",Napa
2000-01-01,38503,CA,"Napa, CA",Napa
2001-01-01,41048,CA,"Napa, CA",Napa
2002-01-01,41080,CA,"Napa, CA",Napa
2003-01-01,41136,CA,"Napa, CA",Napa
2004-01-01,41623,CA,"Napa, CA",Napa
2005-01-01,44064,CA,"Napa, CA",Napa
2006-01-01,46401,CA,"Napa, CA",Napa
2007-01-01,47853,CA,"Napa, CA",Napa
2008-01-01,47613,CA,"Napa, CA",Napa
2009-01-01,46018,CA,"Napa, CA",Napa
2010-01-01,46755,CA,"Napa, CA",Napa
2011-01-01,48461,CA,"Napa, CA",Napa
2012-01-01,53348,CA,"Napa, CA",Napa
2013-01-01,55129,CA,"Napa, CA",Napa
2014-01-01,59462,CA,"Napa, CA",Napa
2015-01-01,64005,CA,"Napa, CA",Napa
2016-01-01,67670,CA,"Napa, CA",Napa
2017-01-01,69528,CA,"Napa, CA",Napa
2018-01-01,70161,CA,"Napa, CA",Napa
2019-01-01,73886,CA,"Napa, CA",Napa
2020-01-01,82408,CA,"Napa, CA",Napa
1969-01-01,3295,NY,"Watertown-Fort Drum, NY",Watertown
1970-01-01,3535,NY,"Watertown-Fort Drum, NY",Watertown
1971-01-01,3758,NY,"Watertown-Fort Drum, NY",Watertown
1972-01-01,3902,NY,"Watertown-Fort Drum, NY",Watertown
1973-01-01,4215,NY,"Watertown-Fort Drum, NY",Watertown
1974-01-01,4606,NY,"Watertown-Fort Drum, NY",Watertown
1975-01-01,4998,NY,"Watertown-Fort Drum, NY",Watertown
1976-01-01,5309,NY,"Watertown-Fort Drum, NY",Watertown
1977-01-01,5635,NY,"Watertown-Fort Drum, NY",Watertown
1978-01-01,6255,NY,"Watertown-Fort Drum, NY",Watertown
1979-01-01,6929,NY,"Watertown-Fort Drum, NY",Watertown
1980-01-01,7797,NY,"Watertown-Fort Drum, NY",Watertown
1981-01-01,8557,NY,"Watertown-Fort Drum, NY",Watertown
1982-01-01,9442,NY,"Watertown-Fort Drum, NY",Watertown
1983-01-01,10062,NY,"Watertown-Fort Drum, NY",Watertown
1984-01-01,11080,NY,"Watertown-Fort Drum, NY",Watertown
1985-01-01,11894,NY,"Watertown-Fort Drum, NY",Watertown
1986-01-01,12836,NY,"Watertown-Fort Drum, NY",Watertown
1987-01-01,14268,NY,"Watertown-Fort Drum, NY",Watertown
1988-01-01,15237,NY,"Watertown-Fort Drum, NY",Watertown
1989-01-01,16323,NY,"Watertown-Fort Drum, NY",Watertown
1990-01-01,16606,NY,"Watertown-Fort Drum, NY",Watertown
1991-01-01,17238,NY,"Watertown-Fort Drum, NY",Watertown
1992-01-01,17962,NY,"Watertown-Fort Drum, NY",Watertown
1993-01-01,17930,NY,"Watertown-Fort Drum, NY",Watertown
1994-01-01,18124,NY,"Watertown-Fort Drum, NY",Watertown
1995-01-01,19087,NY,"Watertown-Fort Drum, NY",Watertown
1996-01-01,19738,NY,"Watertown-Fort Drum, NY",Watertown
1997-01-01,20509,NY,"Watertown-Fort Drum, NY",Watertown
1998-01-01,21624,NY,"Watertown-Fort Drum, NY",Watertown
1999-01-01,22715,NY,"Watertown-Fort Drum, NY",Watertown
2000-01-01,24089,NY,"Watertown-Fort Drum, NY",Watertown
2001-01-01,24389,NY,"Watertown-Fort Drum, NY",Watertown
2002-01-01,25698,NY,"Watertown-Fort Drum, NY",Watertown
2003-01-01,27569,NY,"Watertown-Fort Drum, NY",Watertown
2004-01-01,29466,NY,"Watertown-Fort Drum, NY",Watertown
2005-01-01,30972,NY,"Watertown-Fort Drum, NY",Watertown
2006-01-01,33518,NY,"Watertown-Fort Drum, NY",Watertown
2007-01-01,35379,NY,"Watertown-Fort Drum, NY",Watertown
2008-01-01,37849,NY,"Watertown-Fort Drum, NY",Watertown
2009-01-01,39509,NY,"Watertown-Fort Drum, NY",Watertown
2010-01-01,41482,NY,"Watertown-Fort Drum, NY",Watertown
2011-01-01,42867,NY,"Watertown-Fort Drum, NY",Watertown
2012-01-01,42425,NY,"Watertown-Fort Drum, NY",Watertown
2013-01-01,42249,NY,"Watertown-Fort Drum, NY",Watertown
2014-01-01,42700,NY,"Watertown-Fort Drum, NY",Watertown
2015-01-01,43304,NY,"Watertown-Fort Drum, NY",Watertown
2016-01-01,43926,NY,"Watertown-Fort Drum, NY",Watertown
2017-01-01,45368,NY,"Watertown-Fort Drum, NY",Watertown
2018-01-01,46375,NY,"Watertown-Fort Drum, NY",Watertown
2019-01-01,48896,NY,"Watertown-Fort Drum, NY",Watertown
2020-01-01,53964,NY,"Watertown-Fort Drum, NY",Watertown
1969-01-01,3255,PA,"Bloomsburg-Berwick, PA",Bloomsburg
1970-01-01,3488,PA,"Bloomsburg-Berwick, PA",Bloomsburg
1971-01-01,3655,PA,"Bloomsburg-Berwick, PA",Bloomsburg
1972-01-01,4080,PA,"Bloomsburg-Berwick, PA",Bloomsburg
1973-01-01,4577,PA,"Bloomsburg-Berwick, PA",Bloomsburg
1974-01-01,5021,PA,"Bloomsburg-Berwick, PA",Bloomsburg
1975-01-01,5364,PA,"Bloomsburg-Berwick, PA",Bloomsburg
1976-01-01,5847,PA,"Bloomsburg-Berwick, PA",Bloomsburg
1977-01-01,6323,PA,"Bloomsburg-Berwick, PA",Bloomsburg
1978-01-01,7020,PA,"Bloomsburg-Berwick, PA",Bloomsburg
1979-01-01,7796,PA,"Bloomsburg-Berwick, PA",Bloomsburg
1980-01-01,8369,PA,"Bloomsburg-Berwick, PA",Bloomsburg
1981-01-01,9270,PA,"Bloomsburg-Berwick, PA",Bloomsburg
1982-01-01,9919,PA,"Bloomsburg-Berwick, PA",Bloomsburg
1983-01-01,10504,PA,"Bloomsburg-Berwick, PA",Bloomsburg
1984-01-01,11403,PA,"Bloomsburg-Berwick, PA",Bloomsburg
1985-01-01,12277,PA,"Bloomsburg-Berwick, PA",Bloomsburg
1986-01-01,12904,PA,"Bloomsburg-Berwick, PA",Bloomsburg
1987-01-01,13623,PA,"Bloomsburg-Berwick, PA",Bloomsburg
1988-01-01,14554,PA,"Bloomsburg-Berwick, PA",Bloomsburg
1989-01-01,15740,PA,"Bloomsburg-Berwick, PA",Bloomsburg
1990-01-01,16256,PA,"Bloomsburg-Berwick, PA",Bloomsburg
1991-01-01,16977,PA,"Bloomsburg-Berwick, PA",Bloomsburg
1992-01-01,17904,PA,"Bloomsburg-Berwick, PA",Bloomsburg
1993-01-01,18446,PA,"Bloomsburg-Berwick, PA",Bloomsburg
1994-01-01,18924,PA,"Bloomsburg-Berwick, PA",Bloomsburg
1995-01-01,19500,PA,"Bloomsburg-Berwick, PA",Bloomsburg
1996-01-01,20194,PA,"Bloomsburg-Berwick, PA",Bloomsburg
1997-01-01,20877,PA,"Bloomsburg-Berwick, PA",Bloomsburg
1998-01-01,21844,PA,"Bloomsburg-Berwick, PA",Bloomsburg
1999-01-01,22428,PA,"Bloomsburg-Berwick, PA",Bloomsburg
2000-01-01,24016,PA,"Bloomsburg-Berwick, PA",Bloomsburg
2001-01-01,24872,PA,"Bloomsburg-Berwick, PA",Bloomsburg
2002-01-01,26275,PA,"Bloomsburg-Berwick, PA",Bloomsburg
2003-01-01,27299,PA,"Bloomsburg-Berwick, PA",Bloomsburg
2004-01-01,28141,PA,"Bloomsburg-Berwick, PA",Bloomsburg
2005-01-01,28908,PA,"Bloomsburg-Berwick, PA",Bloomsburg
2006-01-01,30222,PA,"Bloomsburg-Berwick, PA",Bloomsburg
2007-01-01,32239,PA,"Bloomsburg-Berwick, PA",Bloomsburg
2008-01-01,33778,PA,"Bloomsburg-Berwick, PA",Bloomsburg
2009-01-01,33190,PA,"Bloomsburg-Berwick, PA",Bloomsburg
2010-01-01,34881,PA,"Bloomsburg-Berwick, PA",Bloomsburg
2011-01-01,36687,PA,"Bloomsburg-Berwick, PA",Bloomsburg
2012-01-01,37597,PA,"Bloomsburg-Berwick, PA",Bloomsburg
2013-01-01,38455,PA,"Bloomsburg-Berwick, PA",Bloomsburg
2014-01-01,39230,PA,"Bloomsburg-Berwick, PA",Bloomsburg
2015-01-01,40797,PA,"Bloomsburg-Berwick, PA",Bloomsburg
2016-01-01,42143,PA,"Bloomsburg-Berwick, PA",Bloomsburg
2017-01-01,43846,PA,"Bloomsburg-Berwick, PA",Bloomsburg
2018-01-01,45463,PA,"Bloomsburg-Berwick, PA",Bloomsburg
2019-01-01,46776,PA,"Bloomsburg-Berwick, PA",Bloomsburg
2020-01-01,50771,PA,"Bloomsburg-Berwick, PA",Bloomsburg
1969-01-01,3548,ID,"Lewiston, ID-WA",Lewiston
1970-01-01,3760,ID,"Lewiston, ID-WA",Lewiston
1971-01-01,4056,ID,"Lewiston, ID-WA",Lewiston
1972-01-01,4384,ID,"Lewiston, ID-WA",Lewiston
1973-01-01,4909,ID,"Lewiston, ID-WA",Lewiston
1974-01-01,5679,ID,"Lewiston, ID-WA",Lewiston
1975-01-01,6209,ID,"Lewiston, ID-WA",Lewiston
1976-01-01,6660,ID,"Lewiston, ID-WA",Lewiston
1977-01-01,7213,ID,"Lewiston, ID-WA",Lewiston
1978-01-01,7992,ID,"Lewiston, ID-WA",Lewiston
1979-01-01,8744,ID,"Lewiston, ID-WA",Lewiston
1980-01-01,9590,ID,"Lewiston, ID-WA",Lewiston
1981-01-01,10368,ID,"Lewiston, ID-WA",Lewiston
1982-01-01,10966,ID,"Lewiston, ID-WA",Lewiston
1983-01-01,12101,ID,"Lewiston, ID-WA",Lewiston
1984-01-01,12461,ID,"Lewiston, ID-WA",Lewiston
1985-01-01,12721,ID,"Lewiston, ID-WA",Lewiston
1986-01-01,13275,ID,"Lewiston, ID-WA",Lewiston
1987-01-01,13616,ID,"Lewiston, ID-WA",Lewiston
1988-01-01,14599,ID,"Lewiston, ID-WA",Lewiston
1989-01-01,15614,ID,"Lewiston, ID-WA",Lewiston
1990-01-01,16570,ID,"Lewiston, ID-WA",Lewiston
1991-01-01,17182,ID,"Lewiston, ID-WA",Lewiston
1992-01-01,18381,ID,"Lewiston, ID-WA",Lewiston
1993-01-01,19490,ID,"Lewiston, ID-WA",Lewiston
1994-01-01,19962,ID,"Lewiston, ID-WA",Lewiston
1995-01-01,20500,ID,"Lewiston, ID-WA",Lewiston
1996-01-01,21495,ID,"Lewiston, ID-WA",Lewiston
1997-01-01,22307,ID,"Lewiston, ID-WA",Lewiston
1998-01-01,23504,ID,"Lewiston, ID-WA",Lewiston
1999-01-01,24380,ID,"Lewiston, ID-WA",Lewiston
2000-01-01,25518,ID,"Lewiston, ID-WA",Lewiston
2001-01-01,26579,ID,"Lewiston, ID-WA",Lewiston
2002-01-01,26693,ID,"Lewiston, ID-WA",Lewiston
2003-01-01,27508,ID,"Lewiston, ID-WA",Lewiston
2004-01-01,28608,ID,"Lewiston, ID-WA",Lewiston
2005-01-01,29005,ID,"Lewiston, ID-WA",Lewiston
2006-01-01,30635,ID,"Lewiston, ID-WA",Lewiston
2007-01-01,32749,ID,"Lewiston, ID-WA",Lewiston
2008-01-01,34329,ID,"Lewiston, ID-WA",Lewiston
2009-01-01,33738,ID,"Lewiston, ID-WA",Lewiston
2010-01-01,35073,ID,"Lewiston, ID-WA",Lewiston
2011-01-01,35852,ID,"Lewiston, ID-WA",Lewiston
2012-01-01,36606,ID,"Lewiston, ID-WA",Lewiston
2013-01-01,37413,ID,"Lewiston, ID-WA",Lewiston
2014-01-01,38672,ID,"Lewiston, ID-WA",Lewiston
2015-01-01,40035,ID,"Lewiston, ID-WA",Lewiston
2016-01-01,41011,ID,"Lewiston, ID-WA",Lewiston
2017-01-01,42851,ID,"Lewiston, ID-WA",Lewiston
2018-01-01,44434,ID,"Lewiston, ID-WA",Lewiston
2019-01-01,46255,ID,"Lewiston, ID-WA",Lewiston
2020-01-01,50092,ID,"Lewiston, ID-WA",Lewiston
